# .PCD v0.7 - Point Cloud Data file format
VERSION 0.7
FIELDS x y z normal_x normal_y normal_z rgb
SIZE 4 4 4 4 4 4 4
TYPE F F F F F F F
COUNT 1 1 1 1 1 1 1
WIDTH 2400
HEIGHT 1
VIEWPOINT 0 0 0 1 0 0 0
POINTS 2400
DATA ascii
0.226134 -42.108927 0.052067 -0.000000 -1.000000 0.000000 1.6119787838914282e-38
1.725313 -42.881230 0.205442 0.026621 -0.999646 0.000000 1.6119787838914282e-38
1.955876 -42.122202 0.183858 0.053222 -0.998583 0.000000 1.6119787838914282e-38
3.931316 -42.214598 -0.121202 0.079786 -0.996812 0.000000 1.6119787838914282e-38
4.370152 -42.334282 -0.153217 0.106293 -0.994335 0.000000 1.6119787838914282e-38
6.044968 -41.741304 -0.448970 0.132726 -0.991153 0.000000 1.6119787838914282e-38
6.771707 -41.940158 -0.234389 0.159063 -0.987268 0.000000 1.6119787838914282e-38
8.006246 -41.325820 0.267543 0.185289 -0.982684 0.000000 1.6119787838914282e-38
9.387882 -41.755184 0.010952 0.211383 -0.977403 0.000000 1.6119787838914282e-38
9.856690 -41.213941 0.098835 0.237327 -0.971430 0.000000 1.6119787838914282e-38
11.469810 -40.608587 0.206693 0.263103 -0.964768 0.000000 1.6119787838914282e-38
12.011357 -41.096088 0.156006 0.288692 -0.957422 0.000000 1.6119787838914282e-38
13.798417 -40.356836 -0.458218 0.314077 -0.949398 0.000000 1.6119787838914282e-38
15.043079 -39.832940 0.051342 0.339239 -0.940700 0.000000 1.6119787838914282e-38
15.126433 -39.576923 0.206065 0.364161 -0.931336 0.000000 1.6119787838914282e-38
16.675934 -39.359725 -0.017120 0.388824 -0.921312 0.000000 1.6119787838914282e-38
17.376716 -38.202729 0.268462 0.413212 -0.910635 0.000000 1.6119787838914282e-38
18.428261 -38.571306 0.083345 0.437307 -0.899312 0.000000 1.6119787838914282e-38
19.448586 -37.837955 -0.340564 0.461093 -0.887352 0.000000 1.6119787838914282e-38
20.289989 -37.128630 -0.080064 0.484551 -0.874763 0.000000 1.6119787838914282e-38
22.324751 -36.437772 -0.345509 0.507666 -0.861554 0.000000 1.6119787838914282e-38
22.082198 -35.909262 -0.119060 0.530421 -0.847734 0.000000 1.6119787838914282e-38
23.893445 -35.331282 -0.594756 0.552800 -0.833314 0.000000 1.6119787838914282e-38
24.122638 -34.980453 0.132611 0.574787 -0.818303 0.000000 1.6119787838914282e-38
25.029787 -34.069399 -0.400845 0.596367 -0.802712 0.000000 1.6119787838914282e-38
26.246652 -33.317433 0.438453 0.617525 -0.786552 0.000000 1.6119787838914282e-38
27.199050 -32.962965 0.447902 0.638244 -0.769834 0.000000 1.6119787838914282e-38
27.931780 -31.752188 -0.183869 0.658511 -0.752571 0.000000 1.6119787838914282e-38
28.855487 -31.468282 0.096678 0.678312 -0.734774 0.000000 1.6119787838914282e-38
29.890488 -30.597851 -0.165302 0.697632 -0.716457 0.000000 1.6119787838914282e-38
30.556457 -29.896844 -0.455383 0.716457 -0.697632 0.000000 1.6119787838914282e-38
31.333860 -28.860562 -0.038658 0.734774 -0.678312 0.000000 1.6119787838914282e-38
32.140579 -27.788509 -0.048301 0.752571 -0.658511 0.000000 1.6119787838914282e-38
32.381143 -27.316954 0.175489 0.769834 -0.638244 0.000000 1.6119787838914282e-38
33.469362 -26.409724 -0.235316 0.786552 -0.617525 0.000000 1.6119787838914282e-38
34.300591 -25.412108 0.225815 0.802712 -0.596367 0.000000 1.6119787838914282e-38
35.041669 -24.522317 0.284894 0.818303 -0.574787 0.000000 1.6119787838914282e-38
35.457364 -23.413675 -0.656625 0.833314 -0.552800 0.000000 1.6119787838914282e-38
35.737437 -22.817897 -0.095596 0.847734 -0.530421 0.000000 1.6119787838914282e-38
36.650354 -21.529221 0.085724 0.861554 -0.507666 0.000000 1.6119787838914282e-38
36.971948 -20.386003 0.542787 0.874763 -0.484551 0.000000 1.6119787838914282e-38
37.606466 -19.795532 -0.205600 0.887352 -0.461093 0.000000 1.6119787838914282e-38
38.246406 -18.743290 -0.519099 0.899312 -0.437307 0.000000 1.6119787838914282e-38
38.264952 -17.255461 0.384538 0.910635 -0.413212 0.000000 1.6119787838914282e-38
39.635726 -16.457136 -0.297272 0.921312 -0.388824 0.000000 1.6119787838914282e-38
39.450383 -15.924241 -0.458968 0.931336 -0.364161 0.000000 1.6119787838914282e-38
40.056340 -14.255948 0.587512 0.940700 -0.339239 0.000000 1.6119787838914282e-38
40.324470 -13.755611 -0.036576 0.949398 -0.314077 0.000000 1.6119787838914282e-38
40.605699 -12.416777 0.103125 0.957422 -0.288692 0.000000 1.6119787838914282e-38
40.638293 -11.142643 0.195469 0.964768 -0.263103 0.000000 1.6119787838914282e-38
41.711692 -9.993272 0.312936 0.971430 -0.237327 0.000000 1.6119787838914282e-38
41.406475 -9.075049 0.404354 0.977403 -0.211383 0.000000 1.6119787838914282e-38
41.352600 -7.995713 0.338534 0.982684 -0.185289 0.000000 1.6119787838914282e-38
41.895572 -6.845879 -0.079600 0.987268 -0.159063 0.000000 1.6119787838914282e-38
42.159141 -5.315010 0.277269 0.991153 -0.132726 0.000000 1.6119787838914282e-38
42.262666 -4.189757 0.102538 0.994335 -0.106293 0.000000 1.6119787838914282e-38
42.622246 -3.699420 0.521566 0.996812 -0.079786 0.000000 1.6119787838914282e-38
42.505828 -3.086435 0.497858 0.998583 -0.053222 0.000000 1.6119787838914282e-38
42.486455 -1.250020 -0.181705 0.999646 -0.026621 0.000000 1.6119787838914282e-38
42.631851 -0.266517 -0.173072 1.000000 -0.000000 0.000000 1.6119787838914282e-38
-0.165863 -42.611994 2.922361 -0.000000 -1.000000 0.000000 1.6119787838914282e-38
1.387864 -42.427931 3.194834 0.026621 -0.999646 0.000000 1.6119787838914282e-38
2.446417 -42.491979 2.770830 0.053222 -0.998583 0.000000 1.6119787838914282e-38
3.934402 -42.110493 3.560771 0.079786 -0.996812 0.000000 1.6119787838914282e-38
4.830420 -42.421523 2.372530 0.106293 -0.994335 0.000000 1.6119787838914282e-38
5.275334 -41.957144 3.046399 0.132726 -0.991153 0.000000 1.6119787838914282e-38
6.638112 -42.731582 3.072985 0.159063 -0.987268 0.000000 1.6119787838914282e-38
7.554743 -42.005289 3.331954 0.185289 -0.982684 0.000000 1.6119787838914282e-38
8.680160 -41.843521 3.132597 0.211383 -0.977403 0.000000 1.6119787838914282e-38
10.353865 -41.430208 3.517088 0.237327 -0.971430 0.000000 1.6119787838914282e-38
10.804657 -41.462314 2.615137 0.263103 -0.964768 0.000000 1.6119787838914282e-38
11.780774 -40.612757 2.783586 0.288692 -0.957422 0.000000 1.6119787838914282e-38
12.932841 -40.258549 3.324108 0.314077 -0.949398 0.000000 1.6119787838914282e-38
14.741160 -39.740054 2.801492 0.339239 -0.940700 0.000000 1.6119787838914282e-38
15.568508 -39.455376 2.934458 0.364161 -0.931336 0.000000 1.6119787838914282e-38
16.583909 -39.553651 2.888643 0.388824 -0.921312 0.000000 1.6119787838914282e-38
17.683103 -38.271862 3.422355 0.413212 -0.910635 0.000000 1.6119787838914282e-38
18.794454 -38.218727 3.054354 0.437307 -0.899312 0.000000 1.6119787838914282e-38
19.173365 -37.984696 2.836067 0.461093 -0.887352 0.000000 1.6119787838914282e-38
20.777624 -36.915221 3.297895 0.484551 -0.874763 0.000000 1.6119787838914282e-38
21.942943 -36.615324 2.782044 0.507666 -0.861554 0.000000 1.6119787838914282e-38
22.540809 -36.266781 3.274281 0.530421 -0.847734 0.000000 1.6119787838914282e-38
23.399721 -35.465667 3.285010 0.552800 -0.833314 0.000000 1.6119787838914282e-38
24.220116 -34.508576 2.672644 0.574787 -0.818303 0.000000 1.6119787838914282e-38
25.452082 -34.162036 3.325126 0.596367 -0.802712 0.000000 1.6119787838914282e-38
25.847502 -33.906808 3.301936 0.617525 -0.786552 0.000000 1.6119787838914282e-38
27.023623 -32.763907 2.878998 0.638244 -0.769834 0.000000 1.6119787838914282e-38
28.276592 -31.912796 3.149122 0.658511 -0.752571 0.000000 1.6119787838914282e-38
28.493864 -31.095320 2.779259 0.678312 -0.734774 0.000000 1.6119787838914282e-38
29.468740 -30.876440 3.029961 0.697632 -0.716457 0.000000 1.6119787838914282e-38
30.786178 -29.598298 2.944377 0.716457 -0.697632 0.000000 1.6119787838914282e-38
31.278515 -28.813666 3.096744 0.734774 -0.678312 0.000000 1.6119787838914282e-38
32.055761 -28.314747 3.108885 0.752571 -0.658511 0.000000 1.6119787838914282e-38
32.210092 -26.968213 2.746098 0.769834 -0.638244 0.000000 1.6119787838914282e-38
33.800850 -26.993385 3.579251 0.786552 -0.617525 0.000000 1.6119787838914282e-38
33.643001 -25.720097 3.166640 0.802712 -0.596367 0.000000 1.6119787838914282e-38
34.983384 -24.527460 3.344705 0.818303 -0.574787 0.000000 1.6119787838914282e-38
35.197142 -23.627355 2.986300 0.833314 -0.552800 0.000000 1.6119787838914282e-38
35.887811 -23.136042 3.069523 0.847734 -0.530421 0.000000 1.6119787838914282e-38
36.602499 -21.264688 2.691140 0.861554 -0.507666 0.000000 1.6119787838914282e-38
37.006883 -20.244149 3.164910 0.874763 -0.484551 0.000000 1.6119787838914282e-38
37.898858 -19.471615 3.214285 0.887352 -0.461093 0.000000 1.6119787838914282e-38
38.788952 -18.568734 2.773520 0.899312 -0.437307 0.000000 1.6119787838914282e-38
38.915764 -17.741533 3.043942 0.910635 -0.413212 0.000000 1.6119787838914282e-38
39.289220 -16.780890 2.923835 0.921312 -0.388824 0.000000 1.6119787838914282e-38
39.747192 -15.650274 3.368939 0.931336 -0.364161 0.000000 1.6119787838914282e-38
39.706792 -14.722759 3.648740 0.940700 -0.339239 0.000000 1.6119787838914282e-38
39.913420 -13.363914 3.632368 0.949398 -0.314077 0.000000 1.6119787838914282e-38
40.705144 -11.872398 3.272666 0.957422 -0.288692 0.000000 1.6119787838914282e-38
41.023937 -11.227451 2.441128 0.964768 -0.263103 0.000000 1.6119787838914282e-38
41.213662 -10.022491 3.146422 0.971430 -0.237327 0.000000 1.6119787838914282e-38
42.303172 -8.904615 3.265967 0.977403 -0.211383 0.000000 1.6119787838914282e-38
42.137463 -7.717127 3.051108 0.982684 -0.185289 0.000000 1.6119787838914282e-38
41.958559 -6.869263 3.210186 0.987268 -0.159063 0.000000 1.6119787838914282e-38
42.097004 -5.456582 2.774197 0.991153 -0.132726 0.000000 1.6119787838914282e-38
42.327466 -4.054438 3.009536 0.994335 -0.106293 0.000000 1.6119787838914282e-38
42.941653 -3.343748 3.059971 0.996812 -0.079786 0.000000 1.6119787838914282e-38
42.499036 -2.356664 2.482756 0.998583 -0.053222 0.000000 1.6119787838914282e-38
42.773303 -0.474206 3.221052 0.999646 -0.026621 0.000000 1.6119787838914282e-38
42.686716 -0.054778 3.424260 1.000000 -0.000000 0.000000 1.6119787838914282e-38
-0.011781 -42.516957 5.684281 -0.000000 -1.000000 0.000000 1.6119787838914282e-38
0.975155 -42.471821 6.426010 0.026621 -0.999646 0.000000 1.6119787838914282e-38
2.547593 -43.010504 5.710512 0.053222 -0.998583 0.000000 1.6119787838914282e-38
3.573900 -42.685366 6.422224 0.079786 -0.996812 0.000000 1.6119787838914282e-38
4.038746 -42.385325 6.143575 0.106293 -0.994335 0.000000 1.6119787838914282e-38
5.797866 -42.529607 5.563817 0.132726 -0.991153 0.000000 1.6119787838914282e-38
6.827029 -41.896862 6.456083 0.159063 -0.987268 0.000000 1.6119787838914282e-38
7.785201 -41.626812 6.299578 0.185289 -0.982684 0.000000 1.6119787838914282e-38
9.401013 -41.651189 5.634876 0.211383 -0.977403 0.000000 1.6119787838914282e-38
10.089137 -41.353583 6.309304 0.237327 -0.971430 0.000000 1.6119787838914282e-38
10.747608 -41.189949 6.414277 0.263103 -0.964768 0.000000 1.6119787838914282e-38
12.266221 -40.875145 6.725744 0.288692 -0.957422 0.000000 1.6119787838914282e-38
13.057763 -40.071660 6.460221 0.314077 -0.949398 0.000000 1.6119787838914282e-38
14.383050 -40.080992 6.142909 0.339239 -0.940700 0.000000 1.6119787838914282e-38
15.566777 -39.850604 6.025402 0.364161 -0.931336 0.000000 1.6119787838914282e-38
16.456224 -39.342229 6.060619 0.388824 -0.921312 0.000000 1.6119787838914282e-38
16.929403 -38.761127 5.995606 0.413212 -0.910635 0.000000 1.6119787838914282e-38
18.067990 -38.413125 6.039559 0.437307 -0.899312 0.000000 1.6119787838914282e-38
20.023787 -37.960414 6.354183 0.461093 -0.887352 0.000000 1.6119787838914282e-38
21.055317 -37.450811 6.139597 0.484551 -0.874763 0.000000 1.6119787838914282e-38
22.143710 -36.631032 6.265971 0.507666 -0.861554 0.000000 1.6119787838914282e-38
22.472229 -35.904932 6.141953 0.530421 -0.847734 0.000000 1.6119787838914282e-38
22.998062 -35.603345 5.798893 0.552800 -0.833314 0.000000 1.6119787838914282e-38
24.517962 -35.132396 6.297285 0.574787 -0.818303 0.000000 1.6119787838914282e-38
25.416963 -34.567609 6.006085 0.596367 -0.802712 0.000000 1.6119787838914282e-38
26.490941 -33.160435 5.883120 0.617525 -0.786552 0.000000 1.6119787838914282e-38
26.858134 -32.207417 6.150916 0.638244 -0.769834 0.000000 1.6119787838914282e-38
28.078131 -32.279167 6.218412 0.658511 -0.752571 0.000000 1.6119787838914282e-38
29.408661 -31.222955 6.473335 0.678312 -0.734774 0.000000 1.6119787838914282e-38
29.725791 -30.826737 5.948875 0.697632 -0.716457 0.000000 1.6119787838914282e-38
30.183655 -29.651760 6.521013 0.716457 -0.697632 0.000000 1.6119787838914282e-38
31.347568 -28.986467 5.916954 0.734774 -0.678312 0.000000 1.6119787838914282e-38
32.163983 -28.422130 5.813616 0.752571 -0.658511 0.000000 1.6119787838914282e-38
33.062762 -27.270687 6.064610 0.769834 -0.638244 0.000000 1.6119787838914282e-38
33.454114 -26.087011 6.203497 0.786552 -0.617525 0.000000 1.6119787838914282e-38
33.970282 -25.615661 6.095313 0.802712 -0.596367 0.000000 1.6119787838914282e-38
34.948010 -24.494943 6.116499 0.818303 -0.574787 0.000000 1.6119787838914282e-38
35.510661 -23.558560 5.919731 0.833314 -0.552800 0.000000 1.6119787838914282e-38
36.443163 -22.739098 6.192612 0.847734 -0.530421 0.000000 1.6119787838914282e-38
36.081625 -21.689655 5.823969 0.861554 -0.507666 0.000000 1.6119787838914282e-38
36.968684 -19.913817 6.228704 0.874763 -0.484551 0.000000 1.6119787838914282e-38
38.166452 -19.384623 6.448819 0.887352 -0.461093 0.000000 1.6119787838914282e-38
38.248388 -18.146113 6.407852 0.899312 -0.437307 0.000000 1.6119787838914282e-38
38.802822 -17.522663 6.112826 0.910635 -0.413212 0.000000 1.6119787838914282e-38
39.260911 -16.575871 6.268306 0.921312 -0.388824 0.000000 1.6119787838914282e-38
40.194234 -15.873757 6.496553 0.931336 -0.364161 0.000000 1.6119787838914282e-38
39.960655 -14.069701 6.053813 0.940700 -0.339239 0.000000 1.6119787838914282e-38
40.565433 -13.426418 5.634669 0.949398 -0.314077 0.000000 1.6119787838914282e-38
41.305117 -12.580272 6.179011 0.957422 -0.288692 0.000000 1.6119787838914282e-38
40.780609 -11.608513 6.092364 0.964768 -0.263103 0.000000 1.6119787838914282e-38
41.202065 -10.460079 6.143216 0.971430 -0.237327 0.000000 1.6119787838914282e-38
41.190000 -8.966649 6.115648 0.977403 -0.211383 0.000000 1.6119787838914282e-38
41.115395 -8.049700 6.294369 0.982684 -0.185289 0.000000 1.6119787838914282e-38
41.735728 -6.622110 6.283650 0.987268 -0.159063 0.000000 1.6119787838914282e-38
41.914943 -5.657410 6.401343 0.991153 -0.132726 0.000000 1.6119787838914282e-38
42.092875 -4.589540 6.498918 0.994335 -0.106293 0.000000 1.6119787838914282e-38
42.204034 -3.260911 5.830089 0.996812 -0.079786 0.000000 1.6119787838914282e-38
42.488461 -2.133094 5.432488 0.998583 -0.053222 0.000000 1.6119787838914282e-38
42.421730 -1.005158 6.221599 0.999646 -0.026621 0.000000 1.6119787838914282e-38
42.440410 -0.331375 6.342386 1.000000 -0.000000 0.000000 1.6119787838914282e-38
-0.096722 -42.554332 9.344836 -0.000000 -1.000000 0.000000 1.6119787838914282e-38
1.002948 -42.381029 9.052486 0.026621 -0.999646 0.000000 1.6119787838914282e-38
2.630678 -42.261004 9.545804 0.053222 -0.998583 0.000000 1.6119787838914282e-38
3.354129 -41.817628 9.276323 0.079786 -0.996812 0.000000 1.6119787838914282e-38
4.612955 -42.482549 8.891839 0.106293 -0.994335 0.000000 1.6119787838914282e-38
6.058283 -42.511725 9.506653 0.132726 -0.991153 0.000000 1.6119787838914282e-38
7.142730 -41.993070 9.023178 0.159063 -0.987268 0.000000 1.6119787838914282e-38
7.812828 -42.781361 9.195829 0.185289 -0.982684 0.000000 1.6119787838914282e-38
9.270643 -41.823907 9.053745 0.211383 -0.977403 0.000000 1.6119787838914282e-38
10.048783 -41.132871 9.214460 0.237327 -0.971430 0.000000 1.6119787838914282e-38
11.796573 -41.384112 9.295939 0.263103 -0.964768 0.000000 1.6119787838914282e-38
12.202304 -40.276748 9.284681 0.288692 -0.957422 0.000000 1.6119787838914282e-38
14.055132 -40.682345 9.689043 0.314077 -0.949398 0.000000 1.6119787838914282e-38
14.526985 -39.933777 8.864856 0.339239 -0.940700 0.000000 1.6119787838914282e-38
15.660712 -40.105496 9.307898 0.364161 -0.931336 0.000000 1.6119787838914282e-38
16.154249 -39.384771 9.559453 0.388824 -0.921312 0.000000 1.6119787838914282e-38
17.815838 -39.270623 8.661253 0.413212 -0.910635 0.000000 1.6119787838914282e-38
18.829950 -37.942399 8.941585 0.437307 -0.899312 0.000000 1.6119787838914282e-38
20.326141 -37.907797 8.643161 0.461093 -0.887352 0.000000 1.6119787838914282e-38
20.230749 -37.137089 9.269640 0.484551 -0.874763 0.000000 1.6119787838914282e-38
22.131102 -37.163250 9.266318 0.507666 -0.861554 0.000000 1.6119787838914282e-38
22.660515 -36.256370 9.115987 0.530421 -0.847734 0.000000 1.6119787838914282e-38
23.505668 -35.545057 9.321544 0.552800 -0.833314 0.000000 1.6119787838914282e-38
24.629504 -34.594410 8.870386 0.574787 -0.818303 0.000000 1.6119787838914282e-38
24.932078 -33.985095 8.947712 0.596367 -0.802712 0.000000 1.6119787838914282e-38
26.265534 -33.783489 9.040716 0.617525 -0.786552 0.000000 1.6119787838914282e-38
26.826995 -33.056577 9.425569 0.638244 -0.769834 0.000000 1.6119787838914282e-38
28.129068 -31.996918 9.081945 0.658511 -0.752571 0.000000 1.6119787838914282e-38
29.246936 -31.540544 8.598202 0.678312 -0.734774 0.000000 1.6119787838914282e-38
29.896366 -30.375338 9.062998 0.697632 -0.716457 0.000000 1.6119787838914282e-38
30.965315 -30.056587 9.431987 0.716457 -0.697632 0.000000 1.6119787838914282e-38
31.911468 -28.965063 9.162824 0.734774 -0.678312 0.000000 1.6119787838914282e-38
32.116569 -27.641759 9.351604 0.752571 -0.658511 0.000000 1.6119787838914282e-38
33.528980 -27.180699 9.034630 0.769834 -0.638244 0.000000 1.6119787838914282e-38
33.424807 -26.360895 8.618372 0.786552 -0.617525 0.000000 1.6119787838914282e-38
34.147688 -25.611422 9.302706 0.802712 -0.596367 0.000000 1.6119787838914282e-38
35.538751 -24.537287 8.653972 0.818303 -0.574787 0.000000 1.6119787838914282e-38
35.323279 -23.535792 9.258668 0.833314 -0.552800 0.000000 1.6119787838914282e-38
36.700802 -22.370463 9.509804 0.847734 -0.530421 0.000000 1.6119787838914282e-38
36.738673 -21.356699 8.961992 0.861554 -0.507666 0.000000 1.6119787838914282e-38
37.658562 -20.783739 8.796371 0.874763 -0.484551 0.000000 1.6119787838914282e-38
38.083820 -19.277657 9.108789 0.887352 -0.461093 0.000000 1.6119787838914282e-38
38.885587 -19.177649 8.871731 0.899312 -0.437307 0.000000 1.6119787838914282e-38
38.856420 -17.762801 9.030629 0.910635 -0.413212 0.000000 1.6119787838914282e-38
39.396650 -16.768344 9.123077 0.921312 -0.388824 0.000000 1.6119787838914282e-38
39.868287 -15.756449 9.198964 0.931336 -0.364161 0.000000 1.6119787838914282e-38
39.991112 -14.853270 9.459880 0.940700 -0.339239 0.000000 1.6119787838914282e-38
41.068645 -13.097337 9.330284 0.949398 -0.314077 0.000000 1.6119787838914282e-38
40.706635 -12.418400 9.547876 0.957422 -0.288692 0.000000 1.6119787838914282e-38
40.528446 -11.348177 9.451004 0.964768 -0.263103 0.000000 1.6119787838914282e-38
41.155996 -10.011090 9.343866 0.971430 -0.237327 0.000000 1.6119787838914282e-38
41.316356 -9.003736 9.045536 0.977403 -0.211383 0.000000 1.6119787838914282e-38
42.103068 -7.714215 9.350451 0.982684 -0.185289 0.000000 1.6119787838914282e-38
42.195844 -6.708203 8.877950 0.987268 -0.159063 0.000000 1.6119787838914282e-38
42.330778 -5.908706 9.540231 0.991153 -0.132726 0.000000 1.6119787838914282e-38
42.680902 -4.336518 9.744817 0.994335 -0.106293 0.000000 1.6119787838914282e-38
42.482759 -3.573000 9.124688 0.996812 -0.079786 0.000000 1.6119787838914282e-38
42.176721 -2.730616 9.417100 0.998583 -0.053222 0.000000 1.6119787838914282e-38
42.284256 -1.459648 9.200253 0.999646 -0.026621 0.000000 1.6119787838914282e-38
42.594268 0.265696 9.248908 1.000000 -0.000000 0.000000 1.6119787838914282e-38
-0.239541 -42.594487 12.526330 -0.000000 -1.000000 0.000000 1.6119787838914282e-38
0.718352 -42.795098 12.093169 0.026621 -0.999646 0.000000 1.6119787838914282e-38
2.060054 -42.264340 12.344974 0.053222 -0.998583 0.000000 1.6119787838914282e-38
3.356444 -42.723771 12.569964 0.079786 -0.996812 0.000000 1.6119787838914282e-38
4.348019 -42.802274 12.504694 0.106293 -0.994335 0.000000 1.6119787838914282e-38
5.237147 -42.209326 11.826138 0.132726 -0.991153 0.000000 1.6119787838914282e-38
6.747863 -42.819618 11.990817 0.159063 -0.987268 0.000000 1.6119787838914282e-38
8.335588 -41.830031 12.653089 0.185289 -0.982684 0.000000 1.6119787838914282e-38
8.630654 -42.232216 12.409654 0.211383 -0.977403 0.000000 1.6119787838914282e-38
10.392583 -41.900574 12.134016 0.237327 -0.971430 0.000000 1.6119787838914282e-38
10.944006 -40.877539 12.165206 0.263103 -0.964768 0.000000 1.6119787838914282e-38
12.390224 -41.034886 12.639378 0.288692 -0.957422 0.000000 1.6119787838914282e-38
13.183747 -40.365365 11.924076 0.314077 -0.949398 0.000000 1.6119787838914282e-38
14.898306 -40.857440 12.276326 0.339239 -0.940700 0.000000 1.6119787838914282e-38
16.105013 -39.732085 12.434065 0.364161 -0.931336 0.000000 1.6119787838914282e-38
16.360580 -39.731804 12.711011 0.388824 -0.921312 0.000000 1.6119787838914282e-38
17.862710 -38.786387 12.329830 0.413212 -0.910635 0.000000 1.6119787838914282e-38
18.669832 -38.337881 12.385498 0.437307 -0.899312 0.000000 1.6119787838914282e-38
19.723414 -38.479163 12.593865 0.461093 -0.887352 0.000000 1.6119787838914282e-38
20.912445 -37.696948 12.661468 0.484551 -0.874763 0.000000 1.6119787838914282e-38
21.844887 -36.869569 12.572861 0.507666 -0.861554 0.000000 1.6119787838914282e-38
22.948231 -36.267817 12.251117 0.530421 -0.847734 0.000000 1.6119787838914282e-38
24.302470 -35.957622 12.531484 0.552800 -0.833314 0.000000 1.6119787838914282e-38
24.625162 -34.957300 12.677719 0.574787 -0.818303 0.000000 1.6119787838914282e-38
25.482323 -34.244522 12.387359 0.596367 -0.802712 0.000000 1.6119787838914282e-38
26.290756 -33.354602 12.521049 0.617525 -0.786552 0.000000 1.6119787838914282e-38
27.241360 -32.684004 12.058266 0.638244 -0.769834 0.000000 1.6119787838914282e-38
28.232223 -32.403500 12.533086 0.658511 -0.752571 0.000000 1.6119787838914282e-38
28.946161 -31.283962 12.486030 0.678312 -0.734774 0.000000 1.6119787838914282e-38
29.806034 -30.177032 12.084122 0.697632 -0.716457 0.000000 1.6119787838914282e-38
30.303243 -29.661779 11.662870 0.716457 -0.697632 0.000000 1.6119787838914282e-38
31.959052 -29.059539 11.879597 0.734774 -0.678312 0.000000 1.6119787838914282e-38
31.990193 -28.731130 12.422557 0.752571 -0.658511 0.000000 1.6119787838914282e-38
32.617008 -27.221098 12.216245 0.769834 -0.638244 0.000000 1.6119787838914282e-38
33.589422 -26.330342 12.494746 0.786552 -0.617525 0.000000 1.6119787838914282e-38
34.768813 -25.765930 12.298749 0.802712 -0.596367 0.000000 1.6119787838914282e-38
34.903116 -24.601423 12.074205 0.818303 -0.574787 0.000000 1.6119787838914282e-38
35.610252 -23.833071 12.395701 0.833314 -0.552800 0.000000 1.6119787838914282e-38
36.356805 -22.595728 12.275593 0.847734 -0.530421 0.000000 1.6119787838914282e-38
36.774662 -21.714359 12.032537 0.861554 -0.507666 0.000000 1.6119787838914282e-38
37.685817 -20.866077 12.369048 0.874763 -0.484551 0.000000 1.6119787838914282e-38
38.120968 -19.293939 12.422167 0.887352 -0.461093 0.000000 1.6119787838914282e-38
38.589845 -18.962063 12.548408 0.899312 -0.437307 0.000000 1.6119787838914282e-38
38.972400 -18.178652 12.249166 0.910635 -0.413212 0.000000 1.6119787838914282e-38
39.568811 -16.920656 12.272238 0.921312 -0.388824 0.000000 1.6119787838914282e-38
39.919817 -15.634154 12.678085 0.931336 -0.364161 0.000000 1.6119787838914282e-38
39.949382 -13.938449 12.297842 0.940700 -0.339239 0.000000 1.6119787838914282e-38
40.889907 -13.431136 11.789885 0.949398 -0.314077 0.000000 1.6119787838914282e-38
40.743006 -12.538119 12.605808 0.957422 -0.288692 0.000000 1.6119787838914282e-38
40.959716 -11.540132 12.357148 0.964768 -0.263103 0.000000 1.6119787838914282e-38
41.802577 -10.045171 12.012491 0.971430 -0.237327 0.000000 1.6119787838914282e-38
41.437502 -8.903632 12.737629 0.977403 -0.211383 0.000000 1.6119787838914282e-38
42.039778 -8.289694 12.178728 0.982684 -0.185289 0.000000 1.6119787838914282e-38
42.458186 -6.891536 12.729850 0.987268 -0.159063 0.000000 1.6119787838914282e-38
42.784048 -5.636762 11.721395 0.991153 -0.132726 0.000000 1.6119787838914282e-38
42.435340 -4.722907 12.083708 0.994335 -0.106293 0.000000 1.6119787838914282e-38
42.806503 -3.358272 11.805470 0.996812 -0.079786 0.000000 1.6119787838914282e-38
43.066574 -2.277648 12.414985 0.998583 -0.053222 0.000000 1.6119787838914282e-38
43.094226 -1.371738 12.685364 0.999646 -0.026621 0.000000 1.6119787838914282e-38
42.843439 0.453764 12.039513 1.000000 -0.000000 0.000000 1.6119787838914282e-38
0.431474 -43.371349 16.149250 -0.000000 -1.000000 0.000000 1.6119787838914282e-38
0.861798 -42.767904 15.275897 0.026621 -0.999646 0.000000 1.6119787838914282e-38
2.508391 -43.051226 15.057246 0.053222 -0.998583 0.000000 1.6119787838914282e-38
2.599744 -42.210476 15.406523 0.079786 -0.996812 0.000000 1.6119787838914282e-38
3.698207 -42.765201 15.591491 0.106293 -0.994335 0.000000 1.6119787838914282e-38
5.505966 -42.931346 15.378663 0.132726 -0.991153 0.000000 1.6119787838914282e-38
7.216439 -42.521430 15.823583 0.159063 -0.987268 0.000000 1.6119787838914282e-38
8.325338 -42.422473 14.913458 0.185289 -0.982684 0.000000 1.6119787838914282e-38
9.042622 -41.968292 15.402583 0.211383 -0.977403 0.000000 1.6119787838914282e-38
10.419145 -41.609752 15.543873 0.237327 -0.971430 0.000000 1.6119787838914282e-38
11.257163 -41.425679 16.055261 0.263103 -0.964768 0.000000 1.6119787838914282e-38
11.995704 -41.118851 15.934216 0.288692 -0.957422 0.000000 1.6119787838914282e-38
13.184378 -40.618853 15.725031 0.314077 -0.949398 0.000000 1.6119787838914282e-38
14.178194 -40.330618 15.303221 0.339239 -0.940700 0.000000 1.6119787838914282e-38
15.677243 -40.238219 15.778422 0.364161 -0.931336 0.000000 1.6119787838914282e-38
16.724746 -39.847682 15.250703 0.388824 -0.921312 0.000000 1.6119787838914282e-38
17.707212 -39.572360 15.242975 0.413212 -0.910635 0.000000 1.6119787838914282e-38
18.883314 -38.639177 15.745827 0.437307 -0.899312 0.000000 1.6119787838914282e-38
19.945452 -38.387352 15.081303 0.461093 -0.887352 0.000000 1.6119787838914282e-38
20.972563 -37.737635 15.359320 0.484551 -0.874763 0.000000 1.6119787838914282e-38
21.959233 -36.977297 15.465536 0.507666 -0.861554 0.000000 1.6119787838914282e-38
22.810067 -36.777899 15.200780 0.530421 -0.847734 0.000000 1.6119787838914282e-38
24.080246 -36.043034 14.980803 0.552800 -0.833314 0.000000 1.6119787838914282e-38
25.121298 -35.551689 15.395190 0.574787 -0.818303 0.000000 1.6119787838914282e-38
25.850874 -34.596030 14.641174 0.596367 -0.802712 0.000000 1.6119787838914282e-38
26.732553 -33.502554 15.620575 0.617525 -0.786552 0.000000 1.6119787838914282e-38
26.871225 -32.541790 14.986860 0.638244 -0.769834 0.000000 1.6119787838914282e-38
28.058416 -32.201353 15.520468 0.658511 -0.752571 0.000000 1.6119787838914282e-38
29.259445 -31.839701 15.783872 0.678312 -0.734774 0.000000 1.6119787838914282e-38
30.056228 -31.349141 15.754305 0.697632 -0.716457 0.000000 1.6119787838914282e-38
30.945181 -29.733524 15.556380 0.716457 -0.697632 0.000000 1.6119787838914282e-38
32.386366 -29.328336 15.389443 0.734774 -0.678312 0.000000 1.6119787838914282e-38
32.651865 -28.473080 15.625407 0.752571 -0.658511 0.000000 1.6119787838914282e-38
32.295739 -27.530258 15.353718 0.769834 -0.638244 0.000000 1.6119787838914282e-38
33.858729 -26.878484 15.656452 0.786552 -0.617525 0.000000 1.6119787838914282e-38
34.445662 -25.643443 15.373466 0.802712 -0.596367 0.000000 1.6119787838914282e-38
35.419085 -24.344138 15.443147 0.818303 -0.574787 0.000000 1.6119787838914282e-38
36.168377 -23.782307 15.232813 0.833314 -0.552800 0.000000 1.6119787838914282e-38
36.495017 -22.946286 15.555064 0.847734 -0.530421 0.000000 1.6119787838914282e-38
37.165109 -22.118754 15.318027 0.861554 -0.507666 0.000000 1.6119787838914282e-38
37.244649 -20.939598 15.385007 0.874763 -0.484551 0.000000 1.6119787838914282e-38
38.787546 -19.468622 15.074393 0.887352 -0.461093 0.000000 1.6119787838914282e-38
38.821022 -18.782220 15.315484 0.899312 -0.437307 0.000000 1.6119787838914282e-38
39.198493 -17.915694 15.946428 0.910635 -0.413212 0.000000 1.6119787838914282e-38
39.583833 -16.656101 14.625906 0.921312 -0.388824 0.000000 1.6119787838914282e-38
40.387803 -15.340100 15.069006 0.931336 -0.364161 0.000000 1.6119787838914282e-38
40.390760 -14.485796 15.390454 0.940700 -0.339239 0.000000 1.6119787838914282e-38
41.059094 -13.622927 15.943595 0.949398 -0.314077 0.000000 1.6119787838914282e-38
41.064115 -11.635195 15.757193 0.957422 -0.288692 0.000000 1.6119787838914282e-38
41.831278 -11.651904 15.657520 0.964768 -0.263103 0.000000 1.6119787838914282e-38
42.049960 -10.864700 14.963235 0.971430 -0.237327 0.000000 1.6119787838914282e-38
42.233525 -9.150614 15.229672 0.977403 -0.211383 0.000000 1.6119787838914282e-38
42.677522 -8.251106 15.248043 0.982684 -0.185289 0.000000 1.6119787838914282e-38
42.357309 -6.702610 14.868778 0.987268 -0.159063 0.000000 1.6119787838914282e-38
42.569538 -6.237320 15.290753 0.991153 -0.132726 0.000000 1.6119787838914282e-38
43.072898 -4.358997 15.166336 0.994335 -0.106293 0.000000 1.6119787838914282e-38
43.122748 -3.494342 15.792941 0.996812 -0.079786 0.000000 1.6119787838914282e-38
43.000079 -3.185798 15.653020 0.998583 -0.053222 0.000000 1.6119787838914282e-38
42.947150 -1.229609 15.485392 0.999646 -0.026621 0.000000 1.6119787838914282e-38
42.672742 0.022396 15.544964 1.000000 -0.000000 0.000000 1.6119787838914282e-38
0.109219 -43.538759 18.759118 -0.000000 -1.000000 0.000000 1.6119787838914282e-38
0.854993 -43.531370 18.420738 0.026621 -0.999646 0.000000 1.6119787838914282e-38
2.396305 -43.394990 18.830115 0.053222 -0.998583 0.000000 1.6119787838914282e-38
3.548038 -43.198154 18.539579 0.079786 -0.996812 0.000000 1.6119787838914282e-38
4.828660 -43.041209 17.918683 0.106293 -0.994335 0.000000 1.6119787838914282e-38
6.081709 -42.939572 18.666994 0.132726 -0.991153 0.000000 1.6119787838914282e-38
6.775064 -43.355062 17.777866 0.159063 -0.987268 0.000000 1.6119787838914282e-38
7.750638 -42.453091 18.850906 0.185289 -0.982684 0.000000 1.6119787838914282e-38
9.255947 -42.694980 18.226301 0.211383 -0.977403 0.000000 1.6119787838914282e-38
10.698502 -42.513541 19.092070 0.237327 -0.971430 0.000000 1.6119787838914282e-38
11.970696 -41.191030 18.575749 0.263103 -0.964768 0.000000 1.6119787838914282e-38
12.414960 -41.406035 18.734114 0.288692 -0.957422 0.000000 1.6119787838914282e-38
13.422844 -41.495368 18.376358 0.314077 -0.949398 0.000000 1.6119787838914282e-38
14.477393 -40.415632 18.276610 0.339239 -0.940700 0.000000 1.6119787838914282e-38
15.818360 -40.086967 18.845491 0.364161 -0.931336 0.000000 1.6119787838914282e-38
16.921626 -39.831951 18.156441 0.388824 -0.921312 0.000000 1.6119787838914282e-38
18.223417 -39.105229 17.900433 0.413212 -0.910635 0.000000 1.6119787838914282e-38
19.490127 -39.203544 18.639928 0.437307 -0.899312 0.000000 1.6119787838914282e-38
20.015815 -38.492882 18.399583 0.461093 -0.887352 0.000000 1.6119787838914282e-38
20.711911 -37.771774 18.375725 0.484551 -0.874763 0.000000 1.6119787838914282e-38
21.619095 -37.666694 18.073805 0.507666 -0.861554 0.000000 1.6119787838914282e-38
22.841185 -36.611455 18.248203 0.530421 -0.847734 0.000000 1.6119787838914282e-38
24.261535 -36.167489 18.374717 0.552800 -0.833314 0.000000 1.6119787838914282e-38
24.927283 -35.062309 18.050137 0.574787 -0.818303 0.000000 1.6119787838914282e-38
26.354850 -34.516790 18.455042 0.596367 -0.802712 0.000000 1.6119787838914282e-38
27.130207 -34.200894 18.547242 0.617525 -0.786552 0.000000 1.6119787838914282e-38
27.511256 -33.089351 18.249362 0.638244 -0.769834 0.000000 1.6119787838914282e-38
28.537037 -32.427034 18.775995 0.658511 -0.752571 0.000000 1.6119787838914282e-38
29.164631 -31.633190 18.166943 0.678312 -0.734774 0.000000 1.6119787838914282e-38
29.603562 -31.289324 18.711936 0.697632 -0.716457 0.000000 1.6119787838914282e-38
31.061240 -30.409160 18.478182 0.716457 -0.697632 0.000000 1.6119787838914282e-38
31.865851 -29.224407 17.978025 0.734774 -0.678312 0.000000 1.6119787838914282e-38
32.600070 -28.515164 18.051927 0.752571 -0.658511 0.000000 1.6119787838914282e-38
32.965568 -27.783093 18.464096 0.769834 -0.638244 0.000000 1.6119787838914282e-38
34.107765 -26.942204 18.282338 0.786552 -0.617525 0.000000 1.6119787838914282e-38
34.686285 -25.768383 18.834925 0.802712 -0.596367 0.000000 1.6119787838914282e-38
34.814736 -24.735353 18.428193 0.818303 -0.574787 0.000000 1.6119787838914282e-38
36.289441 -23.613239 18.235001 0.833314 -0.552800 0.000000 1.6119787838914282e-38
37.040276 -23.374775 18.499818 0.847734 -0.530421 0.000000 1.6119787838914282e-38
37.283437 -21.998038 18.164828 0.861554 -0.507666 0.000000 1.6119787838914282e-38
38.059987 -20.533794 18.169981 0.874763 -0.484551 0.000000 1.6119787838914282e-38
38.531663 -19.735785 18.372516 0.887352 -0.461093 0.000000 1.6119787838914282e-38
39.401464 -19.090150 18.426650 0.899312 -0.437307 0.000000 1.6119787838914282e-38
39.186340 -17.878523 18.462445 0.910635 -0.413212 0.000000 1.6119787838914282e-38
40.138010 -17.049920 18.256940 0.921312 -0.388824 0.000000 1.6119787838914282e-38
40.520627 -15.370510 18.650242 0.931336 -0.364161 0.000000 1.6119787838914282e-38
41.342122 -14.542493 18.617326 0.940700 -0.339239 0.000000 1.6119787838914282e-38
41.368795 -13.171626 18.832809 0.949398 -0.314077 0.000000 1.6119787838914282e-38
41.187475 -12.277243 18.541145 0.957422 -0.288692 0.000000 1.6119787838914282e-38
41.773237 -11.939764 17.999490 0.964768 -0.263103 0.000000 1.6119787838914282e-38
42.010966 -10.729645 18.358411 0.971430 -0.237327 0.000000 1.6119787838914282e-38
42.593614 -9.339643 18.486577 0.977403 -0.211383 0.000000 1.6119787838914282e-38
42.287294 -7.944318 18.613979 0.982684 -0.185289 0.000000 1.6119787838914282e-38
42.380167 -7.122413 18.081387 0.987268 -0.159063 0.000000 1.6119787838914282e-38
43.128239 -5.705655 18.446625 0.991153 -0.132726 0.000000 1.6119787838914282e-38
43.074957 -4.511937 18.564394 0.994335 -0.106293 0.000000 1.6119787838914282e-38
43.072178 -3.650131 18.443840 0.996812 -0.079786 0.000000 1.6119787838914282e-38
43.240706 -1.689460 18.346370 0.998583 -0.053222 0.000000 1.6119787838914282e-38
43.430613 -1.014463 18.881696 0.999646 -0.026621 0.000000 1.6119787838914282e-38
43.115724 0.401894 18.417320 1.000000 -0.000000 0.000000 1.6119787838914282e-38
0.750404 -43.552294 21.169783 -0.000000 -1.000000 0.000000 1.6119787838914282e-38
1.103133 -43.244721 21.562924 0.026621 -0.999646 0.000000 1.6119787838914282e-38
2.305850 -43.383494 21.434962 0.053222 -0.998583 0.000000 1.6119787838914282e-38
3.420327 -43.805286 22.057108 0.079786 -0.996812 0.000000 1.6119787838914282e-38
4.274104 -43.362886 21.682427 0.106293 -0.994335 0.000000 1.6119787838914282e-38
5.790844 -43.650956 21.238832 0.132726 -0.991153 0.000000 1.6119787838914282e-38
7.101638 -43.339161 20.916856 0.159063 -0.987268 0.000000 1.6119787838914282e-38
8.205998 -43.166793 21.727827 0.185289 -0.982684 0.000000 1.6119787838914282e-38
9.168706 -42.749426 21.554133 0.211383 -0.977403 0.000000 1.6119787838914282e-38
10.020391 -42.661309 21.460484 0.237327 -0.971430 0.000000 1.6119787838914282e-38
11.144038 -41.908656 21.446248 0.263103 -0.964768 0.000000 1.6119787838914282e-38
12.169770 -41.969784 21.568822 0.288692 -0.957422 0.000000 1.6119787838914282e-38
13.579100 -41.331775 21.710672 0.314077 -0.949398 0.000000 1.6119787838914282e-38
15.532043 -40.726791 21.047550 0.339239 -0.940700 0.000000 1.6119787838914282e-38
15.791572 -40.743130 21.710983 0.364161 -0.931336 0.000000 1.6119787838914282e-38
16.696405 -40.384846 21.165138 0.388824 -0.921312 0.000000 1.6119787838914282e-38
17.860608 -39.928782 21.444560 0.413212 -0.910635 0.000000 1.6119787838914282e-38
18.737354 -38.970326 21.680126 0.437307 -0.899312 0.000000 1.6119787838914282e-38
19.697145 -38.734953 21.068885 0.461093 -0.887352 0.000000 1.6119787838914282e-38
21.558688 -37.708864 21.521740 0.484551 -0.874763 0.000000 1.6119787838914282e-38
21.909441 -37.815658 21.402339 0.507666 -0.861554 0.000000 1.6119787838914282e-38
23.126699 -36.601855 21.825142 0.530421 -0.847734 0.000000 1.6119787838914282e-38
24.427146 -36.332208 21.192378 0.552800 -0.833314 0.000000 1.6119787838914282e-38
24.864819 -35.709762 21.178132 0.574787 -0.818303 0.000000 1.6119787838914282e-38
26.129234 -34.805715 21.702065 0.596367 -0.802712 0.000000 1.6119787838914282e-38
27.113345 -34.901571 21.938468 0.617525 -0.786552 0.000000 1.6119787838914282e-38
27.396211 -33.657604 21.724025 0.638244 -0.769834 0.000000 1.6119787838914282e-38
28.858894 -33.241399 21.208964 0.658511 -0.752571 0.000000 1.6119787838914282e-38
29.701945 -31.927775 21.206300 0.678312 -0.734774 0.000000 1.6119787838914282e-38
30.577120 -31.735853 21.725778 0.697632 -0.716457 0.000000 1.6119787838914282e-38
31.016118 -30.435188 21.512242 0.716457 -0.697632 0.000000 1.6119787838914282e-38
32.429226 -29.543185 21.358731 0.734774 -0.678312 0.000000 1.6119787838914282e-38
32.965926 -28.108590 21.760498 0.752571 -0.658511 0.000000 1.6119787838914282e-38
33.594029 -28.116511 21.353514 0.769834 -0.638244 0.000000 1.6119787838914282e-38
34.545684 -27.227529 21.539268 0.786552 -0.617525 0.000000 1.6119787838914282e-38
35.478538 -25.992922 21.214722 0.802712 -0.596367 0.000000 1.6119787838914282e-38
36.381333 -24.567101 21.688815 0.818303 -0.574787 0.000000 1.6119787838914282e-38
36.766108 -24.215939 21.755798 0.833314 -0.552800 0.000000 1.6119787838914282e-38
36.885934 -23.565371 22.316038 0.847734 -0.530421 0.000000 1.6119787838914282e-38
37.194415 -22.075967 21.624225 0.861554 -0.507666 0.000000 1.6119787838914282e-38
38.347898 -21.182917 21.514687 0.874763 -0.484551 0.000000 1.6119787838914282e-38
38.784268 -19.987833 21.537917 0.887352 -0.461093 0.000000 1.6119787838914282e-38
39.244425 -19.489640 22.142566 0.899312 -0.437307 0.000000 1.6119787838914282e-38
39.920002 -17.978616 21.351121 0.910635 -0.413212 0.000000 1.6119787838914282e-38
39.924387 -16.718485 21.490503 0.921312 -0.388824 0.000000 1.6119787838914282e-38
40.849457 -16.305287 22.002518 0.931336 -0.364161 0.000000 1.6119787838914282e-38
41.342398 -14.835852 21.678749 0.940700 -0.339239 0.000000 1.6119787838914282e-38
41.674021 -14.114021 22.041810 0.949398 -0.314077 0.000000 1.6119787838914282e-38
41.947053 -12.815831 21.209484 0.957422 -0.288692 0.000000 1.6119787838914282e-38
42.418931 -11.423993 21.683242 0.964768 -0.263103 0.000000 1.6119787838914282e-38
42.421672 -10.662762 21.691047 0.971430 -0.237327 0.000000 1.6119787838914282e-38
42.615222 -9.235700 22.251562 0.977403 -0.211383 0.000000 1.6119787838914282e-38
43.165765 -7.811875 22.354618 0.982684 -0.185289 0.000000 1.6119787838914282e-38
43.220569 -6.908971 21.334699 0.987268 -0.159063 0.000000 1.6119787838914282e-38
43.139032 -6.409070 21.775589 0.991153 -0.132726 0.000000 1.6119787838914282e-38
43.033649 -4.370067 21.525554 0.994335 -0.106293 0.000000 1.6119787838914282e-38
43.560301 -3.496257 21.954284 0.996812 -0.079786 0.000000 1.6119787838914282e-38
43.962026 -2.332405 21.268760 0.998583 -0.053222 0.000000 1.6119787838914282e-38
43.922768 -1.454653 21.072003 0.999646 -0.026621 0.000000 1.6119787838914282e-38
43.810579 0.365547 21.416936 1.000000 -0.000000 0.000000 1.6119787838914282e-38
0.121355 -44.128881 24.831983 -0.000000 -1.000000 0.000000 1.6119787838914282e-38
1.499923 -44.067444 24.307104 0.026621 -0.999646 0.000000 1.6119787838914282e-38
1.904889 -43.664105 24.274415 0.053222 -0.998583 0.000000 1.6119787838914282e-38
3.622529 -43.630672 24.464994 0.079786 -0.996812 0.000000 1.6119787838914282e-38
4.627494 -43.455174 24.372926 0.106293 -0.994335 0.000000 1.6119787838914282e-38
5.567564 -43.685184 24.998758 0.132726 -0.991153 0.000000 1.6119787838914282e-38
7.482678 -43.473569 24.401748 0.159063 -0.987268 0.000000 1.6119787838914282e-38
8.472713 -43.742997 24.689668 0.185289 -0.982684 0.000000 1.6119787838914282e-38
9.288545 -42.621686 25.033890 0.211383 -0.977403 0.000000 1.6119787838914282e-38
10.160608 -42.696672 24.444203 0.237327 -0.971430 0.000000 1.6119787838914282e-38
11.489614 -42.268602 24.514916 0.263103 -0.964768 0.000000 1.6119787838914282e-38
12.761830 -41.843389 25.069933 0.288692 -0.957422 0.000000 1.6119787838914282e-38
13.907292 -41.742133 24.283198 0.314077 -0.949398 0.000000 1.6119787838914282e-38
15.403667 -41.246033 24.656252 0.339239 -0.940700 0.000000 1.6119787838914282e-38
16.050102 -40.874488 24.846922 0.364161 -0.931336 0.000000 1.6119787838914282e-38
17.378554 -40.058337 24.688191 0.388824 -0.921312 0.000000 1.6119787838914282e-38
18.709323 -39.754419 24.597345 0.413212 -0.910635 0.000000 1.6119787838914282e-38
18.743138 -39.547824 25.082928 0.437307 -0.899312 0.000000 1.6119787838914282e-38
20.057418 -39.022461 24.664950 0.461093 -0.887352 0.000000 1.6119787838914282e-38
21.604901 -38.609575 24.354569 0.484551 -0.874763 0.000000 1.6119787838914282e-38
22.510418 -38.134996 24.064733 0.507666 -0.861554 0.000000 1.6119787838914282e-38
23.892848 -37.025749 25.180401 0.530421 -0.847734 0.000000 1.6119787838914282e-38
24.587717 -36.465186 24.726245 0.552800 -0.833314 0.000000 1.6119787838914282e-38
25.237240 -35.855110 24.449415 0.574787 -0.818303 0.000000 1.6119787838914282e-38
25.921887 -35.422335 25.002832 0.596367 -0.802712 0.000000 1.6119787838914282e-38
26.803942 -34.976511 24.792777 0.617525 -0.786552 0.000000 1.6119787838914282e-38
27.960888 -33.730264 24.912342 0.638244 -0.769834 0.000000 1.6119787838914282e-38
29.115713 -33.305933 25.000265 0.658511 -0.752571 0.000000 1.6119787838914282e-38
30.071192 -32.325085 24.608910 0.678312 -0.734774 0.000000 1.6119787838914282e-38
30.810900 -31.620686 24.126023 0.697632 -0.716457 0.000000 1.6119787838914282e-38
31.752138 -30.491480 23.925065 0.716457 -0.697632 0.000000 1.6119787838914282e-38
32.486336 -29.321611 24.277093 0.734774 -0.678312 0.000000 1.6119787838914282e-38
33.094272 -29.031847 25.113508 0.752571 -0.658511 0.000000 1.6119787838914282e-38
34.212197 -28.348936 24.718020 0.769834 -0.638244 0.000000 1.6119787838914282e-38
35.302357 -27.361076 24.612038 0.786552 -0.617525 0.000000 1.6119787838914282e-38
35.476719 -26.425673 25.144346 0.802712 -0.596367 0.000000 1.6119787838914282e-38
35.866942 -25.709759 24.457890 0.818303 -0.574787 0.000000 1.6119787838914282e-38
36.865201 -24.564965 24.706044 0.833314 -0.552800 0.000000 1.6119787838914282e-38
37.472623 -23.703417 24.446274 0.847734 -0.530421 0.000000 1.6119787838914282e-38
38.016672 -22.128693 24.453749 0.861554 -0.507666 0.000000 1.6119787838914282e-38
38.538763 -21.407444 24.833740 0.874763 -0.484551 0.000000 1.6119787838914282e-38
39.203024 -20.402042 24.758918 0.887352 -0.461093 0.000000 1.6119787838914282e-38
39.449713 -19.106141 24.756773 0.899312 -0.437307 0.000000 1.6119787838914282e-38
40.783050 -18.283942 24.573004 0.910635 -0.413212 0.000000 1.6119787838914282e-38
40.347408 -17.419736 24.478446 0.921312 -0.388824 0.000000 1.6119787838914282e-38
41.182214 -15.803349 24.704089 0.931336 -0.364161 0.000000 1.6119787838914282e-38
41.306014 -15.075940 24.340335 0.940700 -0.339239 0.000000 1.6119787838914282e-38
41.610396 -14.209226 25.022742 0.949398 -0.314077 0.000000 1.6119787838914282e-38
42.681716 -13.284411 24.702164 0.957422 -0.288692 0.000000 1.6119787838914282e-38
42.535626 -11.514970 24.437561 0.964768 -0.263103 0.000000 1.6119787838914282e-38
43.053729 -10.320223 24.925621 0.971430 -0.237327 0.000000 1.6119787838914282e-38
42.788580 -9.716674 24.745856 0.977403 -0.211383 0.000000 1.6119787838914282e-38
42.953325 -7.837098 23.977398 0.982684 -0.185289 0.000000 1.6119787838914282e-38
43.303372 -7.184235 24.515672 0.987268 -0.159063 0.000000 1.6119787838914282e-38
43.693197 -5.721607 24.807306 0.991153 -0.132726 0.000000 1.6119787838914282e-38
43.981383 -4.728815 25.247996 0.994335 -0.106293 0.000000 1.6119787838914282e-38
44.280021 -3.604519 24.574323 0.996812 -0.079786 0.000000 1.6119787838914282e-38
43.841898 -2.233009 24.323803 0.998583 -0.053222 0.000000 1.6119787838914282e-38
43.751723 -1.821624 24.495787 0.999646 -0.026621 0.000000 1.6119787838914282e-38
44.323607 -0.045630 24.586536 1.000000 -0.000000 0.000000 1.6119787838914282e-38
0.083448 -44.686841 27.699894 -0.000000 -1.000000 0.000000 1.6119787838914282e-38
1.448682 -44.278470 27.985757 0.026621 -0.999646 0.000000 1.6119787838914282e-38
2.741568 -44.124484 27.478298 0.053222 -0.998583 0.000000 1.6119787838914282e-38
3.438159 -43.665220 27.786558 0.079786 -0.996812 0.000000 1.6119787838914282e-38
4.772248 -44.392701 27.664869 0.106293 -0.994335 0.000000 1.6119787838914282e-38
6.106090 -43.989024 27.536494 0.132726 -0.991153 0.000000 1.6119787838914282e-38
6.974003 -43.463513 27.892642 0.159063 -0.987268 0.000000 1.6119787838914282e-38
8.384469 -43.485319 27.337399 0.185289 -0.982684 0.000000 1.6119787838914282e-38
9.464170 -43.062790 27.614031 0.211383 -0.977403 0.000000 1.6119787838914282e-38
10.827252 -42.954484 27.940610 0.237327 -0.971430 0.000000 1.6119787838914282e-38
11.693396 -42.556374 27.252903 0.263103 -0.964768 0.000000 1.6119787838914282e-38
12.823873 -42.282392 27.781198 0.288692 -0.957422 0.000000 1.6119787838914282e-38
14.269349 -42.187253 27.528071 0.314077 -0.949398 0.000000 1.6119787838914282e-38
14.565791 -41.835971 27.847370 0.339239 -0.940700 0.000000 1.6119787838914282e-38
16.391996 -41.758201 28.044905 0.364161 -0.931336 0.000000 1.6119787838914282e-38
16.966089 -40.929854 27.521663 0.388824 -0.921312 0.000000 1.6119787838914282e-38
18.466081 -40.391367 27.895698 0.413212 -0.910635 0.000000 1.6119787838914282e-38
19.963538 -39.797665 27.519304 0.437307 -0.899312 0.000000 1.6119787838914282e-38
20.604451 -38.802618 27.889210 0.461093 -0.887352 0.000000 1.6119787838914282e-38
21.791065 -39.305455 27.808371 0.484551 -0.874763 0.000000 1.6119787838914282e-38
22.452935 -38.445123 27.685612 0.507666 -0.861554 0.000000 1.6119787838914282e-38
23.575942 -37.815001 27.748847 0.530421 -0.847734 0.000000 1.6119787838914282e-38
24.484631 -36.776881 27.760580 0.552800 -0.833314 0.000000 1.6119787838914282e-38
25.625388 -36.027509 27.858794 0.574787 -0.818303 0.000000 1.6119787838914282e-38
26.468637 -36.255372 27.846426 0.596367 -0.802712 0.000000 1.6119787838914282e-38
27.135975 -34.937882 27.803622 0.617525 -0.786552 0.000000 1.6119787838914282e-38
28.729123 -33.617285 27.415942 0.638244 -0.769834 0.000000 1.6119787838914282e-38
28.834039 -33.306019 27.765036 0.658511 -0.752571 0.000000 1.6119787838914282e-38
29.747101 -32.618791 27.871570 0.678312 -0.734774 0.000000 1.6119787838914282e-38
30.596145 -32.099146 27.499060 0.697632 -0.716457 0.000000 1.6119787838914282e-38
31.737092 -30.756999 27.594363 0.716457 -0.697632 0.000000 1.6119787838914282e-38
32.630405 -29.433811 27.405415 0.734774 -0.678312 0.000000 1.6119787838914282e-38
33.207836 -29.025371 27.988721 0.752571 -0.658511 0.000000 1.6119787838914282e-38
34.294422 -27.786524 27.787544 0.769834 -0.638244 0.000000 1.6119787838914282e-38
34.319179 -27.380453 27.521013 0.786552 -0.617525 0.000000 1.6119787838914282e-38
36.044438 -26.181075 27.215400 0.802712 -0.596367 0.000000 1.6119787838914282e-38
36.726421 -25.230801 27.594969 0.818303 -0.574787 0.000000 1.6119787838914282e-38
36.964080 -24.119024 27.100854 0.833314 -0.552800 0.000000 1.6119787838914282e-38
37.761303 -23.215329 27.665694 0.847734 -0.530421 0.000000 1.6119787838914282e-38
38.435458 -22.502394 27.457096 0.861554 -0.507666 0.000000 1.6119787838914282e-38
38.584673 -21.293778 27.501596 0.874763 -0.484551 0.000000 1.6119787838914282e-38
38.928785 -20.429410 27.538383 0.887352 -0.461093 0.000000 1.6119787838914282e-38
39.557288 -19.388873 27.922491 0.899312 -0.437307 0.000000 1.6119787838914282e-38
40.425634 -18.660778 27.836849 0.910635 -0.413212 0.000000 1.6119787838914282e-38
41.204056 -16.594505 28.124861 0.921312 -0.388824 0.000000 1.6119787838914282e-38
41.036838 -15.906268 27.769265 0.931336 -0.364161 0.000000 1.6119787838914282e-38
41.408452 -14.972375 28.267911 0.940700 -0.339239 0.000000 1.6119787838914282e-38
42.498882 -14.244697 27.696423 0.949398 -0.314077 0.000000 1.6119787838914282e-38
42.643799 -13.332901 27.183676 0.957422 -0.288692 0.000000 1.6119787838914282e-38
42.868738 -11.627812 27.140662 0.964768 -0.263103 0.000000 1.6119787838914282e-38
43.234444 -10.207934 27.626817 0.971430 -0.237327 0.000000 1.6119787838914282e-38
43.401136 -9.211041 27.824016 0.977403 -0.211383 0.000000 1.6119787838914282e-38
43.116997 -8.495793 27.573552 0.982684 -0.185289 0.000000 1.6119787838914282e-38
43.562812 -6.620129 27.882650 0.987268 -0.159063 0.000000 1.6119787838914282e-38
43.660560 -5.955478 28.031425 0.991153 -0.132726 0.000000 1.6119787838914282e-38
43.940841 -4.462486 28.107262 0.994335 -0.106293 0.000000 1.6119787838914282e-38
44.609509 -3.487278 28.067615 0.996812 -0.079786 0.000000 1.6119787838914282e-38
44.166589 -1.616564 27.764563 0.998583 -0.053222 0.000000 1.6119787838914282e-38
44.714478 -1.290186 27.842132 0.999646 -0.026621 0.000000 1.6119787838914282e-38
44.549208 -0.278650 27.404775 1.000000 -0.000000 0.000000 1.6119787838914282e-38
-0.061351 -44.472968 30.219802 -0.000000 -1.000000 0.000000 1.6119787838914282e-38
1.083866 -44.395727 30.399592 0.026621 -0.999646 0.000000 1.6119787838914282e-38
2.760767 -45.079404 30.494268 0.053222 -0.998583 0.000000 1.6119787838914282e-38
3.530615 -44.099693 30.577229 0.079786 -0.996812 0.000000 1.6119787838914282e-38
4.242545 -44.971321 31.048815 0.106293 -0.994335 0.000000 1.6119787838914282e-38
5.540288 -44.051784 30.790168 0.132726 -0.991153 0.000000 1.6119787838914282e-38
7.117090 -44.144940 30.528955 0.159063 -0.987268 0.000000 1.6119787838914282e-38
8.343143 -44.386659 31.173898 0.185289 -0.982684 0.000000 1.6119787838914282e-38
9.162718 -43.660472 30.458806 0.211383 -0.977403 0.000000 1.6119787838914282e-38
10.473359 -43.636646 31.663635 0.237327 -0.971430 0.000000 1.6119787838914282e-38
11.783863 -43.472466 30.635864 0.263103 -0.964768 0.000000 1.6119787838914282e-38
12.483316 -42.945716 31.324557 0.288692 -0.957422 0.000000 1.6119787838914282e-38
14.172883 -42.266329 30.496248 0.314077 -0.949398 0.000000 1.6119787838914282e-38
15.138448 -42.086498 30.551639 0.339239 -0.940700 0.000000 1.6119787838914282e-38
16.436059 -41.543486 30.932085 0.364161 -0.931336 0.000000 1.6119787838914282e-38
17.375774 -40.951711 30.691946 0.388824 -0.921312 0.000000 1.6119787838914282e-38
18.409147 -40.368135 30.437141 0.413212 -0.910635 0.000000 1.6119787838914282e-38
19.082475 -40.553636 30.885403 0.437307 -0.899312 0.000000 1.6119787838914282e-38
21.044127 -39.955581 31.313682 0.461093 -0.887352 0.000000 1.6119787838914282e-38
21.718251 -39.228040 30.514249 0.484551 -0.874763 0.000000 1.6119787838914282e-38
23.331153 -38.646645 30.369634 0.507666 -0.861554 0.000000 1.6119787838914282e-38
24.502580 -37.864273 31.008880 0.530421 -0.847734 0.000000 1.6119787838914282e-38
25.272436 -37.151931 31.061698 0.552800 -0.833314 0.000000 1.6119787838914282e-38
25.769399 -36.443582 30.758983 0.574787 -0.818303 0.000000 1.6119787838914282e-38
26.713918 -35.929233 30.650186 0.596367 -0.802712 0.000000 1.6119787838914282e-38
27.819237 -35.090549 31.014906 0.617525 -0.786552 0.000000 1.6119787838914282e-38
28.788136 -33.892066 31.085020 0.638244 -0.769834 0.000000 1.6119787838914282e-38
29.442142 -33.582686 31.193040 0.658511 -0.752571 0.000000 1.6119787838914282e-38
30.106476 -32.316965 30.536839 0.678312 -0.734774 0.000000 1.6119787838914282e-38
31.527161 -32.098554 30.753951 0.697632 -0.716457 0.000000 1.6119787838914282e-38
31.709660 -30.984828 30.382723 0.716457 -0.697632 0.000000 1.6119787838914282e-38
32.488407 -30.043557 31.306112 0.734774 -0.678312 0.000000 1.6119787838914282e-38
33.518434 -29.203385 31.008189 0.752571 -0.658511 0.000000 1.6119787838914282e-38
34.464623 -28.195509 30.720144 0.769834 -0.638244 0.000000 1.6119787838914282e-38
35.396362 -28.044054 30.405922 0.786552 -0.617525 0.000000 1.6119787838914282e-38
36.315861 -26.554620 30.726494 0.802712 -0.596367 0.000000 1.6119787838914282e-38
37.236055 -25.183907 30.900981 0.818303 -0.574787 0.000000 1.6119787838914282e-38
36.899573 -24.801447 30.519456 0.833314 -0.552800 0.000000 1.6119787838914282e-38
38.009228 -24.046168 30.410363 0.847734 -0.530421 0.000000 1.6119787838914282e-38
37.922774 -22.695569 30.079602 0.861554 -0.507666 0.000000 1.6119787838914282e-38
39.097309 -21.501773 30.552602 0.874763 -0.484551 0.000000 1.6119787838914282e-38
39.431977 -20.679404 30.520649 0.887352 -0.461093 0.000000 1.6119787838914282e-38
40.348988 -19.903214 30.737883 0.899312 -0.437307 0.000000 1.6119787838914282e-38
40.696671 -18.517250 31.259776 0.910635 -0.413212 0.000000 1.6119787838914282e-38
41.338928 -17.269766 30.581793 0.921312 -0.388824 0.000000 1.6119787838914282e-38
41.795091 -16.398498 30.778128 0.931336 -0.364161 0.000000 1.6119787838914282e-38
42.342352 -15.349521 30.649817 0.940700 -0.339239 0.000000 1.6119787838914282e-38
42.391425 -14.223787 30.821201 0.949398 -0.314077 0.000000 1.6119787838914282e-38
42.787686 -12.485331 31.572980 0.957422 -0.288692 0.000000 1.6119787838914282e-38
43.055624 -11.699996 31.080633 0.964768 -0.263103 0.000000 1.6119787838914282e-38
43.444771 -10.931637 31.290683 0.971430 -0.237327 0.000000 1.6119787838914282e-38
43.997983 -9.375300 31.204387 0.977403 -0.211383 0.000000 1.6119787838914282e-38
44.259807 -8.316162 30.476242 0.982684 -0.185289 0.000000 1.6119787838914282e-38
44.086132 -6.765324 30.973856 0.987268 -0.159063 0.000000 1.6119787838914282e-38
44.352174 -5.416741 30.722064 0.991153 -0.132726 0.000000 1.6119787838914282e-38
44.846996 -4.696422 31.349117 0.994335 -0.106293 0.000000 1.6119787838914282e-38
44.887644 -3.560934 30.715590 0.996812 -0.079786 0.000000 1.6119787838914282e-38
44.736454 -2.602216 30.359220 0.998583 -0.053222 0.000000 1.6119787838914282e-38
44.881310 -1.352776 30.608378 0.999646 -0.026621 0.000000 1.6119787838914282e-38
44.777915 0.015667 30.771444 1.000000 -0.000000 0.000000 1.6119787838914282e-38
0.521489 -45.057946 34.478499 -0.000000 -1.000000 0.000000 1.6119787838914282e-38
1.073059 -45.005505 33.731130 0.026621 -0.999646 0.000000 1.6119787838914282e-38
2.240318 -44.548854 33.615709 0.053222 -0.998583 0.000000 1.6119787838914282e-38
2.941332 -45.324767 33.243657 0.079786 -0.996812 0.000000 1.6119787838914282e-38
4.525091 -45.257871 33.856738 0.106293 -0.994335 0.000000 1.6119787838914282e-38
5.391835 -44.497481 33.283423 0.132726 -0.991153 0.000000 1.6119787838914282e-38
7.160357 -44.777714 34.093759 0.159063 -0.987268 0.000000 1.6119787838914282e-38
8.491012 -44.116939 33.737718 0.185289 -0.982684 0.000000 1.6119787838914282e-38
9.427047 -44.110175 34.154914 0.211383 -0.977403 0.000000 1.6119787838914282e-38
10.988134 -43.867128 33.915953 0.237327 -0.971430 0.000000 1.6119787838914282e-38
11.896256 -43.539192 34.456634 0.263103 -0.964768 0.000000 1.6119787838914282e-38
12.992461 -43.439070 33.713837 0.288692 -0.957422 0.000000 1.6119787838914282e-38
14.330875 -43.603088 33.805635 0.314077 -0.949398 0.000000 1.6119787838914282e-38
15.617012 -42.730821 33.902165 0.339239 -0.940700 0.000000 1.6119787838914282e-38
17.113492 -42.049684 33.174386 0.364161 -0.931336 0.000000 1.6119787838914282e-38
17.173918 -41.770804 33.605006 0.388824 -0.921312 0.000000 1.6119787838914282e-38
18.731618 -41.300661 34.195975 0.413212 -0.910635 0.000000 1.6119787838914282e-38
19.463669 -40.762113 33.911331 0.437307 -0.899312 0.000000 1.6119787838914282e-38
20.969847 -40.114549 33.122772 0.461093 -0.887352 0.000000 1.6119787838914282e-38
21.954141 -39.634082 34.105387 0.484551 -0.874763 0.000000 1.6119787838914282e-38
23.192149 -38.918807 33.940103 0.507666 -0.861554 0.000000 1.6119787838914282e-38
24.410793 -38.020540 33.928753 0.530421 -0.847734 0.000000 1.6119787838914282e-38
25.661510 -37.901463 33.490521 0.552800 -0.833314 0.000000 1.6119787838914282e-38
26.009707 -37.145793 33.106551 0.574787 -0.818303 0.000000 1.6119787838914282e-38
26.793880 -36.224972 33.828746 0.596367 -0.802712 0.000000 1.6119787838914282e-38
27.714163 -35.583998 33.883076 0.617525 -0.786552 0.000000 1.6119787838914282e-38
29.099322 -35.032565 34.108311 0.638244 -0.769834 0.000000 1.6119787838914282e-38
29.474832 -34.209852 34.355852 0.658511 -0.752571 0.000000 1.6119787838914282e-38
30.390965 -33.451054 33.470221 0.678312 -0.734774 0.000000 1.6119787838914282e-38
31.324292 -32.382930 34.058117 0.697632 -0.716457 0.000000 1.6119787838914282e-38
32.418847 -31.669879 33.473322 0.716457 -0.697632 0.000000 1.6119787838914282e-38
33.035285 -31.161939 34.067122 0.734774 -0.678312 0.000000 1.6119787838914282e-38
34.300661 -29.814160 33.978589 0.752571 -0.658511 0.000000 1.6119787838914282e-38
35.102984 -28.854437 34.264237 0.769834 -0.638244 0.000000 1.6119787838914282e-38
35.289558 -28.051702 33.705831 0.786552 -0.617525 0.000000 1.6119787838914282e-38
36.522219 -27.419837 34.280546 0.802712 -0.596367 0.000000 1.6119787838914282e-38
37.202183 -25.487870 33.833982 0.818303 -0.574787 0.000000 1.6119787838914282e-38
37.547909 -24.820753 34.155323 0.833314 -0.552800 0.000000 1.6119787838914282e-38
38.151302 -24.604357 33.298274 0.847734 -0.530421 0.000000 1.6119787838914282e-38
39.069475 -22.513202 33.455902 0.861554 -0.507666 0.000000 1.6119787838914282e-38
39.507145 -22.033689 34.422313 0.874763 -0.484551 0.000000 1.6119787838914282e-38
40.836200 -20.740171 34.115554 0.887352 -0.461093 0.000000 1.6119787838914282e-38
40.960923 -20.175165 34.055711 0.899312 -0.437307 0.000000 1.6119787838914282e-38
40.906406 -18.752064 34.188075 0.910635 -0.413212 0.000000 1.6119787838914282e-38
41.719783 -17.266134 34.235933 0.921312 -0.388824 0.000000 1.6119787838914282e-38
41.622084 -17.134000 34.194782 0.931336 -0.364161 0.000000 1.6119787838914282e-38
42.933674 -15.275840 33.963819 0.940700 -0.339239 0.000000 1.6119787838914282e-38
43.234479 -13.951740 33.754899 0.949398 -0.314077 0.000000 1.6119787838914282e-38
43.616478 -13.169175 33.919219 0.957422 -0.288692 0.000000 1.6119787838914282e-38
43.722178 -12.164975 33.623258 0.964768 -0.263103 0.000000 1.6119787838914282e-38
44.633905 -11.008179 33.957142 0.971430 -0.237327 0.000000 1.6119787838914282e-38
44.407952 -9.582736 34.047601 0.977403 -0.211383 0.000000 1.6119787838914282e-38
44.571696 -8.646624 34.007199 0.982684 -0.185289 0.000000 1.6119787838914282e-38
44.517056 -6.676482 33.974891 0.987268 -0.159063 0.000000 1.6119787838914282e-38
44.646220 -5.904027 33.568698 0.991153 -0.132726 0.000000 1.6119787838914282e-38
45.077605 -4.878197 33.598092 0.994335 -0.106293 0.000000 1.6119787838914282e-38
44.860549 -2.880372 33.873572 0.996812 -0.079786 0.000000 1.6119787838914282e-38
45.062995 -2.590133 33.987504 0.998583 -0.053222 0.000000 1.6119787838914282e-38
45.049072 -1.533141 33.836430 0.999646 -0.026621 0.000000 1.6119787838914282e-38
45.244669 -0.125110 33.578766 1.000000 -0.000000 0.000000 1.6119787838914282e-38
-0.117291 -45.880406 36.740568 -0.000000 -1.000000 0.000000 1.6119787838914282e-38
1.300560 -45.055436 37.322606 0.026621 -0.999646 0.000000 1.6119787838914282e-38
3.016932 -45.844995 37.425483 0.053222 -0.998583 0.000000 1.6119787838914282e-38
3.717560 -45.297788 37.060388 0.079786 -0.996812 0.000000 1.6119787838914282e-38
4.758832 -45.264542 37.068556 0.106293 -0.994335 0.000000 1.6119787838914282e-38
5.540345 -45.372086 37.184798 0.132726 -0.991153 0.000000 1.6119787838914282e-38
7.358714 -45.016334 36.697650 0.159063 -0.987268 0.000000 1.6119787838914282e-38
8.551879 -44.976397 36.862041 0.185289 -0.982684 0.000000 1.6119787838914282e-38
9.464762 -44.431498 37.026717 0.211383 -0.977403 0.000000 1.6119787838914282e-38
10.928572 -43.817496 37.065217 0.237327 -0.971430 0.000000 1.6119787838914282e-38
12.394333 -44.046134 36.817128 0.263103 -0.964768 0.000000 1.6119787838914282e-38
12.886888 -43.719602 36.124030 0.288692 -0.957422 0.000000 1.6119787838914282e-38
14.447456 -43.330366 36.857807 0.314077 -0.949398 0.000000 1.6119787838914282e-38
15.488911 -43.402524 37.338758 0.339239 -0.940700 0.000000 1.6119787838914282e-38
16.555353 -42.890492 37.086475 0.364161 -0.931336 0.000000 1.6119787838914282e-38
17.817856 -42.247863 36.783867 0.388824 -0.921312 0.000000 1.6119787838914282e-38
18.898433 -41.248248 37.063941 0.413212 -0.910635 0.000000 1.6119787838914282e-38
19.991902 -40.878370 36.931336 0.437307 -0.899312 0.000000 1.6119787838914282e-38
21.210613 -40.541715 37.100011 0.461093 -0.887352 0.000000 1.6119787838914282e-38
22.029878 -40.353042 37.195131 0.484551 -0.874763 0.000000 1.6119787838914282e-38
23.671866 -39.734630 36.976864 0.507666 -0.861554 0.000000 1.6119787838914282e-38
24.126534 -38.509947 36.997071 0.530421 -0.847734 0.000000 1.6119787838914282e-38
26.283048 -38.205804 37.384265 0.552800 -0.833314 0.000000 1.6119787838914282e-38
26.780886 -37.268692 36.934202 0.574787 -0.818303 0.000000 1.6119787838914282e-38
27.306005 -36.712579 37.263067 0.596367 -0.802712 0.000000 1.6119787838914282e-38
27.983485 -36.024781 36.838421 0.617525 -0.786552 0.000000 1.6119787838914282e-38
28.675121 -34.954158 37.241953 0.638244 -0.769834 0.000000 1.6119787838914282e-38
29.929725 -34.113182 36.447980 0.658511 -0.752571 0.000000 1.6119787838914282e-38
31.032840 -33.646090 36.949402 0.678312 -0.734774 0.000000 1.6119787838914282e-38
31.934091 -32.793496 36.806745 0.697632 -0.716457 0.000000 1.6119787838914282e-38
32.737772 -31.500361 36.749461 0.716457 -0.697632 0.000000 1.6119787838914282e-38
34.284815 -31.216203 36.995095 0.734774 -0.678312 0.000000 1.6119787838914282e-38
34.593584 -30.207517 37.337786 0.752571 -0.658511 0.000000 1.6119787838914282e-38
35.375396 -29.254450 37.334456 0.769834 -0.638244 0.000000 1.6119787838914282e-38
35.671839 -28.414921 37.091848 0.786552 -0.617525 0.000000 1.6119787838914282e-38
36.956080 -27.180767 36.884919 0.802712 -0.596367 0.000000 1.6119787838914282e-38
37.353338 -25.951077 36.995195 0.818303 -0.574787 0.000000 1.6119787838914282e-38
37.853702 -25.563777 37.377115 0.833314 -0.552800 0.000000 1.6119787838914282e-38
38.559333 -24.179375 37.328349 0.847734 -0.530421 0.000000 1.6119787838914282e-38
39.569697 -23.447680 36.618369 0.861554 -0.507666 0.000000 1.6119787838914282e-38
40.572205 -22.475471 36.757096 0.874763 -0.484551 0.000000 1.6119787838914282e-38
40.698804 -21.155811 37.095218 0.887352 -0.461093 0.000000 1.6119787838914282e-38
40.693768 -20.065344 37.126384 0.899312 -0.437307 0.000000 1.6119787838914282e-38
41.856314 -19.071861 36.616564 0.910635 -0.413212 0.000000 1.6119787838914282e-38
42.204476 -18.178368 37.308358 0.921312 -0.388824 0.000000 1.6119787838914282e-38
42.646087 -16.865571 36.606727 0.931336 -0.364161 0.000000 1.6119787838914282e-38
42.837256 -15.985200 37.071511 0.940700 -0.339239 0.000000 1.6119787838914282e-38
43.184132 -14.245815 37.084341 0.949398 -0.314077 0.000000 1.6119787838914282e-38
44.081818 -13.129075 37.260647 0.957422 -0.288692 0.000000 1.6119787838914282e-38
44.543847 -11.956719 37.018635 0.964768 -0.263103 0.000000 1.6119787838914282e-38
44.265489 -11.151495 37.307699 0.971430 -0.237327 0.000000 1.6119787838914282e-38
44.887680 -9.462490 36.745864 0.977403 -0.211383 0.000000 1.6119787838914282e-38
45.434671 -8.543600 36.682525 0.982684 -0.185289 0.000000 1.6119787838914282e-38
44.985073 -6.804130 36.589763 0.987268 -0.159063 0.000000 1.6119787838914282e-38
45.109512 -5.201248 37.205388 0.991153 -0.132726 0.000000 1.6119787838914282e-38
45.260474 -5.186247 36.421268 0.994335 -0.106293 0.000000 1.6119787838914282e-38
45.622831 -3.430972 37.378716 0.996812 -0.079786 0.000000 1.6119787838914282e-38
45.106493 -2.831971 36.887212 0.998583 -0.053222 0.000000 1.6119787838914282e-38
46.559606 -0.951839 37.034917 0.999646 -0.026621 0.000000 1.6119787838914282e-38
45.372037 -0.635996 36.934732 1.000000 -0.000000 0.000000 1.6119787838914282e-38
-0.029811 -46.330342 39.885870 -0.000000 -1.000000 0.000000 1.6119787838914282e-38
1.006693 -46.526902 40.416852 0.026621 -0.999646 0.000000 1.6119787838914282e-38
2.195567 -46.267294 39.988277 0.053222 -0.998583 0.000000 1.6119787838914282e-38
3.901991 -46.358104 40.293420 0.079786 -0.996812 0.000000 1.6119787838914282e-38
4.742174 -46.036554 40.492930 0.106293 -0.994335 0.000000 1.6119787838914282e-38
5.847787 -45.624547 40.301383 0.132726 -0.991153 0.000000 1.6119787838914282e-38
7.449656 -45.696421 40.637711 0.159063 -0.987268 0.000000 1.6119787838914282e-38
8.565450 -45.387918 39.899042 0.185289 -0.982684 0.000000 1.6119787838914282e-38
9.821771 -44.915671 39.917408 0.211383 -0.977403 0.000000 1.6119787838914282e-38
10.343801 -44.774562 39.676500 0.237327 -0.971430 0.000000 1.6119787838914282e-38
12.391057 -44.620911 40.282933 0.263103 -0.964768 0.000000 1.6119787838914282e-38
13.067499 -44.441336 39.897989 0.288692 -0.957422 0.000000 1.6119787838914282e-38
14.081363 -43.576213 39.512373 0.314077 -0.949398 0.000000 1.6119787838914282e-38
16.018992 -43.380068 39.940340 0.339239 -0.940700 0.000000 1.6119787838914282e-38
16.945961 -42.978978 39.879872 0.364161 -0.931336 0.000000 1.6119787838914282e-38
18.072563 -42.391324 39.716595 0.388824 -0.921312 0.000000 1.6119787838914282e-38
19.214922 -42.904756 39.421120 0.413212 -0.910635 0.000000 1.6119787838914282e-38
20.394822 -41.718535 39.743969 0.437307 -0.899312 0.000000 1.6119787838914282e-38
21.309621 -41.158819 39.703418 0.461093 -0.887352 0.000000 1.6119787838914282e-38
21.918763 -41.048240 40.221638 0.484551 -0.874763 0.000000 1.6119787838914282e-38
23.352793 -39.556011 39.870205 0.507666 -0.861554 0.000000 1.6119787838914282e-38
24.638458 -39.245339 40.013334 0.530421 -0.847734 0.000000 1.6119787838914282e-38
25.594914 -38.674481 39.631114 0.552800 -0.833314 0.000000 1.6119787838914282e-38
26.813757 -37.368439 40.497765 0.574787 -0.818303 0.000000 1.6119787838914282e-38
27.416009 -37.345364 39.833715 0.596367 -0.802712 0.000000 1.6119787838914282e-38
28.507762 -36.393748 39.700621 0.617525 -0.786552 0.000000 1.6119787838914282e-38
29.074873 -35.589839 38.940877 0.638244 -0.769834 0.000000 1.6119787838914282e-38
30.425954 -35.089822 40.234046 0.658511 -0.752571 0.000000 1.6119787838914282e-38
31.686213 -33.661931 39.896066 0.678312 -0.734774 0.000000 1.6119787838914282e-38
31.924915 -33.380502 40.086283 0.697632 -0.716457 0.000000 1.6119787838914282e-38
32.642365 -31.847393 39.900811 0.716457 -0.697632 0.000000 1.6119787838914282e-38
34.133357 -31.906350 39.722205 0.734774 -0.678312 0.000000 1.6119787838914282e-38
34.234694 -30.149794 39.951939 0.752571 -0.658511 0.000000 1.6119787838914282e-38
35.776213 -29.499769 40.140543 0.769834 -0.638244 0.000000 1.6119787838914282e-38
36.276777 -28.621577 39.972480 0.786552 -0.617525 0.000000 1.6119787838914282e-38
37.247103 -27.452355 40.843431 0.802712 -0.596367 0.000000 1.6119787838914282e-38
38.350984 -27.117545 39.957068 0.818303 -0.574787 0.000000 1.6119787838914282e-38
38.419000 -25.182964 39.905276 0.833314 -0.552800 0.000000 1.6119787838914282e-38
39.347004 -25.233085 39.545920 0.847734 -0.530421 0.000000 1.6119787838914282e-38
40.474564 -23.464470 39.700462 0.861554 -0.507666 0.000000 1.6119787838914282e-38
40.530654 -22.726395 39.914988 0.874763 -0.484551 0.000000 1.6119787838914282e-38
40.604248 -21.562145 39.875099 0.887352 -0.461093 0.000000 1.6119787838914282e-38
41.929396 -20.086250 40.191557 0.899312 -0.437307 0.000000 1.6119787838914282e-38
42.109126 -18.864209 39.737944 0.910635 -0.413212 0.000000 1.6119787838914282e-38
42.390867 -17.860841 39.916256 0.921312 -0.388824 0.000000 1.6119787838914282e-38
43.070144 -16.891667 40.376035 0.931336 -0.364161 0.000000 1.6119787838914282e-38
43.899053 -15.877647 39.472039 0.940700 -0.339239 0.000000 1.6119787838914282e-38
43.696190 -14.795136 40.249525 0.949398 -0.314077 0.000000 1.6119787838914282e-38
44.556919 -13.661325 39.773649 0.957422 -0.288692 0.000000 1.6119787838914282e-38
44.176811 -12.128180 39.986525 0.964768 -0.263103 0.000000 1.6119787838914282e-38
45.165369 -10.827220 40.183061 0.971430 -0.237327 0.000000 1.6119787838914282e-38
44.742306 -9.964344 40.284669 0.977403 -0.211383 0.000000 1.6119787838914282e-38
45.287568 -9.057873 40.242397 0.982684 -0.185289 0.000000 1.6119787838914282e-38
45.487982 -7.037896 39.994476 0.987268 -0.159063 0.000000 1.6119787838914282e-38
45.757653 -5.729598 39.609203 0.991153 -0.132726 0.000000 1.6119787838914282e-38
46.418251 -5.107881 40.048711 0.994335 -0.106293 0.000000 1.6119787838914282e-38
46.154101 -3.818243 39.771366 0.996812 -0.079786 0.000000 1.6119787838914282e-38
46.073503 -2.765894 40.588588 0.998583 -0.053222 0.000000 1.6119787838914282e-38
46.089270 -0.883515 40.308152 0.999646 -0.026621 0.000000 1.6119787838914282e-38
46.358879 -0.040704 40.058135 1.000000 -0.000000 0.000000 1.6119787838914282e-38
0.171651 -46.754665 42.606898 -0.000000 -1.000000 0.000000 1.6119787838914282e-38
0.699943 -46.315529 42.286509 0.026621 -0.999646 0.000000 1.6119787838914282e-38
2.548695 -46.788991 43.125163 0.053222 -0.998583 0.000000 1.6119787838914282e-38
3.390787 -46.530453 43.138728 0.079786 -0.996812 0.000000 1.6119787838914282e-38
5.801224 -46.480767 43.481394 0.106293 -0.994335 0.000000 1.6119787838914282e-38
5.759932 -46.064864 43.144805 0.132726 -0.991153 0.000000 1.6119787838914282e-38
7.522676 -46.104088 43.588825 0.159063 -0.987268 0.000000 1.6119787838914282e-38
8.745228 -46.209923 42.892142 0.185289 -0.982684 0.000000 1.6119787838914282e-38
10.134633 -45.593391 42.617781 0.211383 -0.977403 0.000000 1.6119787838914282e-38
11.257676 -45.772862 43.208400 0.237327 -0.971430 0.000000 1.6119787838914282e-38
12.067536 -45.220922 42.913481 0.263103 -0.964768 0.000000 1.6119787838914282e-38
13.962071 -44.672250 43.455257 0.288692 -0.957422 0.000000 1.6119787838914282e-38
15.562582 -44.403341 43.527520 0.314077 -0.949398 0.000000 1.6119787838914282e-38
15.661388 -43.634016 42.834670 0.339239 -0.940700 0.000000 1.6119787838914282e-38
17.031657 -43.411319 43.285192 0.364161 -0.931336 0.000000 1.6119787838914282e-38
17.809298 -43.363509 43.260358 0.388824 -0.921312 0.000000 1.6119787838914282e-38
19.221737 -43.023076 43.055630 0.413212 -0.910635 0.000000 1.6119787838914282e-38
20.423647 -42.021069 43.235695 0.437307 -0.899312 0.000000 1.6119787838914282e-38
21.711819 -41.745046 42.953675 0.461093 -0.887352 0.000000 1.6119787838914282e-38
22.947955 -41.088576 42.958395 0.484551 -0.874763 0.000000 1.6119787838914282e-38
23.299765 -40.316245 43.180504 0.507666 -0.861554 0.000000 1.6119787838914282e-38
24.222991 -39.982166 42.650405 0.530421 -0.847734 0.000000 1.6119787838914282e-38
26.099149 -39.560135 43.053318 0.552800 -0.833314 0.000000 1.6119787838914282e-38
27.106676 -38.227790 42.944935 0.574787 -0.818303 0.000000 1.6119787838914282e-38
28.004872 -37.243616 43.044640 0.596367 -0.802712 0.000000 1.6119787838914282e-38
28.219088 -36.454342 43.197002 0.617525 -0.786552 0.000000 1.6119787838914282e-38
29.850207 -36.610645 42.987430 0.638244 -0.769834 0.000000 1.6119787838914282e-38
30.545684 -35.573761 43.035988 0.658511 -0.752571 0.000000 1.6119787838914282e-38
31.573897 -34.517296 43.298811 0.678312 -0.734774 0.000000 1.6119787838914282e-38
32.715227 -33.667944 42.890209 0.697632 -0.716457 0.000000 1.6119787838914282e-38
33.382832 -32.712788 43.252138 0.716457 -0.697632 0.000000 1.6119787838914282e-38
34.063498 -31.297156 43.252355 0.734774 -0.678312 0.000000 1.6119787838914282e-38
34.387499 -30.782722 43.389144 0.752571 -0.658511 0.000000 1.6119787838914282e-38
36.133145 -29.983832 43.058596 0.769834 -0.638244 0.000000 1.6119787838914282e-38
36.852158 -28.659893 42.652395 0.786552 -0.617525 0.000000 1.6119787838914282e-38
37.373203 -27.409358 43.086807 0.802712 -0.596367 0.000000 1.6119787838914282e-38
38.742507 -25.995639 42.929313 0.818303 -0.574787 0.000000 1.6119787838914282e-38
38.627246 -25.942303 43.406621 0.833314 -0.552800 0.000000 1.6119787838914282e-38
40.032759 -24.134046 43.065881 0.847734 -0.530421 0.000000 1.6119787838914282e-38
40.454057 -23.964577 42.324828 0.861554 -0.507666 0.000000 1.6119787838914282e-38
40.913725 -23.015745 43.269930 0.874763 -0.484551 0.000000 1.6119787838914282e-38
40.950177 -21.793923 43.157227 0.887352 -0.461093 0.000000 1.6119787838914282e-38
42.185852 -20.473570 43.637127 0.899312 -0.437307 0.000000 1.6119787838914282e-38
43.074710 -19.537350 43.559746 0.910635 -0.413212 0.000000 1.6119787838914282e-38
43.632062 -18.228234 43.090544 0.921312 -0.388824 0.000000 1.6119787838914282e-38
43.557166 -17.230682 42.913223 0.931336 -0.364161 0.000000 1.6119787838914282e-38
44.406276 -15.740012 42.910666 0.940700 -0.339239 0.000000 1.6119787838914282e-38
44.139584 -14.921451 43.027767 0.949398 -0.314077 0.000000 1.6119787838914282e-38
45.066755 -13.764421 43.347434 0.957422 -0.288692 0.000000 1.6119787838914282e-38
45.195564 -12.266350 43.384662 0.964768 -0.263103 0.000000 1.6119787838914282e-38
45.701167 -11.524639 42.751719 0.971430 -0.237327 0.000000 1.6119787838914282e-38
45.658773 -9.782703 43.486296 0.977403 -0.211383 0.000000 1.6119787838914282e-38
45.994206 -8.157588 42.864920 0.982684 -0.185289 0.000000 1.6119787838914282e-38
46.027885 -7.533460 42.831755 0.987268 -0.159063 0.000000 1.6119787838914282e-38
46.718714 -7.040487 42.925852 0.991153 -0.132726 0.000000 1.6119787838914282e-38
46.864223 -5.066616 43.398789 0.994335 -0.106293 0.000000 1.6119787838914282e-38
47.294961 -3.708662 43.427603 0.996812 -0.079786 0.000000 1.6119787838914282e-38
47.444239 -2.369362 43.062504 0.998583 -0.053222 0.000000 1.6119787838914282e-38
47.038965 -0.890171 43.065278 0.999646 -0.026621 0.000000 1.6119787838914282e-38
46.639653 0.515219 42.995739 1.000000 -0.000000 0.000000 1.6119787838914282e-38
0.358119 -47.261603 46.701936 -0.000000 -1.000000 0.000000 1.6119787838914282e-38
1.005514 -47.578981 46.410192 0.026621 -0.999646 0.000000 1.6119787838914282e-38
2.180461 -47.238379 46.618369 0.053222 -0.998583 0.000000 1.6119787838914282e-38
3.241662 -47.068900 46.517370 0.079786 -0.996812 0.000000 1.6119787838914282e-38
5.024211 -47.350398 46.075064 0.106293 -0.994335 0.000000 1.6119787838914282e-38
6.031732 -46.900887 46.070834 0.132726 -0.991153 0.000000 1.6119787838914282e-38
7.376161 -46.597897 46.627581 0.159063 -0.987268 0.000000 1.6119787838914282e-38
8.870000 -46.117622 46.627494 0.185289 -0.982684 0.000000 1.6119787838914282e-38
9.830959 -46.188272 46.026362 0.211383 -0.977403 0.000000 1.6119787838914282e-38
10.790507 -45.881213 45.838201 0.237327 -0.971430 0.000000 1.6119787838914282e-38
12.600688 -46.139321 46.205144 0.263103 -0.964768 0.000000 1.6119787838914282e-38
13.195591 -45.122643 46.035832 0.288692 -0.957422 0.000000 1.6119787838914282e-38
14.721599 -44.606971 46.057375 0.314077 -0.949398 0.000000 1.6119787838914282e-38
16.092981 -44.592771 46.306064 0.339239 -0.940700 0.000000 1.6119787838914282e-38
17.552414 -43.839196 46.013846 0.364161 -0.931336 0.000000 1.6119787838914282e-38
18.769831 -43.890241 45.931102 0.388824 -0.921312 0.000000 1.6119787838914282e-38
19.523316 -42.795832 45.802801 0.413212 -0.910635 0.000000 1.6119787838914282e-38
20.969776 -42.590277 46.023726 0.437307 -0.899312 0.000000 1.6119787838914282e-38
22.157675 -42.248460 46.839549 0.461093 -0.887352 0.000000 1.6119787838914282e-38
22.885870 -41.366737 46.616718 0.484551 -0.874763 0.000000 1.6119787838914282e-38
24.085913 -40.429709 45.567899 0.507666 -0.861554 0.000000 1.6119787838914282e-38
24.977592 -40.013120 46.478272 0.530421 -0.847734 0.000000 1.6119787838914282e-38
26.400720 -39.246657 46.472164 0.552800 -0.833314 0.000000 1.6119787838914282e-38
27.353208 -39.381788 46.586507 0.574787 -0.818303 0.000000 1.6119787838914282e-38
27.981008 -37.906653 46.208148 0.596367 -0.802712 0.000000 1.6119787838914282e-38
29.248100 -37.567527 45.572238 0.617525 -0.786552 0.000000 1.6119787838914282e-38
29.914062 -36.196426 45.719860 0.638244 -0.769834 0.000000 1.6119787838914282e-38
30.910150 -35.501635 45.845619 0.658511 -0.752571 0.000000 1.6119787838914282e-38
31.948682 -34.760002 46.238639 0.678312 -0.734774 0.000000 1.6119787838914282e-38
32.712032 -33.875111 46.273503 0.697632 -0.716457 0.000000 1.6119787838914282e-38
33.535434 -32.961747 45.938871 0.716457 -0.697632 0.000000 1.6119787838914282e-38
34.821723 -31.894673 46.100968 0.734774 -0.678312 0.000000 1.6119787838914282e-38
35.901074 -30.936990 46.426195 0.752571 -0.658511 0.000000 1.6119787838914282e-38
36.565230 -29.884545 46.269375 0.769834 -0.638244 0.000000 1.6119787838914282e-38
36.735537 -29.471523 46.090469 0.786552 -0.617525 0.000000 1.6119787838914282e-38
37.974574 -28.124985 45.911761 0.802712 -0.596367 0.000000 1.6119787838914282e-38
39.341445 -27.241440 46.151540 0.818303 -0.574787 0.000000 1.6119787838914282e-38
39.248242 -26.470824 46.115955 0.833314 -0.552800 0.000000 1.6119787838914282e-38
40.140406 -25.136443 46.650393 0.847734 -0.530421 0.000000 1.6119787838914282e-38
40.748477 -24.058913 46.398435 0.861554 -0.507666 0.000000 1.6119787838914282e-38
41.360370 -22.777061 45.770133 0.874763 -0.484551 0.000000 1.6119787838914282e-38
41.626315 -21.791715 46.084361 0.887352 -0.461093 0.000000 1.6119787838914282e-38
42.331146 -20.665776 46.216576 0.899312 -0.437307 0.000000 1.6119787838914282e-38
42.896903 -19.717295 46.218831 0.910635 -0.413212 0.000000 1.6119787838914282e-38
43.309012 -18.588326 46.314027 0.921312 -0.388824 0.000000 1.6119787838914282e-38
44.082735 -17.382691 45.882925 0.931336 -0.364161 0.000000 1.6119787838914282e-38
44.229223 -16.099252 46.761590 0.940700 -0.339239 0.000000 1.6119787838914282e-38
45.114659 -15.268396 46.366011 0.949398 -0.314077 0.000000 1.6119787838914282e-38
45.097137 -13.668268 45.977188 0.957422 -0.288692 0.000000 1.6119787838914282e-38
46.279384 -12.795630 46.247930 0.964768 -0.263103 0.000000 1.6119787838914282e-38
45.782344 -11.013508 46.241882 0.971430 -0.237327 0.000000 1.6119787838914282e-38
46.647095 -9.791516 45.945786 0.977403 -0.211383 0.000000 1.6119787838914282e-38
47.395583 -8.605026 45.988648 0.982684 -0.185289 0.000000 1.6119787838914282e-38
46.799403 -7.340890 46.331684 0.987268 -0.159063 0.000000 1.6119787838914282e-38
47.070443 -5.993343 46.414297 0.991153 -0.132726 0.000000 1.6119787838914282e-38
46.818000 -4.399567 46.744512 0.994335 -0.106293 0.000000 1.6119787838914282e-38
47.429832 -3.765502 46.170612 0.996812 -0.079786 0.000000 1.6119787838914282e-38
47.176238 -2.577878 45.497811 0.998583 -0.053222 0.000000 1.6119787838914282e-38
47.782765 -0.906992 45.650840 0.999646 -0.026621 0.000000 1.6119787838914282e-38
47.607460 -0.002314 46.094132 1.000000 -0.000000 0.000000 1.6119787838914282e-38
0.147852 -48.436205 49.227394 -0.000000 -1.000000 0.000000 1.6119787838914282e-38
1.299323 -47.872254 48.820522 0.026621 -0.999646 0.000000 1.6119787838914282e-38
2.684128 -47.527517 49.352969 0.053222 -0.998583 0.000000 1.6119787838914282e-38
3.754065 -46.953909 48.953397 0.079786 -0.996812 0.000000 1.6119787838914282e-38
5.324914 -47.568948 49.834463 0.106293 -0.994335 0.000000 1.6119787838914282e-38
6.475352 -47.309125 49.382484 0.132726 -0.991153 0.000000 1.6119787838914282e-38
7.303771 -47.564017 49.148069 0.159063 -0.987268 0.000000 1.6119787838914282e-38
9.165022 -47.013778 49.168749 0.185289 -0.982684 0.000000 1.6119787838914282e-38
10.539714 -47.425418 48.842023 0.211383 -0.977403 0.000000 1.6119787838914282e-38
10.622142 -46.181986 49.201751 0.237327 -0.971430 0.000000 1.6119787838914282e-38
12.896018 -46.258056 49.537724 0.263103 -0.964768 0.000000 1.6119787838914282e-38
13.794178 -45.750342 49.309823 0.288692 -0.957422 0.000000 1.6119787838914282e-38
15.149786 -44.983417 48.743442 0.314077 -0.949398 0.000000 1.6119787838914282e-38
16.233562 -45.012723 49.245255 0.339239 -0.940700 0.000000 1.6119787838914282e-38
17.328794 -44.783869 49.689774 0.364161 -0.931336 0.000000 1.6119787838914282e-38
18.608660 -43.411777 49.389252 0.388824 -0.921312 0.000000 1.6119787838914282e-38
19.711491 -43.465776 49.263449 0.413212 -0.910635 0.000000 1.6119787838914282e-38
21.355467 -43.439391 48.690413 0.437307 -0.899312 0.000000 1.6119787838914282e-38
22.200789 -42.265319 49.316541 0.461093 -0.887352 0.000000 1.6119787838914282e-38
23.418207 -41.755215 48.786649 0.484551 -0.874763 0.000000 1.6119787838914282e-38
24.408351 -40.884924 49.282299 0.507666 -0.861554 0.000000 1.6119787838914282e-38
25.021265 -40.717970 49.397796 0.530421 -0.847734 0.000000 1.6119787838914282e-38
27.025203 -40.513781 49.339139 0.552800 -0.833314 0.000000 1.6119787838914282e-38
27.260339 -39.055325 49.407119 0.574787 -0.818303 0.000000 1.6119787838914282e-38
28.504025 -38.271139 49.572738 0.596367 -0.802712 0.000000 1.6119787838914282e-38
29.538313 -38.087483 49.658441 0.617525 -0.786552 0.000000 1.6119787838914282e-38
30.829038 -36.716213 49.023479 0.638244 -0.769834 0.000000 1.6119787838914282e-38
31.847129 -35.445473 49.194376 0.658511 -0.752571 0.000000 1.6119787838914282e-38
32.528553 -35.525062 49.014907 0.678312 -0.734774 0.000000 1.6119787838914282e-38
33.103506 -34.288609 49.128536 0.697632 -0.716457 0.000000 1.6119787838914282e-38
34.439696 -33.693447 49.180502 0.716457 -0.697632 0.000000 1.6119787838914282e-38
34.919444 -32.443934 48.741072 0.734774 -0.678312 0.000000 1.6119787838914282e-38
36.103675 -31.635118 49.285058 0.752571 -0.658511 0.000000 1.6119787838914282e-38
36.389660 -30.384014 49.141146 0.769834 -0.638244 0.000000 1.6119787838914282e-38
37.751469 -30.148707 48.857949 0.786552 -0.617525 0.000000 1.6119787838914282e-38
38.343573 -28.161319 49.388951 0.802712 -0.596367 0.000000 1.6119787838914282e-38
39.246605 -27.817294 48.898890 0.818303 -0.574787 0.000000 1.6119787838914282e-38
40.009874 -26.276307 49.293461 0.833314 -0.552800 0.000000 1.6119787838914282e-38
41.130680 -25.618991 49.284580 0.847734 -0.530421 0.000000 1.6119787838914282e-38
40.772006 -24.260665 49.671581 0.861554 -0.507666 0.000000 1.6119787838914282e-38
41.600394 -22.963825 49.663081 0.874763 -0.484551 0.000000 1.6119787838914282e-38
42.309114 -21.952413 49.704659 0.887352 -0.461093 0.000000 1.6119787838914282e-38
43.158217 -20.716853 48.698584 0.899312 -0.437307 0.000000 1.6119787838914282e-38
43.810721 -19.643217 48.832906 0.910635 -0.413212 0.000000 1.6119787838914282e-38
43.853862 -18.448676 49.139956 0.921312 -0.388824 0.000000 1.6119787838914282e-38
44.957035 -17.354942 49.247706 0.931336 -0.364161 0.000000 1.6119787838914282e-38
45.020984 -16.166272 49.471649 0.940700 -0.339239 0.000000 1.6119787838914282e-38
45.648993 -15.175376 49.602600 0.949398 -0.314077 0.000000 1.6119787838914282e-38
46.070624 -13.716634 49.258278 0.957422 -0.288692 0.000000 1.6119787838914282e-38
46.375294 -13.155634 49.303162 0.964768 -0.263103 0.000000 1.6119787838914282e-38
47.036534 -11.305126 49.255812 0.971430 -0.237327 0.000000 1.6119787838914282e-38
46.651924 -9.980235 49.172247 0.977403 -0.211383 0.000000 1.6119787838914282e-38
47.476497 -9.136893 49.095078 0.982684 -0.185289 0.000000 1.6119787838914282e-38
47.123090 -7.070894 49.173840 0.987268 -0.159063 0.000000 1.6119787838914282e-38
47.325048 -6.986506 48.957358 0.991153 -0.132726 0.000000 1.6119787838914282e-38
47.800296 -4.935716 49.035408 0.994335 -0.106293 0.000000 1.6119787838914282e-38
47.581925 -3.264860 50.039683 0.996812 -0.079786 0.000000 1.6119787838914282e-38
48.190393 -2.082270 49.762197 0.998583 -0.053222 0.000000 1.6119787838914282e-38
48.560761 -1.366057 48.967289 0.999646 -0.026621 0.000000 1.6119787838914282e-38
48.463416 -0.289288 48.922190 1.000000 -0.000000 0.000000 1.6119787838914282e-38
-0.301690 -48.539226 51.712380 -0.000000 -1.000000 0.000000 1.6119787838914282e-38
0.861157 -48.669321 51.948915 0.026621 -0.999646 0.000000 1.6119787838914282e-38
2.899989 -48.429074 52.480799 0.053222 -0.998583 0.000000 1.6119787838914282e-38
4.009870 -48.407222 52.604132 0.079786 -0.996812 0.000000 1.6119787838914282e-38
5.290858 -48.320566 51.802519 0.106293 -0.994335 0.000000 1.6119787838914282e-38
6.593360 -48.449112 52.421777 0.132726 -0.991153 0.000000 1.6119787838914282e-38
7.738215 -48.290436 52.385211 0.159063 -0.987268 0.000000 1.6119787838914282e-38
9.043863 -47.601506 52.351791 0.185289 -0.982684 0.000000 1.6119787838914282e-38
10.056300 -47.226393 52.101396 0.211383 -0.977403 0.000000 1.6119787838914282e-38
11.187922 -46.911773 52.588621 0.237327 -0.971430 0.000000 1.6119787838914282e-38
12.942283 -46.853214 51.725853 0.263103 -0.964768 0.000000 1.6119787838914282e-38
14.446011 -47.021314 52.483511 0.288692 -0.957422 0.000000 1.6119787838914282e-38
15.865731 -46.000761 52.395062 0.314077 -0.949398 0.000000 1.6119787838914282e-38
16.566816 -45.564331 53.012876 0.339239 -0.940700 0.000000 1.6119787838914282e-38
17.408768 -45.460243 52.209442 0.364161 -0.931336 0.000000 1.6119787838914282e-38
19.380147 -44.856516 52.436782 0.388824 -0.921312 0.000000 1.6119787838914282e-38
20.362014 -43.931916 52.613114 0.413212 -0.910635 0.000000 1.6119787838914282e-38
21.634717 -43.523995 52.170578 0.437307 -0.899312 0.000000 1.6119787838914282e-38
22.407063 -43.138121 53.064158 0.461093 -0.887352 0.000000 1.6119787838914282e-38
23.340827 -42.280899 51.857433 0.484551 -0.874763 0.000000 1.6119787838914282e-38
24.661539 -41.871338 52.510398 0.507666 -0.861554 0.000000 1.6119787838914282e-38
25.935838 -40.689857 52.708963 0.530421 -0.847734 0.000000 1.6119787838914282e-38
26.790805 -40.698880 52.059560 0.552800 -0.833314 0.000000 1.6119787838914282e-38
27.967900 -39.640191 52.385070 0.574787 -0.818303 0.000000 1.6119787838914282e-38
28.763169 -38.500189 51.865887 0.596367 -0.802712 0.000000 1.6119787838914282e-38
29.772685 -38.470731 52.245000 0.617525 -0.786552 0.000000 1.6119787838914282e-38
31.328690 -37.423126 52.338136 0.638244 -0.769834 0.000000 1.6119787838914282e-38
32.136948 -36.600132 52.422481 0.658511 -0.752571 0.000000 1.6119787838914282e-38
32.973220 -35.975648 52.168398 0.678312 -0.734774 0.000000 1.6119787838914282e-38
33.941370 -34.363356 52.692070 0.697632 -0.716457 0.000000 1.6119787838914282e-38
35.376660 -33.689357 52.183698 0.716457 -0.697632 0.000000 1.6119787838914282e-38
35.617219 -32.932123 52.185328 0.734774 -0.678312 0.000000 1.6119787838914282e-38
36.614424 -31.808828 51.955565 0.752571 -0.658511 0.000000 1.6119787838914282e-38
37.663251 -31.505761 52.240948 0.769834 -0.638244 0.000000 1.6119787838914282e-38
38.492393 -29.767607 52.200600 0.786552 -0.617525 0.000000 1.6119787838914282e-38
39.522007 -29.055724 51.707107 0.802712 -0.596367 0.000000 1.6119787838914282e-38
39.823349 -28.410633 52.058258 0.818303 -0.574787 0.000000 1.6119787838914282e-38
40.602390 -26.948954 52.481875 0.833314 -0.552800 0.000000 1.6119787838914282e-38
40.767527 -25.467768 51.800408 0.847734 -0.530421 0.000000 1.6119787838914282e-38
42.180796 -24.764300 52.767040 0.861554 -0.507666 0.000000 1.6119787838914282e-38
42.173687 -22.923194 52.020394 0.874763 -0.484551 0.000000 1.6119787838914282e-38
42.498220 -22.349966 52.677889 0.887352 -0.461093 0.000000 1.6119787838914282e-38
43.853702 -20.860429 52.550848 0.899312 -0.437307 0.000000 1.6119787838914282e-38
43.919531 -19.810786 52.335542 0.910635 -0.413212 0.000000 1.6119787838914282e-38
44.470534 -18.804091 52.290795 0.921312 -0.388824 0.000000 1.6119787838914282e-38
45.594423 -17.816181 52.139207 0.931336 -0.364161 0.000000 1.6119787838914282e-38
45.414190 -15.883965 52.114886 0.940700 -0.339239 0.000000 1.6119787838914282e-38
46.434653 -15.542076 52.459679 0.949398 -0.314077 0.000000 1.6119787838914282e-38
46.513537 -13.631493 52.634206 0.957422 -0.288692 0.000000 1.6119787838914282e-38
46.815623 -12.921546 52.795181 0.964768 -0.263103 0.000000 1.6119787838914282e-38
46.923078 -12.190616 51.750123 0.971430 -0.237327 0.000000 1.6119787838914282e-38
46.919358 -10.073308 52.972033 0.977403 -0.211383 0.000000 1.6119787838914282e-38
47.048002 -9.221234 52.334400 0.982684 -0.185289 0.000000 1.6119787838914282e-38
48.345977 -7.950930 52.484932 0.987268 -0.159063 0.000000 1.6119787838914282e-38
47.995695 -5.655014 52.351054 0.991153 -0.132726 0.000000 1.6119787838914282e-38
48.331753 -5.129936 52.183286 0.994335 -0.106293 0.000000 1.6119787838914282e-38
48.630151 -4.217319 51.707104 0.996812 -0.079786 0.000000 1.6119787838914282e-38
48.386010 -2.336596 52.133459 0.998583 -0.053222 0.000000 1.6119787838914282e-38
48.538567 -1.657299 52.626491 0.999646 -0.026621 0.000000 1.6119787838914282e-38
48.695380 0.005918 52.358311 1.000000 -0.000000 0.000000 1.6119787838914282e-38
-0.418073 -49.500643 55.348018 -0.000000 -1.000000 0.000000 1.6119787838914282e-38
1.461081 -48.909262 55.275736 0.026621 -0.999646 0.000000 1.6119787838914282e-38
2.836608 -48.600154 55.358015 0.053222 -0.998583 0.000000 1.6119787838914282e-38
4.010076 -49.001814 55.346723 0.079786 -0.996812 0.000000 1.6119787838914282e-38
5.269452 -48.306857 55.659198 0.106293 -0.994335 0.000000 1.6119787838914282e-38
6.763844 -48.797737 55.115163 0.132726 -0.991153 0.000000 1.6119787838914282e-38
7.926238 -48.097779 55.901637 0.159063 -0.987268 0.000000 1.6119787838914282e-38
8.361139 -47.511919 55.509711 0.185289 -0.982684 0.000000 1.6119787838914282e-38
10.650715 -48.508556 55.313544 0.211383 -0.977403 0.000000 1.6119787838914282e-38
11.898640 -48.045722 54.518122 0.237327 -0.971430 0.000000 1.6119787838914282e-38
13.017928 -47.381154 55.817017 0.263103 -0.964768 0.000000 1.6119787838914282e-38
14.125637 -47.031584 55.593919 0.288692 -0.957422 0.000000 1.6119787838914282e-38
15.729959 -46.824226 55.667965 0.314077 -0.949398 0.000000 1.6119787838914282e-38
16.498743 -46.179640 55.585846 0.339239 -0.940700 0.000000 1.6119787838914282e-38
18.132359 -45.629363 55.060449 0.364161 -0.931336 0.000000 1.6119787838914282e-38
18.528626 -45.289097 55.676001 0.388824 -0.921312 0.000000 1.6119787838914282e-38
20.421964 -44.635892 55.382507 0.413212 -0.910635 0.000000 1.6119787838914282e-38
21.562760 -44.450833 55.618676 0.437307 -0.899312 0.000000 1.6119787838914282e-38
22.891678 -43.671995 55.515718 0.461093 -0.887352 0.000000 1.6119787838914282e-38
23.274533 -42.893332 55.344678 0.484551 -0.874763 0.000000 1.6119787838914282e-38
25.302117 -42.358430 55.645215 0.507666 -0.861554 0.000000 1.6119787838914282e-38
25.924180 -42.306178 55.316954 0.530421 -0.847734 0.000000 1.6119787838914282e-38
27.199285 -40.867108 55.434401 0.552800 -0.833314 0.000000 1.6119787838914282e-38
28.067812 -40.272491 55.046712 0.574787 -0.818303 0.000000 1.6119787838914282e-38
28.680255 -39.441848 55.161054 0.596367 -0.802712 0.000000 1.6119787838914282e-38
30.641924 -39.271111 55.471921 0.617525 -0.786552 0.000000 1.6119787838914282e-38
31.971667 -37.850604 55.383791 0.638244 -0.769834 0.000000 1.6119787838914282e-38
32.458162 -36.796840 55.262063 0.658511 -0.752571 0.000000 1.6119787838914282e-38
32.999892 -35.878637 54.812197 0.678312 -0.734774 0.000000 1.6119787838914282e-38
34.500568 -35.292682 55.385541 0.697632 -0.716457 0.000000 1.6119787838914282e-38
35.017460 -33.821635 55.459319 0.716457 -0.697632 0.000000 1.6119787838914282e-38
35.977932 -33.407352 55.340168 0.734774 -0.678312 0.000000 1.6119787838914282e-38
37.667278 -32.725385 55.709480 0.752571 -0.658511 0.000000 1.6119787838914282e-38
37.966182 -30.873277 55.573335 0.769834 -0.638244 0.000000 1.6119787838914282e-38
38.617524 -30.011965 55.453546 0.786552 -0.617525 0.000000 1.6119787838914282e-38
39.636397 -28.850771 55.412371 0.802712 -0.596367 0.000000 1.6119787838914282e-38
40.048057 -28.412892 55.519778 0.818303 -0.574787 0.000000 1.6119787838914282e-38
40.648909 -27.245200 55.094345 0.833314 -0.552800 0.000000 1.6119787838914282e-38
41.772850 -26.267178 54.998596 0.847734 -0.530421 0.000000 1.6119787838914282e-38
41.965605 -25.095674 55.240525 0.861554 -0.507666 0.000000 1.6119787838914282e-38
43.022782 -23.837984 55.495709 0.874763 -0.484551 0.000000 1.6119787838914282e-38
43.700599 -22.415636 54.812268 0.887352 -0.461093 0.000000 1.6119787838914282e-38
43.814439 -21.303563 55.448039 0.899312 -0.437307 0.000000 1.6119787838914282e-38
45.001582 -20.750260 55.242069 0.910635 -0.413212 0.000000 1.6119787838914282e-38
45.143796 -19.039733 55.395379 0.921312 -0.388824 0.000000 1.6119787838914282e-38
45.865581 -17.913215 55.796316 0.931336 -0.364161 0.000000 1.6119787838914282e-38
46.691959 -16.990632 55.398149 0.940700 -0.339239 0.000000 1.6119787838914282e-38
46.850999 -15.244304 55.262262 0.949398 -0.314077 0.000000 1.6119787838914282e-38
47.082028 -14.648650 55.378873 0.957422 -0.288692 0.000000 1.6119787838914282e-38
46.928128 -12.764883 55.049828 0.964768 -0.263103 0.000000 1.6119787838914282e-38
47.742208 -11.556027 55.407375 0.971430 -0.237327 0.000000 1.6119787838914282e-38
47.796986 -10.441146 55.738937 0.977403 -0.211383 0.000000 1.6119787838914282e-38
48.118453 -9.090502 55.217579 0.982684 -0.185289 0.000000 1.6119787838914282e-38
48.777030 -7.786028 55.155423 0.987268 -0.159063 0.000000 1.6119787838914282e-38
48.663752 -6.588599 55.802390 0.991153 -0.132726 0.000000 1.6119787838914282e-38
48.804430 -5.633407 55.534205 0.994335 -0.106293 0.000000 1.6119787838914282e-38
49.475284 -3.558097 55.053735 0.996812 -0.079786 0.000000 1.6119787838914282e-38
48.945773 -2.622200 55.379051 0.998583 -0.053222 0.000000 1.6119787838914282e-38
49.192864 -1.410191 55.109928 0.999646 -0.026621 0.000000 1.6119787838914282e-38
49.381515 -0.337070 55.143980 1.000000 -0.000000 0.000000 1.6119787838914282e-38
-0.338934 -49.514342 58.493480 -0.000000 -1.000000 0.000000 1.6119787838914282e-38
1.588038 -49.915951 58.085635 0.026621 -0.999646 0.000000 1.6119787838914282e-38
2.511866 -49.682317 58.524267 0.053222 -0.998583 0.000000 1.6119787838914282e-38
3.460493 -49.395949 58.193267 0.079786 -0.996812 0.000000 1.6119787838914282e-38
5.088350 -49.064343 57.806579 0.106293 -0.994335 0.000000 1.6119787838914282e-38
6.692945 -49.162700 58.215903 0.132726 -0.991153 0.000000 1.6119787838914282e-38
7.771037 -48.698954 59.050416 0.159063 -0.987268 0.000000 1.6119787838914282e-38
9.527898 -48.271679 58.254139 0.185289 -0.982684 0.000000 1.6119787838914282e-38
10.031270 -48.590785 58.702996 0.211383 -0.977403 0.000000 1.6119787838914282e-38
11.238239 -48.556065 58.216920 0.237327 -0.971430 0.000000 1.6119787838914282e-38
13.182642 -47.878753 58.228990 0.263103 -0.964768 0.000000 1.6119787838914282e-38
14.401357 -47.925407 58.333611 0.288692 -0.957422 0.000000 1.6119787838914282e-38
15.229549 -47.228239 58.221392 0.314077 -0.949398 0.000000 1.6119787838914282e-38
17.066608 -46.758783 58.393516 0.339239 -0.940700 0.000000 1.6119787838914282e-38
18.628492 -46.170564 58.351092 0.364161 -0.931336 0.000000 1.6119787838914282e-38
19.148665 -46.141719 58.441773 0.388824 -0.921312 0.000000 1.6119787838914282e-38
20.628106 -45.831045 58.052343 0.413212 -0.910635 0.000000 1.6119787838914282e-38
21.578471 -45.023473 58.474516 0.437307 -0.899312 0.000000 1.6119787838914282e-38
22.970023 -44.136320 58.626591 0.461093 -0.887352 0.000000 1.6119787838914282e-38
23.905738 -43.487752 58.160544 0.484551 -0.874763 0.000000 1.6119787838914282e-38
25.315364 -42.794747 58.101978 0.507666 -0.861554 0.000000 1.6119787838914282e-38
26.314343 -42.142057 58.545842 0.530421 -0.847734 0.000000 1.6119787838914282e-38
27.568496 -41.630395 58.690632 0.552800 -0.833314 0.000000 1.6119787838914282e-38
28.722705 -40.885390 58.118729 0.574787 -0.818303 0.000000 1.6119787838914282e-38
29.443823 -40.334662 58.523940 0.596367 -0.802712 0.000000 1.6119787838914282e-38
31.044810 -38.663580 58.134736 0.617525 -0.786552 0.000000 1.6119787838914282e-38
31.955504 -38.233863 57.742756 0.638244 -0.769834 0.000000 1.6119787838914282e-38
32.626983 -37.534371 58.824784 0.658511 -0.752571 0.000000 1.6119787838914282e-38
33.449459 -36.347890 58.429412 0.678312 -0.734774 0.000000 1.6119787838914282e-38
34.237152 -35.772127 58.921028 0.697632 -0.716457 0.000000 1.6119787838914282e-38
35.554460 -34.399135 58.716855 0.716457 -0.697632 0.000000 1.6119787838914282e-38
36.382331 -34.095772 58.115993 0.734774 -0.678312 0.000000 1.6119787838914282e-38
37.836766 -32.681181 57.941392 0.752571 -0.658511 0.000000 1.6119787838914282e-38
38.509402 -32.255518 58.213701 0.769834 -0.638244 0.000000 1.6119787838914282e-38
39.114432 -29.933616 58.706339 0.786552 -0.617525 0.000000 1.6119787838914282e-38
39.748450 -29.629774 58.737451 0.802712 -0.596367 0.000000 1.6119787838914282e-38
41.094575 -28.640080 58.395953 0.818303 -0.574787 0.000000 1.6119787838914282e-38
41.165025 -27.273513 58.769330 0.833314 -0.552800 0.000000 1.6119787838914282e-38
41.549105 -26.479903 58.097505 0.847734 -0.530421 0.000000 1.6119787838914282e-38
42.862792 -25.601362 58.065496 0.861554 -0.507666 0.000000 1.6119787838914282e-38
43.811036 -24.130890 58.443567 0.874763 -0.484551 0.000000 1.6119787838914282e-38
44.229134 -22.624132 58.335961 0.887352 -0.461093 0.000000 1.6119787838914282e-38
44.575125 -21.850922 58.785991 0.899312 -0.437307 0.000000 1.6119787838914282e-38
45.236291 -20.623151 58.578807 0.910635 -0.413212 0.000000 1.6119787838914282e-38
46.336744 -19.301501 58.380704 0.921312 -0.388824 0.000000 1.6119787838914282e-38
46.868450 -17.699114 58.816986 0.931336 -0.364161 0.000000 1.6119787838914282e-38
46.600721 -17.039443 57.911292 0.940700 -0.339239 0.000000 1.6119787838914282e-38
47.472643 -15.585887 57.921272 0.949398 -0.314077 0.000000 1.6119787838914282e-38
47.942520 -14.448619 58.397314 0.957422 -0.288692 0.000000 1.6119787838914282e-38
47.493148 -12.928013 58.612069 0.964768 -0.263103 0.000000 1.6119787838914282e-38
48.263732 -11.920135 59.249479 0.971430 -0.237327 0.000000 1.6119787838914282e-38
48.213989 -10.721726 58.674015 0.977403 -0.211383 0.000000 1.6119787838914282e-38
48.533109 -9.534942 58.800994 0.982684 -0.185289 0.000000 1.6119787838914282e-38
49.246826 -7.759897 58.516086 0.987268 -0.159063 0.000000 1.6119787838914282e-38
49.050673 -6.671995 58.437816 0.991153 -0.132726 0.000000 1.6119787838914282e-38
49.670321 -5.154817 58.183185 0.994335 -0.106293 0.000000 1.6119787838914282e-38
49.776431 -4.468762 58.365412 0.996812 -0.079786 0.000000 1.6119787838914282e-38
49.284954 -2.902167 59.039514 0.998583 -0.053222 0.000000 1.6119787838914282e-38
49.239191 -1.568745 58.614659 0.999646 -0.026621 0.000000 1.6119787838914282e-38
49.557005 0.046667 58.890403 1.000000 -0.000000 0.000000 1.6119787838914282e-38
0.196388 -50.442599 61.498346 -0.000000 -1.000000 0.000000 1.6119787838914282e-38
1.498247 -50.093671 61.544687 0.026621 -0.999646 0.000000 1.6119787838914282e-38
2.785364 -50.122227 61.510794 0.053222 -0.998583 0.000000 1.6119787838914282e-38
3.831829 -49.918853 61.626000 0.079786 -0.996812 0.000000 1.6119787838914282e-38
4.722480 -50.264774 61.394260 0.106293 -0.994335 0.000000 1.6119787838914282e-38
6.616019 -49.495781 62.499159 0.132726 -0.991153 0.000000 1.6119787838914282e-38
7.263565 -49.570245 61.559337 0.159063 -0.987268 0.000000 1.6119787838914282e-38
9.266245 -49.268090 61.583398 0.185289 -0.982684 0.000000 1.6119787838914282e-38
10.524537 -49.156567 61.705432 0.211383 -0.977403 0.000000 1.6119787838914282e-38
12.076448 -48.808272 61.363427 0.237327 -0.971430 0.000000 1.6119787838914282e-38
14.080327 -48.421894 61.767201 0.263103 -0.964768 0.000000 1.6119787838914282e-38
14.369440 -48.103366 61.592944 0.288692 -0.957422 0.000000 1.6119787838914282e-38
15.225100 -47.971592 61.317919 0.314077 -0.949398 0.000000 1.6119787838914282e-38
16.884255 -47.640051 61.551618 0.339239 -0.940700 0.000000 1.6119787838914282e-38
18.737211 -46.808921 61.184080 0.364161 -0.931336 0.000000 1.6119787838914282e-38
19.249360 -46.456945 61.113780 0.388824 -0.921312 0.000000 1.6119787838914282e-38
20.876734 -45.400816 61.365690 0.413212 -0.910635 0.000000 1.6119787838914282e-38
22.020271 -45.365882 61.349573 0.437307 -0.899312 0.000000 1.6119787838914282e-38
23.250745 -44.834571 61.295941 0.461093 -0.887352 0.000000 1.6119787838914282e-38
23.888088 -43.982951 61.858564 0.484551 -0.874763 0.000000 1.6119787838914282e-38
25.748795 -42.890291 61.336107 0.507666 -0.861554 0.000000 1.6119787838914282e-38
26.936472 -42.973522 61.751239 0.530421 -0.847734 0.000000 1.6119787838914282e-38
28.300202 -41.767838 62.037005 0.552800 -0.833314 0.000000 1.6119787838914282e-38
28.733334 -41.202531 61.263756 0.574787 -0.818303 0.000000 1.6119787838914282e-38
30.008905 -40.297094 61.546272 0.596367 -0.802712 0.000000 1.6119787838914282e-38
30.920478 -39.712327 61.642013 0.617525 -0.786552 0.000000 1.6119787838914282e-38
32.057169 -39.069726 60.969276 0.638244 -0.769834 0.000000 1.6119787838914282e-38
32.945789 -38.270491 61.287791 0.658511 -0.752571 0.000000 1.6119787838914282e-38
33.993447 -37.004435 61.338660 0.678312 -0.734774 0.000000 1.6119787838914282e-38
35.749617 -36.417534 61.901225 0.697632 -0.716457 0.000000 1.6119787838914282e-38
35.990433 -35.289515 61.714734 0.716457 -0.697632 0.000000 1.6119787838914282e-38
36.824742 -34.362528 62.075405 0.734774 -0.678312 0.000000 1.6119787838914282e-38
37.197473 -33.197898 61.595483 0.752571 -0.658511 0.000000 1.6119787838914282e-38
39.146592 -32.224485 62.336766 0.769834 -0.638244 0.000000 1.6119787838914282e-38
39.792848 -31.772908 61.102357 0.786552 -0.617525 0.000000 1.6119787838914282e-38
40.449077 -30.341627 61.702812 0.802712 -0.596367 0.000000 1.6119787838914282e-38
41.026143 -29.271761 61.249085 0.818303 -0.574787 0.000000 1.6119787838914282e-38
42.172926 -28.413832 61.852044 0.833314 -0.552800 0.000000 1.6119787838914282e-38
42.965094 -26.780652 61.117129 0.847734 -0.530421 0.000000 1.6119787838914282e-38
43.504648 -25.682510 61.083926 0.861554 -0.507666 0.000000 1.6119787838914282e-38
44.575070 -24.639199 61.096816 0.874763 -0.484551 0.000000 1.6119787838914282e-38
44.721094 -23.214227 61.984318 0.887352 -0.461093 0.000000 1.6119787838914282e-38
45.123038 -22.108417 61.639030 0.899312 -0.437307 0.000000 1.6119787838914282e-38
45.866601 -20.716386 61.620047 0.910635 -0.413212 0.000000 1.6119787838914282e-38
46.393215 -19.683576 61.788265 0.921312 -0.388824 0.000000 1.6119787838914282e-38
46.740098 -18.076698 61.954790 0.931336 -0.364161 0.000000 1.6119787838914282e-38
47.115837 -16.343047 61.324678 0.940700 -0.339239 0.000000 1.6119787838914282e-38
47.544977 -15.636688 61.670930 0.949398 -0.314077 0.000000 1.6119787838914282e-38
48.181783 -14.276305 61.614251 0.957422 -0.288692 0.000000 1.6119787838914282e-38
49.149471 -13.250551 61.282113 0.964768 -0.263103 0.000000 1.6119787838914282e-38
48.699348 -11.796609 61.684247 0.971430 -0.237327 0.000000 1.6119787838914282e-38
49.227283 -10.887819 61.871056 0.977403 -0.211383 0.000000 1.6119787838914282e-38
50.012069 -9.311625 62.081643 0.982684 -0.185289 0.000000 1.6119787838914282e-38
49.921444 -7.335605 61.680255 0.987268 -0.159063 0.000000 1.6119787838914282e-38
49.897945 -6.423638 61.408386 0.991153 -0.132726 0.000000 1.6119787838914282e-38
50.139159 -4.947559 61.784315 0.994335 -0.106293 0.000000 1.6119787838914282e-38
50.132345 -3.953276 61.765765 0.996812 -0.079786 0.000000 1.6119787838914282e-38
50.448035 -2.452162 61.640293 0.998583 -0.053222 0.000000 1.6119787838914282e-38
50.036805 -1.538611 61.676812 0.999646 -0.026621 0.000000 1.6119787838914282e-38
50.551432 0.210581 61.335897 1.000000 -0.000000 0.000000 1.6119787838914282e-38
-0.045350 -51.256309 64.197956 -0.000000 -1.000000 0.000000 1.6119787838914282e-38
1.379535 -50.478538 64.645326 0.026621 -0.999646 0.000000 1.6119787838914282e-38
3.281664 -50.881110 64.624750 0.053222 -0.998583 0.000000 1.6119787838914282e-38
3.764132 -50.845917 64.258403 0.079786 -0.996812 0.000000 1.6119787838914282e-38
4.947165 -50.967523 64.640967 0.106293 -0.994335 0.000000 1.6119787838914282e-38
6.535252 -50.603630 64.738346 0.132726 -0.991153 0.000000 1.6119787838914282e-38
7.632333 -50.231622 64.869807 0.159063 -0.987268 0.000000 1.6119787838914282e-38
9.712310 -49.867607 64.599730 0.185289 -0.982684 0.000000 1.6119787838914282e-38
10.573105 -49.778474 65.111424 0.211383 -0.977403 0.000000 1.6119787838914282e-38
12.162804 -49.481756 64.784492 0.237327 -0.971430 0.000000 1.6119787838914282e-38
13.407897 -49.042830 64.541369 0.263103 -0.964768 0.000000 1.6119787838914282e-38
14.571101 -48.437835 64.030280 0.288692 -0.957422 0.000000 1.6119787838914282e-38
16.131349 -48.471186 64.043821 0.314077 -0.949398 0.000000 1.6119787838914282e-38
16.976241 -47.896244 64.645828 0.339239 -0.940700 0.000000 1.6119787838914282e-38
18.759240 -47.166355 64.151370 0.364161 -0.931336 0.000000 1.6119787838914282e-38
19.905967 -46.679925 64.681061 0.388824 -0.921312 0.000000 1.6119787838914282e-38
21.184896 -46.934732 64.318320 0.413212 -0.910635 0.000000 1.6119787838914282e-38
22.670517 -45.862520 65.282316 0.437307 -0.899312 0.000000 1.6119787838914282e-38
23.087938 -44.700661 64.432173 0.461093 -0.887352 0.000000 1.6119787838914282e-38
24.924320 -44.617577 64.650088 0.484551 -0.874763 0.000000 1.6119787838914282e-38
26.020896 -44.040577 64.855717 0.507666 -0.861554 0.000000 1.6119787838914282e-38
26.920797 -43.099680 63.821833 0.530421 -0.847734 0.000000 1.6119787838914282e-38
28.038548 -42.039970 64.823788 0.552800 -0.833314 0.000000 1.6119787838914282e-38
29.524956 -41.638910 65.118267 0.574787 -0.818303 0.000000 1.6119787838914282e-38
30.444031 -41.059283 64.871927 0.596367 -0.802712 0.000000 1.6119787838914282e-38
31.711268 -39.849763 64.494504 0.617525 -0.786552 0.000000 1.6119787838914282e-38
32.573640 -38.769651 64.758650 0.638244 -0.769834 0.000000 1.6119787838914282e-38
33.077551 -38.497510 64.412805 0.658511 -0.752571 0.000000 1.6119787838914282e-38
34.302506 -38.036347 65.182558 0.678312 -0.734774 0.000000 1.6119787838914282e-38
35.249366 -36.711716 64.032872 0.697632 -0.716457 0.000000 1.6119787838914282e-38
36.730461 -35.539512 64.510111 0.716457 -0.697632 0.000000 1.6119787838914282e-38
37.313561 -34.352461 64.471378 0.734774 -0.678312 0.000000 1.6119787838914282e-38
37.712211 -33.908341 64.212343 0.752571 -0.658511 0.000000 1.6119787838914282e-38
39.270244 -32.210192 65.055126 0.769834 -0.638244 0.000000 1.6119787838914282e-38
39.548172 -31.248407 64.430863 0.786552 -0.617525 0.000000 1.6119787838914282e-38
41.738291 -29.942433 65.125953 0.802712 -0.596367 0.000000 1.6119787838914282e-38
41.895637 -29.144426 64.494610 0.818303 -0.574787 0.000000 1.6119787838914282e-38
42.239236 -28.379780 64.800657 0.833314 -0.552800 0.000000 1.6119787838914282e-38
43.621215 -27.107602 64.398680 0.847734 -0.530421 0.000000 1.6119787838914282e-38
43.411520 -25.768825 64.984165 0.861554 -0.507666 0.000000 1.6119787838914282e-38
44.912760 -24.252058 64.740007 0.874763 -0.484551 0.000000 1.6119787838914282e-38
45.196849 -23.086789 64.282366 0.887352 -0.461093 0.000000 1.6119787838914282e-38
45.646354 -21.747448 64.293003 0.899312 -0.437307 0.000000 1.6119787838914282e-38
46.344638 -20.844764 64.640194 0.910635 -0.413212 0.000000 1.6119787838914282e-38
47.243313 -19.335012 64.759284 0.921312 -0.388824 0.000000 1.6119787838914282e-38
47.825779 -18.815842 64.568123 0.931336 -0.364161 0.000000 1.6119787838914282e-38
48.606987 -16.685745 64.232303 0.940700 -0.339239 0.000000 1.6119787838914282e-38
48.324331 -15.946946 64.740342 0.949398 -0.314077 0.000000 1.6119787838914282e-38
49.118848 -14.143834 64.626609 0.957422 -0.288692 0.000000 1.6119787838914282e-38
49.447164 -13.198521 64.609045 0.964768 -0.263103 0.000000 1.6119787838914282e-38
48.940244 -11.775342 64.796943 0.971430 -0.237327 0.000000 1.6119787838914282e-38
49.870643 -11.054606 65.203126 0.977403 -0.211383 0.000000 1.6119787838914282e-38
50.068319 -9.774355 64.224689 0.982684 -0.185289 0.000000 1.6119787838914282e-38
50.459175 -7.884797 64.476482 0.987268 -0.159063 0.000000 1.6119787838914282e-38
50.592456 -6.555982 64.657362 0.991153 -0.132726 0.000000 1.6119787838914282e-38
50.405241 -5.122359 64.866674 0.994335 -0.106293 0.000000 1.6119787838914282e-38
50.912047 -4.311553 64.216075 0.996812 -0.079786 0.000000 1.6119787838914282e-38
50.854836 -2.430352 64.927496 0.998583 -0.053222 0.000000 1.6119787838914282e-38
51.061300 -1.490228 64.374122 0.999646 -0.026621 0.000000 1.6119787838914282e-38
50.898965 -0.002215 64.947573 1.000000 -0.000000 0.000000 1.6119787838914282e-38
-0.143914 -51.619187 68.308805 -0.000000 -1.000000 0.000000 1.6119787838914282e-38
1.836329 -51.746776 68.132933 0.026621 -0.999646 0.000000 1.6119787838914282e-38
2.404388 -51.557419 67.596235 0.053222 -0.998583 0.000000 1.6119787838914282e-38
4.085722 -51.150084 67.724250 0.079786 -0.996812 0.000000 1.6119787838914282e-38
5.658553 -51.328986 67.804574 0.106293 -0.994335 0.000000 1.6119787838914282e-38
6.859080 -51.461061 67.837211 0.132726 -0.991153 0.000000 1.6119787838914282e-38
8.220617 -51.058683 67.564855 0.159063 -0.987268 0.000000 1.6119787838914282e-38
9.422309 -50.681897 68.219995 0.185289 -0.982684 0.000000 1.6119787838914282e-38
11.513322 -51.154275 67.838760 0.211383 -0.977403 0.000000 1.6119787838914282e-38
12.508856 -50.093650 67.970735 0.237327 -0.971430 0.000000 1.6119787838914282e-38
14.046083 -50.097284 67.732436 0.263103 -0.964768 0.000000 1.6119787838914282e-38
15.454715 -49.678749 67.657738 0.288692 -0.957422 0.000000 1.6119787838914282e-38
16.040492 -48.578592 68.049681 0.314077 -0.949398 0.000000 1.6119787838914282e-38
17.519565 -48.436582 67.176563 0.339239 -0.940700 0.000000 1.6119787838914282e-38
19.181241 -48.069943 67.649610 0.364161 -0.931336 0.000000 1.6119787838914282e-38
20.316000 -47.388464 67.993460 0.388824 -0.921312 0.000000 1.6119787838914282e-38
21.461530 -46.836730 67.785441 0.413212 -0.910635 0.000000 1.6119787838914282e-38
22.184579 -46.359442 68.017522 0.437307 -0.899312 0.000000 1.6119787838914282e-38
23.476761 -45.913386 67.428420 0.461093 -0.887352 0.000000 1.6119787838914282e-38
25.000477 -44.629709 67.856456 0.484551 -0.874763 0.000000 1.6119787838914282e-38
25.491798 -44.175614 67.559681 0.507666 -0.861554 0.000000 1.6119787838914282e-38
27.469594 -43.703336 67.434171 0.530421 -0.847734 0.000000 1.6119787838914282e-38
28.447868 -43.048268 67.784622 0.552800 -0.833314 0.000000 1.6119787838914282e-38
29.335861 -42.480182 67.911932 0.574787 -0.818303 0.000000 1.6119787838914282e-38
31.045686 -41.165787 67.497676 0.596367 -0.802712 0.000000 1.6119787838914282e-38
31.580616 -40.712303 67.959426 0.617525 -0.786552 0.000000 1.6119787838914282e-38
32.622184 -39.381386 67.883379 0.638244 -0.769834 0.000000 1.6119787838914282e-38
34.284781 -38.438594 67.855104 0.658511 -0.752571 0.000000 1.6119787838914282e-38
34.492586 -37.657972 67.726950 0.678312 -0.734774 0.000000 1.6119787838914282e-38
35.816182 -36.488993 67.646907 0.697632 -0.716457 0.000000 1.6119787838914282e-38
36.738826 -35.590941 67.570780 0.716457 -0.697632 0.000000 1.6119787838914282e-38
37.667162 -35.271337 67.446255 0.734774 -0.678312 0.000000 1.6119787838914282e-38
38.537223 -33.727149 67.386586 0.752571 -0.658511 0.000000 1.6119787838914282e-38
39.089247 -32.778730 67.502122 0.769834 -0.638244 0.000000 1.6119787838914282e-38
40.502677 -31.417912 67.713771 0.786552 -0.617525 0.000000 1.6119787838914282e-38
41.792690 -30.733478 67.994395 0.802712 -0.596367 0.000000 1.6119787838914282e-38
41.978522 -29.569355 67.412417 0.818303 -0.574787 0.000000 1.6119787838914282e-38
42.671568 -28.536710 67.293747 0.833314 -0.552800 0.000000 1.6119787838914282e-38
43.706294 -27.407607 67.762682 0.847734 -0.530421 0.000000 1.6119787838914282e-38
43.976244 -25.934367 68.201592 0.861554 -0.507666 0.000000 1.6119787838914282e-38
45.496427 -24.383291 67.705037 0.874763 -0.484551 0.000000 1.6119787838914282e-38
45.593105 -23.600078 67.620842 0.887352 -0.461093 0.000000 1.6119787838914282e-38
45.792617 -22.275621 67.621987 0.899312 -0.437307 0.000000 1.6119787838914282e-38
46.457660 -21.432992 67.628810 0.910635 -0.413212 0.000000 1.6119787838914282e-38
47.451294 -20.017366 68.103014 0.921312 -0.388824 0.000000 1.6119787838914282e-38
47.577430 -18.799983 67.428619 0.931336 -0.364161 0.000000 1.6119787838914282e-38
48.823095 -17.639303 67.589159 0.940700 -0.339239 0.000000 1.6119787838914282e-38
49.209068 -15.777579 68.134095 0.949398 -0.314077 0.000000 1.6119787838914282e-38
48.814486 -14.722817 67.773343 0.957422 -0.288692 0.000000 1.6119787838914282e-38
49.670363 -13.529862 68.078040 0.964768 -0.263103 0.000000 1.6119787838914282e-38
50.340403 -11.953297 67.754382 0.971430 -0.237327 0.000000 1.6119787838914282e-38
51.017640 -11.006433 67.207519 0.977403 -0.211383 0.000000 1.6119787838914282e-38
50.528849 -9.525084 68.083263 0.982684 -0.185289 0.000000 1.6119787838914282e-38
50.691217 -8.044432 67.249134 0.987268 -0.159063 0.000000 1.6119787838914282e-38
51.368987 -6.814894 67.608141 0.991153 -0.132726 0.000000 1.6119787838914282e-38
51.847930 -5.153163 67.380355 0.994335 -0.106293 0.000000 1.6119787838914282e-38
51.303193 -3.288104 68.285953 0.996812 -0.079786 0.000000 1.6119787838914282e-38
51.704090 -3.295067 68.091953 0.998583 -0.053222 0.000000 1.6119787838914282e-38
51.291386 -0.973907 67.475507 0.999646 -0.026621 0.000000 1.6119787838914282e-38
51.646842 -0.192085 67.583324 1.000000 -0.000000 0.000000 1.6119787838914282e-38
0.186659 -52.482301 71.480956 -0.000000 -1.000000 0.000000 1.6119787838914282e-38
1.078407 -52.393117 70.956771 0.026621 -0.999646 0.000000 1.6119787838914282e-38
3.159746 -52.109919 70.447790 0.053222 -0.998583 0.000000 1.6119787838914282e-38
3.879076 -52.229585 70.861685 0.079786 -0.996812 0.000000 1.6119787838914282e-38
5.515474 -51.663800 70.878692 0.106293 -0.994335 0.000000 1.6119787838914282e-38
7.160519 -51.748795 70.547769 0.132726 -0.991153 0.000000 1.6119787838914282e-38
8.331970 -51.439979 70.845116 0.159063 -0.987268 0.000000 1.6119787838914282e-38
9.437552 -50.992040 70.415719 0.185289 -0.982684 0.000000 1.6119787838914282e-38
10.878093 -50.570937 70.429836 0.211383 -0.977403 0.000000 1.6119787838914282e-38
12.676621 -51.021240 70.293663 0.237327 -0.971430 0.000000 1.6119787838914282e-38
13.255967 -50.216466 70.988109 0.263103 -0.964768 0.000000 1.6119787838914282e-38
15.424769 -49.505027 71.028040 0.288692 -0.957422 0.000000 1.6119787838914282e-38
16.109663 -49.703074 71.005568 0.314077 -0.949398 0.000000 1.6119787838914282e-38
18.096202 -49.307250 71.157431 0.339239 -0.940700 0.000000 1.6119787838914282e-38
18.391796 -48.393186 70.738089 0.364161 -0.931336 0.000000 1.6119787838914282e-38
20.191284 -47.978656 70.513112 0.388824 -0.921312 0.000000 1.6119787838914282e-38
21.656654 -47.413697 71.049824 0.413212 -0.910635 0.000000 1.6119787838914282e-38
23.254982 -46.804064 70.523615 0.437307 -0.899312 0.000000 1.6119787838914282e-38
23.675385 -45.709705 71.240343 0.461093 -0.887352 0.000000 1.6119787838914282e-38
25.504834 -45.545506 71.013780 0.484551 -0.874763 0.000000 1.6119787838914282e-38
26.833941 -45.060837 70.778169 0.507666 -0.861554 0.000000 1.6119787838914282e-38
27.295967 -44.194349 71.232513 0.530421 -0.847734 0.000000 1.6119787838914282e-38
29.117057 -43.364013 69.961261 0.552800 -0.833314 0.000000 1.6119787838914282e-38
29.742002 -42.591913 70.704457 0.574787 -0.818303 0.000000 1.6119787838914282e-38
31.072598 -41.737768 70.609127 0.596367 -0.802712 0.000000 1.6119787838914282e-38
32.162517 -41.013654 70.558270 0.617525 -0.786552 0.000000 1.6119787838914282e-38
33.797891 -40.240996 70.092968 0.638244 -0.769834 0.000000 1.6119787838914282e-38
34.834619 -39.452759 71.039203 0.658511 -0.752571 0.000000 1.6119787838914282e-38
35.126712 -38.101127 70.754787 0.678312 -0.734774 0.000000 1.6119787838914282e-38
36.637375 -37.381929 70.572635 0.697632 -0.716457 0.000000 1.6119787838914282e-38
37.394924 -36.452023 70.190479 0.716457 -0.697632 0.000000 1.6119787838914282e-38
38.091460 -34.470348 70.222819 0.734774 -0.678312 0.000000 1.6119787838914282e-38
39.271191 -34.372508 71.320157 0.752571 -0.658511 0.000000 1.6119787838914282e-38
39.764747 -33.213598 70.975090 0.769834 -0.638244 0.000000 1.6119787838914282e-38
40.915032 -32.395043 70.762572 0.786552 -0.617525 0.000000 1.6119787838914282e-38
41.717696 -31.156457 71.048444 0.802712 -0.596367 0.000000 1.6119787838914282e-38
42.743520 -29.773210 70.868320 0.818303 -0.574787 0.000000 1.6119787838914282e-38
43.692479 -28.402215 70.683217 0.833314 -0.552800 0.000000 1.6119787838914282e-38
44.401471 -28.016695 70.093314 0.847734 -0.530421 0.000000 1.6119787838914282e-38
45.423371 -26.542609 70.844973 0.861554 -0.507666 0.000000 1.6119787838914282e-38
45.195897 -25.620025 70.555348 0.874763 -0.484551 0.000000 1.6119787838914282e-38
46.412049 -24.171718 70.668494 0.887352 -0.461093 0.000000 1.6119787838914282e-38
46.618786 -22.428129 71.029790 0.899312 -0.437307 0.000000 1.6119787838914282e-38
47.286653 -21.317596 70.695660 0.910635 -0.413212 0.000000 1.6119787838914282e-38
47.886772 -20.267455 70.962201 0.921312 -0.388824 0.000000 1.6119787838914282e-38
48.242504 -18.817179 71.518577 0.931336 -0.364161 0.000000 1.6119787838914282e-38
49.052844 -17.659094 70.743980 0.940700 -0.339239 0.000000 1.6119787838914282e-38
49.594386 -16.842319 71.279556 0.949398 -0.314077 0.000000 1.6119787838914282e-38
50.163244 -15.230346 70.778695 0.957422 -0.288692 0.000000 1.6119787838914282e-38
50.084304 -13.614356 70.787636 0.964768 -0.263103 0.000000 1.6119787838914282e-38
50.667100 -12.670045 70.624768 0.971430 -0.237327 0.000000 1.6119787838914282e-38
51.253467 -11.170346 69.976182 0.977403 -0.211383 0.000000 1.6119787838914282e-38
51.139516 -8.927618 71.023894 0.982684 -0.185289 0.000000 1.6119787838914282e-38
51.248239 -8.300262 70.973189 0.987268 -0.159063 0.000000 1.6119787838914282e-38
51.098936 -7.170043 70.888735 0.991153 -0.132726 0.000000 1.6119787838914282e-38
52.269896 -5.668267 71.239336 0.994335 -0.106293 0.000000 1.6119787838914282e-38
51.694282 -5.171443 70.992374 0.996812 -0.079786 0.000000 1.6119787838914282e-38
52.174928 -2.551308 70.978362 0.998583 -0.053222 0.000000 1.6119787838914282e-38
52.125697 -1.464218 70.703024 0.999646 -0.026621 0.000000 1.6119787838914282e-38
51.948511 -0.120117 70.225920 1.000000 -0.000000 0.000000 1.6119787838914282e-38
-0.364292 -52.708563 73.173894 -0.000000 -1.000000 0.000000 1.6119787838914282e-38
0.799472 -52.741159 73.807655 0.026621 -0.999646 0.000000 1.6119787838914282e-38
2.708648 -53.298874 74.311872 0.053222 -0.998583 0.000000 1.6119787838914282e-38
3.770630 -52.737107 73.467623 0.079786 -0.996812 0.000000 1.6119787838914282e-38
5.987075 -52.234784 73.704181 0.106293 -0.994335 0.000000 1.6119787838914282e-38
6.826168 -52.139771 73.472188 0.132726 -0.991153 0.000000 1.6119787838914282e-38
8.490432 -52.153688 74.002046 0.159063 -0.987268 0.000000 1.6119787838914282e-38
9.902935 -51.925774 73.230340 0.185289 -0.982684 0.000000 1.6119787838914282e-38
11.057263 -51.904452 73.869744 0.211383 -0.977403 0.000000 1.6119787838914282e-38
12.420542 -51.331447 73.457485 0.237327 -0.971430 0.000000 1.6119787838914282e-38
14.210896 -50.940334 74.552159 0.263103 -0.964768 0.000000 1.6119787838914282e-38
15.212863 -50.311924 73.857918 0.288692 -0.957422 0.000000 1.6119787838914282e-38
16.641606 -49.667032 74.177422 0.314077 -0.949398 0.000000 1.6119787838914282e-38
17.334179 -49.280191 73.995296 0.339239 -0.940700 0.000000 1.6119787838914282e-38
19.187295 -48.529966 74.371984 0.364161 -0.931336 0.000000 1.6119787838914282e-38
20.746680 -48.678922 73.488409 0.388824 -0.921312 0.000000 1.6119787838914282e-38
21.985882 -47.545745 73.237557 0.413212 -0.910635 0.000000 1.6119787838914282e-38
23.354289 -47.433820 73.303453 0.437307 -0.899312 0.000000 1.6119787838914282e-38
24.421736 -46.454733 73.740749 0.461093 -0.887352 0.000000 1.6119787838914282e-38
25.199018 -45.550991 73.645563 0.484551 -0.874763 0.000000 1.6119787838914282e-38
27.081288 -45.822954 73.970955 0.507666 -0.861554 0.000000 1.6119787838914282e-38
28.047971 -44.379277 74.294049 0.530421 -0.847734 0.000000 1.6119787838914282e-38
28.866106 -43.725692 73.436184 0.552800 -0.833314 0.000000 1.6119787838914282e-38
29.854664 -43.264945 73.968952 0.574787 -0.818303 0.000000 1.6119787838914282e-38
31.907489 -41.712739 73.739686 0.596367 -0.802712 0.000000 1.6119787838914282e-38
32.610220 -41.136539 74.075769 0.617525 -0.786552 0.000000 1.6119787838914282e-38
33.558806 -40.516269 73.813100 0.638244 -0.769834 0.000000 1.6119787838914282e-38
34.614392 -39.732451 73.810256 0.658511 -0.752571 0.000000 1.6119787838914282e-38
35.597843 -39.033492 74.104928 0.678312 -0.734774 0.000000 1.6119787838914282e-38
36.891830 -37.165302 73.957009 0.697632 -0.716457 0.000000 1.6119787838914282e-38
37.603192 -36.924883 73.860364 0.716457 -0.697632 0.000000 1.6119787838914282e-38
38.858729 -35.793000 73.405077 0.734774 -0.678312 0.000000 1.6119787838914282e-38
39.408325 -34.671497 74.068239 0.752571 -0.658511 0.000000 1.6119787838914282e-38
40.093354 -33.530118 73.912490 0.769834 -0.638244 0.000000 1.6119787838914282e-38
41.283968 -32.694637 73.625257 0.786552 -0.617525 0.000000 1.6119787838914282e-38
42.312665 -31.066383 74.205489 0.802712 -0.596367 0.000000 1.6119787838914282e-38
42.754251 -30.324132 73.188101 0.818303 -0.574787 0.000000 1.6119787838914282e-38
43.914680 -28.930901 74.317442 0.833314 -0.552800 0.000000 1.6119787838914282e-38
44.105365 -28.258137 73.889395 0.847734 -0.530421 0.000000 1.6119787838914282e-38
44.883522 -26.681782 74.033055 0.861554 -0.507666 0.000000 1.6119787838914282e-38
45.680232 -25.476449 73.482491 0.874763 -0.484551 0.000000 1.6119787838914282e-38
47.140177 -24.218924 73.654135 0.887352 -0.461093 0.000000 1.6119787838914282e-38
46.985918 -22.911656 74.253534 0.899312 -0.437307 0.000000 1.6119787838914282e-38
47.722154 -21.891456 73.620512 0.910635 -0.413212 0.000000 1.6119787838914282e-38
48.982510 -21.047893 74.231832 0.921312 -0.388824 0.000000 1.6119787838914282e-38
48.930572 -19.198012 73.743963 0.931336 -0.364161 0.000000 1.6119787838914282e-38
49.608720 -18.083101 74.163669 0.940700 -0.339239 0.000000 1.6119787838914282e-38
50.324537 -16.834157 74.046394 0.949398 -0.314077 0.000000 1.6119787838914282e-38
50.310453 -15.186894 74.303699 0.957422 -0.288692 0.000000 1.6119787838914282e-38
50.602019 -13.576894 73.983291 0.964768 -0.263103 0.000000 1.6119787838914282e-38
51.096840 -12.387293 73.920677 0.971430 -0.237327 0.000000 1.6119787838914282e-38
51.122104 -11.313328 73.532578 0.977403 -0.211383 0.000000 1.6119787838914282e-38
51.664705 -9.353708 74.020462 0.982684 -0.185289 0.000000 1.6119787838914282e-38
51.559317 -8.458220 73.916241 0.987268 -0.159063 0.000000 1.6119787838914282e-38
52.416875 -7.184495 73.474924 0.991153 -0.132726 0.000000 1.6119787838914282e-38
52.344307 -5.426657 73.916608 0.994335 -0.106293 0.000000 1.6119787838914282e-38
52.226255 -3.675114 73.816509 0.996812 -0.079786 0.000000 1.6119787838914282e-38
52.643015 -3.001245 74.178106 0.998583 -0.053222 0.000000 1.6119787838914282e-38
52.812429 -1.307425 73.500657 0.999646 -0.026621 0.000000 1.6119787838914282e-38
52.987746 0.227071 74.150634 1.000000 -0.000000 0.000000 1.6119787838914282e-38
0.011109 -53.237653 76.868449 -0.000000 -1.000000 0.000000 1.6119787838914282e-38
2.100316 -53.359069 76.567203 0.026621 -0.999646 0.000000 1.6119787838914282e-38
2.720252 -53.299710 77.301031 0.053222 -0.998583 0.000000 1.6119787838914282e-38
3.839035 -53.213932 76.980234 0.079786 -0.996812 0.000000 1.6119787838914282e-38
6.036916 -52.699780 77.408782 0.106293 -0.994335 0.000000 1.6119787838914282e-38
7.166753 -52.805476 77.179744 0.132726 -0.991153 0.000000 1.6119787838914282e-38
8.054447 -53.050643 77.215956 0.159063 -0.987268 0.000000 1.6119787838914282e-38
9.923345 -52.004525 76.667365 0.185289 -0.982684 0.000000 1.6119787838914282e-38
11.634203 -51.811604 76.913741 0.211383 -0.977403 0.000000 1.6119787838914282e-38
12.691591 -51.590752 76.666057 0.237327 -0.971430 0.000000 1.6119787838914282e-38
13.885550 -51.240973 76.795537 0.263103 -0.964768 0.000000 1.6119787838914282e-38
14.921972 -50.860933 77.173887 0.288692 -0.957422 0.000000 1.6119787838914282e-38
17.034214 -50.362685 77.168569 0.314077 -0.949398 0.000000 1.6119787838914282e-38
18.348915 -50.035651 76.287402 0.339239 -0.940700 0.000000 1.6119787838914282e-38
19.726810 -49.829231 76.583814 0.364161 -0.931336 0.000000 1.6119787838914282e-38
20.360332 -48.282422 77.055241 0.388824 -0.921312 0.000000 1.6119787838914282e-38
21.676682 -48.664631 76.922859 0.413212 -0.910635 0.000000 1.6119787838914282e-38
23.434115 -47.773282 76.644495 0.437307 -0.899312 0.000000 1.6119787838914282e-38
24.632271 -47.403969 77.237151 0.461093 -0.887352 0.000000 1.6119787838914282e-38
25.802358 -46.778488 77.129763 0.484551 -0.874763 0.000000 1.6119787838914282e-38
27.130508 -45.990227 77.142105 0.507666 -0.861554 0.000000 1.6119787838914282e-38
28.415187 -44.751806 77.136118 0.530421 -0.847734 0.000000 1.6119787838914282e-38
29.353179 -44.852121 76.979071 0.552800 -0.833314 0.000000 1.6119787838914282e-38
30.689965 -43.530782 76.019815 0.574787 -0.818303 0.000000 1.6119787838914282e-38
31.939454 -42.990071 77.128794 0.596367 -0.802712 0.000000 1.6119787838914282e-38
33.371898 -41.932333 77.054622 0.617525 -0.786552 0.000000 1.6119787838914282e-38
33.974122 -40.809190 76.954110 0.638244 -0.769834 0.000000 1.6119787838914282e-38
34.887717 -40.319682 77.400217 0.658511 -0.752571 0.000000 1.6119787838914282e-38
36.228062 -38.851995 77.042796 0.678312 -0.734774 0.000000 1.6119787838914282e-38
37.417327 -38.395175 76.948031 0.697632 -0.716457 0.000000 1.6119787838914282e-38
38.278030 -36.736796 77.725000 0.716457 -0.697632 0.000000 1.6119787838914282e-38
39.223405 -36.294826 76.564384 0.734774 -0.678312 0.000000 1.6119787838914282e-38
39.776755 -35.275047 76.052752 0.752571 -0.658511 0.000000 1.6119787838914282e-38
40.764168 -33.749266 76.945697 0.769834 -0.638244 0.000000 1.6119787838914282e-38
41.778906 -33.348278 77.238200 0.786552 -0.617525 0.000000 1.6119787838914282e-38
42.870000 -31.739684 76.262321 0.802712 -0.596367 0.000000 1.6119787838914282e-38
43.398909 -30.457308 76.914507 0.818303 -0.574787 0.000000 1.6119787838914282e-38
44.402543 -29.211729 76.969499 0.833314 -0.552800 0.000000 1.6119787838914282e-38
45.307255 -28.479516 76.556245 0.847734 -0.530421 0.000000 1.6119787838914282e-38
45.990976 -26.810812 77.078769 0.861554 -0.507666 0.000000 1.6119787838914282e-38
46.590163 -25.882681 76.986373 0.874763 -0.484551 0.000000 1.6119787838914282e-38
47.334403 -24.405338 77.705219 0.887352 -0.461093 0.000000 1.6119787838914282e-38
47.580829 -22.303596 76.546031 0.899312 -0.437307 0.000000 1.6119787838914282e-38
48.575307 -22.347619 77.014950 0.910635 -0.413212 0.000000 1.6119787838914282e-38
49.322433 -20.681579 77.215001 0.921312 -0.388824 0.000000 1.6119787838914282e-38
49.434131 -19.993835 77.111090 0.931336 -0.364161 0.000000 1.6119787838914282e-38
50.068739 -18.196546 76.799908 0.940700 -0.339239 0.000000 1.6119787838914282e-38
50.644353 -16.958013 77.035650 0.949398 -0.314077 0.000000 1.6119787838914282e-38
51.305991 -14.744777 77.344435 0.957422 -0.288692 0.000000 1.6119787838914282e-38
51.388833 -13.923755 76.803002 0.964768 -0.263103 0.000000 1.6119787838914282e-38
51.555137 -12.367777 76.830824 0.971430 -0.237327 0.000000 1.6119787838914282e-38
52.122541 -11.537520 77.334171 0.977403 -0.211383 0.000000 1.6119787838914282e-38
52.196990 -9.533782 76.711930 0.982684 -0.185289 0.000000 1.6119787838914282e-38
52.310664 -8.066185 76.735275 0.987268 -0.159063 0.000000 1.6119787838914282e-38
52.274020 -7.374997 77.180090 0.991153 -0.132726 0.000000 1.6119787838914282e-38
53.141906 -5.885179 76.733561 0.994335 -0.106293 0.000000 1.6119787838914282e-38
53.247449 -3.851057 76.902437 0.996812 -0.079786 0.000000 1.6119787838914282e-38
53.306044 -2.570198 77.568978 0.998583 -0.053222 0.000000 1.6119787838914282e-38
52.849621 -1.617233 76.771135 0.999646 -0.026621 0.000000 1.6119787838914282e-38
53.463451 -0.075575 77.016751 1.000000 -0.000000 0.000000 1.6119787838914282e-38
0.036553 -53.749479 80.032219 -0.000000 -1.000000 0.000000 1.6119787838914282e-38
1.739823 -54.022127 79.955463 0.026621 -0.999646 0.000000 1.6119787838914282e-38
2.496109 -53.605853 79.941341 0.053222 -0.998583 0.000000 1.6119787838914282e-38
4.609276 -53.580092 79.866848 0.079786 -0.996812 0.000000 1.6119787838914282e-38
5.639262 -52.928468 79.528976 0.106293 -0.994335 0.000000 1.6119787838914282e-38
6.945742 -53.263662 79.809072 0.132726 -0.991153 0.000000 1.6119787838914282e-38
8.696867 -53.082620 80.076795 0.159063 -0.987268 0.000000 1.6119787838914282e-38
9.994617 -52.850185 79.612753 0.185289 -0.982684 0.000000 1.6119787838914282e-38
11.414644 -53.064455 79.798412 0.211383 -0.977403 0.000000 1.6119787838914282e-38
12.903072 -51.857451 80.704825 0.237327 -0.971430 0.000000 1.6119787838914282e-38
14.013287 -52.115810 80.156685 0.263103 -0.964768 0.000000 1.6119787838914282e-38
16.078183 -51.001611 79.689476 0.288692 -0.957422 0.000000 1.6119787838914282e-38
16.839471 -50.775011 80.275913 0.314077 -0.949398 0.000000 1.6119787838914282e-38
18.411648 -50.697264 80.174890 0.339239 -0.940700 0.000000 1.6119787838914282e-38
19.852436 -50.338926 80.399071 0.364161 -0.931336 0.000000 1.6119787838914282e-38
21.196887 -49.743107 80.277473 0.388824 -0.921312 0.000000 1.6119787838914282e-38
22.454089 -48.691273 80.472792 0.413212 -0.910635 0.000000 1.6119787838914282e-38
23.502130 -48.238571 79.208382 0.437307 -0.899312 0.000000 1.6119787838914282e-38
25.118469 -47.389298 80.406810 0.461093 -0.887352 0.000000 1.6119787838914282e-38
25.763605 -46.729902 80.305625 0.484551 -0.874763 0.000000 1.6119787838914282e-38
27.091762 -45.991743 80.138912 0.507666 -0.861554 0.000000 1.6119787838914282e-38
28.000720 -45.390381 79.769838 0.530421 -0.847734 0.000000 1.6119787838914282e-38
29.210224 -44.680657 79.980401 0.552800 -0.833314 0.000000 1.6119787838914282e-38
31.315967 -43.929258 80.233556 0.574787 -0.818303 0.000000 1.6119787838914282e-38
32.207388 -42.839463 79.734078 0.596367 -0.802712 0.000000 1.6119787838914282e-38
33.251509 -42.319367 80.196105 0.617525 -0.786552 0.000000 1.6119787838914282e-38
34.382369 -41.562788 79.898620 0.638244 -0.769834 0.000000 1.6119787838914282e-38
35.889537 -40.958984 80.212809 0.658511 -0.752571 0.000000 1.6119787838914282e-38
36.831695 -39.320459 80.591302 0.678312 -0.734774 0.000000 1.6119787838914282e-38
37.779249 -38.394313 79.859981 0.697632 -0.716457 0.000000 1.6119787838914282e-38
38.630350 -37.293190 80.001050 0.716457 -0.697632 0.000000 1.6119787838914282e-38
39.271263 -36.820528 80.055622 0.734774 -0.678312 0.000000 1.6119787838914282e-38
40.006584 -35.536449 79.270478 0.752571 -0.658511 0.000000 1.6119787838914282e-38
41.628482 -33.959411 80.023684 0.769834 -0.638244 0.000000 1.6119787838914282e-38
42.826584 -32.787732 80.143936 0.786552 -0.617525 0.000000 1.6119787838914282e-38
43.111786 -32.159565 80.168747 0.802712 -0.596367 0.000000 1.6119787838914282e-38
43.941406 -30.730354 80.186736 0.818303 -0.574787 0.000000 1.6119787838914282e-38
44.721749 -29.384268 79.931435 0.833314 -0.552800 0.000000 1.6119787838914282e-38
45.572127 -28.803381 79.918815 0.847734 -0.530421 0.000000 1.6119787838914282e-38
46.955991 -27.557153 80.131314 0.861554 -0.507666 0.000000 1.6119787838914282e-38
46.882168 -26.708780 80.167691 0.874763 -0.484551 0.000000 1.6119787838914282e-38
47.528337 -24.688010 80.296916 0.887352 -0.461093 0.000000 1.6119787838914282e-38
48.408407 -23.406779 79.739618 0.899312 -0.437307 0.000000 1.6119787838914282e-38
49.158667 -22.267060 79.400471 0.910635 -0.413212 0.000000 1.6119787838914282e-38
49.768692 -20.559405 80.444337 0.921312 -0.388824 0.000000 1.6119787838914282e-38
50.710566 -19.341571 80.154192 0.931336 -0.364161 0.000000 1.6119787838914282e-38
50.890104 -18.500188 79.498409 0.940700 -0.339239 0.000000 1.6119787838914282e-38
50.887019 -16.498450 79.801670 0.949398 -0.314077 0.000000 1.6119787838914282e-38
51.601118 -15.345203 80.073280 0.957422 -0.288692 0.000000 1.6119787838914282e-38
51.472983 -14.038951 79.873534 0.964768 -0.263103 0.000000 1.6119787838914282e-38
52.725215 -12.415247 79.884112 0.971430 -0.237327 0.000000 1.6119787838914282e-38
53.065153 -11.258703 79.498509 0.977403 -0.211383 0.000000 1.6119787838914282e-38
52.795780 -9.468686 79.754048 0.982684 -0.185289 0.000000 1.6119787838914282e-38
53.045202 -8.957617 79.639660 0.987268 -0.159063 0.000000 1.6119787838914282e-38
53.024193 -7.502217 79.814518 0.991153 -0.132726 0.000000 1.6119787838914282e-38
53.966980 -5.724097 80.235657 0.994335 -0.106293 0.000000 1.6119787838914282e-38
53.906116 -4.621034 79.750546 0.996812 -0.079786 0.000000 1.6119787838914282e-38
53.903566 -3.050977 80.209876 0.998583 -0.053222 0.000000 1.6119787838914282e-38
54.234148 -1.867468 79.892920 0.999646 -0.026621 0.000000 1.6119787838914282e-38
53.690519 -0.157910 79.817608 1.000000 -0.000000 0.000000 1.6119787838914282e-38
-0.147636 -54.265061 83.126389 -0.000000 -1.000000 0.000000 1.6119787838914282e-38
1.730466 -54.248792 83.412376 0.026621 -0.999646 0.000000 1.6119787838914282e-38
2.710321 -54.543991 82.985497 0.053222 -0.998583 0.000000 1.6119787838914282e-38
4.467981 -53.829364 83.514993 0.079786 -0.996812 0.000000 1.6119787838914282e-38
5.854596 -53.727181 83.487557 0.106293 -0.994335 0.000000 1.6119787838914282e-38
6.967977 -53.843476 83.908197 0.132726 -0.991153 0.000000 1.6119787838914282e-38
8.887779 -53.416450 83.345030 0.159063 -0.987268 0.000000 1.6119787838914282e-38
9.653153 -53.514966 82.773234 0.185289 -0.982684 0.000000 1.6119787838914282e-38
11.595306 -53.145072 83.105540 0.211383 -0.977403 0.000000 1.6119787838914282e-38
12.784157 -53.198180 83.342416 0.237327 -0.971430 0.000000 1.6119787838914282e-38
13.747414 -52.567067 82.682281 0.263103 -0.964768 0.000000 1.6119787838914282e-38
15.400643 -51.889627 83.447430 0.288692 -0.957422 0.000000 1.6119787838914282e-38
16.573656 -51.681938 82.552210 0.314077 -0.949398 0.000000 1.6119787838914282e-38
18.225642 -51.021286 83.307046 0.339239 -0.940700 0.000000 1.6119787838914282e-38
19.123961 -50.369588 82.785131 0.364161 -0.931336 0.000000 1.6119787838914282e-38
20.732931 -49.970589 83.265067 0.388824 -0.921312 0.000000 1.6119787838914282e-38
22.390957 -49.739424 83.046629 0.413212 -0.910635 0.000000 1.6119787838914282e-38
23.510954 -48.615903 83.399530 0.437307 -0.899312 0.000000 1.6119787838914282e-38
25.322542 -48.154079 83.413721 0.461093 -0.887352 0.000000 1.6119787838914282e-38
25.985671 -46.930210 82.768948 0.484551 -0.874763 0.000000 1.6119787838914282e-38
26.937157 -46.338712 82.863883 0.507666 -0.861554 0.000000 1.6119787838914282e-38
28.815918 -46.307724 83.786004 0.530421 -0.847734 0.000000 1.6119787838914282e-38
30.541745 -44.752052 83.103430 0.552800 -0.833314 0.000000 1.6119787838914282e-38
31.482454 -44.417422 83.413583 0.574787 -0.818303 0.000000 1.6119787838914282e-38
32.236000 -43.080112 82.938661 0.596367 -0.802712 0.000000 1.6119787838914282e-38
33.402998 -42.818628 83.134659 0.617525 -0.786552 0.000000 1.6119787838914282e-38
34.514981 -41.625389 82.932627 0.638244 -0.769834 0.000000 1.6119787838914282e-38
35.968384 -40.379345 83.100187 0.658511 -0.752571 0.000000 1.6119787838914282e-38
37.471028 -39.530943 83.718394 0.678312 -0.734774 0.000000 1.6119787838914282e-38
37.835465 -39.373728 82.865082 0.697632 -0.716457 0.000000 1.6119787838914282e-38
38.694050 -38.139733 82.418152 0.716457 -0.697632 0.000000 1.6119787838914282e-38
40.176596 -37.363535 83.355587 0.734774 -0.678312 0.000000 1.6119787838914282e-38
41.490520 -35.964647 83.193194 0.752571 -0.658511 0.000000 1.6119787838914282e-38
41.651976 -34.383317 82.718600 0.769834 -0.638244 0.000000 1.6119787838914282e-38
42.639132 -33.170831 83.062262 0.786552 -0.617525 0.000000 1.6119787838914282e-38
43.066935 -31.986686 82.688130 0.802712 -0.596367 0.000000 1.6119787838914282e-38
44.425126 -31.013451 83.112878 0.818303 -0.574787 0.000000 1.6119787838914282e-38
45.977249 -29.775056 83.016218 0.833314 -0.552800 0.000000 1.6119787838914282e-38
46.179281 -28.717913 83.090234 0.847734 -0.530421 0.000000 1.6119787838914282e-38
46.821479 -27.676419 83.140794 0.861554 -0.507666 0.000000 1.6119787838914282e-38
47.313422 -26.860824 83.418983 0.874763 -0.484551 0.000000 1.6119787838914282e-38
47.978520 -24.976687 82.848796 0.887352 -0.461093 0.000000 1.6119787838914282e-38
48.578042 -24.040204 83.361412 0.899312 -0.437307 0.000000 1.6119787838914282e-38
49.768401 -22.413313 82.915926 0.910635 -0.413212 0.000000 1.6119787838914282e-38
49.482914 -20.859159 82.873956 0.921312 -0.388824 0.000000 1.6119787838914282e-38
50.199575 -19.750751 82.976685 0.931336 -0.364161 0.000000 1.6119787838914282e-38
50.587437 -18.821482 83.177886 0.940700 -0.339239 0.000000 1.6119787838914282e-38
51.318068 -16.888877 83.120882 0.949398 -0.314077 0.000000 1.6119787838914282e-38
52.264447 -15.914209 83.146738 0.957422 -0.288692 0.000000 1.6119787838914282e-38
52.540255 -14.463938 83.415084 0.964768 -0.263103 0.000000 1.6119787838914282e-38
52.210374 -13.127344 82.565817 0.971430 -0.237327 0.000000 1.6119787838914282e-38
52.813620 -11.516099 83.326373 0.977403 -0.211383 0.000000 1.6119787838914282e-38
53.274331 -10.232468 82.612156 0.982684 -0.185289 0.000000 1.6119787838914282e-38
53.205407 -8.537801 83.341360 0.987268 -0.159063 0.000000 1.6119787838914282e-38
53.654667 -6.838447 82.791948 0.991153 -0.132726 0.000000 1.6119787838914282e-38
53.835927 -5.859380 83.535747 0.994335 -0.106293 0.000000 1.6119787838914282e-38
54.127601 -4.868763 83.362419 0.996812 -0.079786 0.000000 1.6119787838914282e-38
54.737360 -2.962783 82.807798 0.998583 -0.053222 0.000000 1.6119787838914282e-38
54.500534 -0.855163 83.331543 0.999646 -0.026621 0.000000 1.6119787838914282e-38
53.773584 0.226405 83.198185 1.000000 -0.000000 0.000000 1.6119787838914282e-38
-0.286389 -54.356695 86.285351 -0.000000 -1.000000 0.000000 1.6119787838914282e-38
1.851784 -55.042383 86.273479 0.026621 -0.999646 0.000000 1.6119787838914282e-38
2.645031 -54.591452 86.597014 0.053222 -0.998583 0.000000 1.6119787838914282e-38
3.939833 -54.979519 86.440489 0.079786 -0.996812 0.000000 1.6119787838914282e-38
5.814624 -54.081829 85.911661 0.106293 -0.994335 0.000000 1.6119787838914282e-38
7.281196 -54.052578 86.216906 0.132726 -0.991153 0.000000 1.6119787838914282e-38
8.171043 -53.199588 86.217543 0.159063 -0.987268 0.000000 1.6119787838914282e-38
9.741199 -53.701151 86.282590 0.185289 -0.982684 0.000000 1.6119787838914282e-38
11.869968 -53.228183 86.089693 0.211383 -0.977403 0.000000 1.6119787838914282e-38
12.475432 -53.040908 85.661121 0.237327 -0.971430 0.000000 1.6119787838914282e-38
14.767687 -53.034443 86.344334 0.263103 -0.964768 0.000000 1.6119787838914282e-38
15.607111 -52.560091 85.913555 0.288692 -0.957422 0.000000 1.6119787838914282e-38
17.408433 -52.159600 86.384406 0.314077 -0.949398 0.000000 1.6119787838914282e-38
18.392512 -51.566500 86.164516 0.339239 -0.940700 0.000000 1.6119787838914282e-38
19.981513 -51.261715 86.364988 0.364161 -0.931336 0.000000 1.6119787838914282e-38
21.204132 -50.272525 86.148978 0.388824 -0.921312 0.000000 1.6119787838914282e-38
22.796551 -49.974592 85.916967 0.413212 -0.910635 0.000000 1.6119787838914282e-38
24.067721 -49.379470 86.591482 0.437307 -0.899312 0.000000 1.6119787838914282e-38
25.262041 -48.988706 85.978206 0.461093 -0.887352 0.000000 1.6119787838914282e-38
26.226142 -47.565578 86.385908 0.484551 -0.874763 0.000000 1.6119787838914282e-38
27.773009 -47.077326 86.127542 0.507666 -0.861554 0.000000 1.6119787838914282e-38
29.295133 -46.251865 86.363839 0.530421 -0.847734 0.000000 1.6119787838914282e-38
30.204568 -45.807855 86.353365 0.552800 -0.833314 0.000000 1.6119787838914282e-38
31.931185 -44.464824 86.628344 0.574787 -0.818303 0.000000 1.6119787838914282e-38
32.695751 -44.234114 85.889490 0.596367 -0.802712 0.000000 1.6119787838914282e-38
34.219231 -43.617043 86.605273 0.617525 -0.786552 0.000000 1.6119787838914282e-38
34.703328 -41.566267 86.132666 0.638244 -0.769834 0.000000 1.6119787838914282e-38
36.265884 -40.482724 86.054802 0.658511 -0.752571 0.000000 1.6119787838914282e-38
37.028976 -40.432443 85.853311 0.678312 -0.734774 0.000000 1.6119787838914282e-38
38.091732 -39.387687 85.778769 0.697632 -0.716457 0.000000 1.6119787838914282e-38
39.158091 -38.055744 85.885075 0.716457 -0.697632 0.000000 1.6119787838914282e-38
40.175256 -36.711104 85.727987 0.734774 -0.678312 0.000000 1.6119787838914282e-38
41.777738 -36.251320 86.214117 0.752571 -0.658511 0.000000 1.6119787838914282e-38
42.527033 -34.464316 86.294792 0.769834 -0.638244 0.000000 1.6119787838914282e-38
42.850108 -34.040204 85.981378 0.786552 -0.617525 0.000000 1.6119787838914282e-38
44.509893 -32.762085 86.250934 0.802712 -0.596367 0.000000 1.6119787838914282e-38
44.483500 -31.812686 86.161764 0.818303 -0.574787 0.000000 1.6119787838914282e-38
45.520964 -30.337634 85.710125 0.833314 -0.552800 0.000000 1.6119787838914282e-38
46.385768 -28.572231 85.897935 0.847734 -0.530421 0.000000 1.6119787838914282e-38
47.433579 -28.830631 85.913143 0.861554 -0.507666 0.000000 1.6119787838914282e-38
47.314336 -26.155072 86.417479 0.874763 -0.484551 0.000000 1.6119787838914282e-38
48.266317 -25.154961 86.514359 0.887352 -0.461093 0.000000 1.6119787838914282e-38
49.638508 -24.061401 85.491189 0.899312 -0.437307 0.000000 1.6119787838914282e-38
49.581627 -22.390772 86.783514 0.910635 -0.413212 0.000000 1.6119787838914282e-38
50.419398 -21.467581 86.873655 0.921312 -0.388824 0.000000 1.6119787838914282e-38
51.106173 -20.303697 86.118174 0.931336 -0.364161 0.000000 1.6119787838914282e-38
51.797053 -18.592181 86.392154 0.940700 -0.339239 0.000000 1.6119787838914282e-38
51.491694 -17.623861 85.933389 0.949398 -0.314077 0.000000 1.6119787838914282e-38
52.327822 -15.703777 86.344874 0.957422 -0.288692 0.000000 1.6119787838914282e-38
53.554450 -14.624680 86.059649 0.964768 -0.263103 0.000000 1.6119787838914282e-38
52.966121 -12.668240 86.494031 0.971430 -0.237327 0.000000 1.6119787838914282e-38
53.372030 -10.952067 85.941176 0.977403 -0.211383 0.000000 1.6119787838914282e-38
54.104387 -9.706967 85.745372 0.982684 -0.185289 0.000000 1.6119787838914282e-38
54.219657 -9.525181 86.401110 0.987268 -0.159063 0.000000 1.6119787838914282e-38
53.928535 -7.095598 86.380343 0.991153 -0.132726 0.000000 1.6119787838914282e-38
54.769250 -5.551796 86.170615 0.994335 -0.106293 0.000000 1.6119787838914282e-38
54.454676 -4.390075 85.819046 0.996812 -0.079786 0.000000 1.6119787838914282e-38
54.602246 -3.000768 85.917381 0.998583 -0.053222 0.000000 1.6119787838914282e-38
54.201582 -1.840377 85.208813 0.999646 -0.026621 0.000000 1.6119787838914282e-38
54.650977 0.108150 85.349076 1.000000 -0.000000 0.000000 1.6119787838914282e-38
0.071014 -55.232175 88.877743 -0.000000 -1.000000 0.000000 1.6119787838914282e-38
1.339970 -54.860631 88.938513 0.026621 -0.999646 0.000000 1.6119787838914282e-38
2.961276 -55.013225 88.984107 0.053222 -0.998583 0.000000 1.6119787838914282e-38
4.706310 -54.898318 89.155196 0.079786 -0.996812 0.000000 1.6119787838914282e-38
6.575887 -54.578966 88.724921 0.106293 -0.994335 0.000000 1.6119787838914282e-38
7.209096 -53.967117 88.936115 0.132726 -0.991153 0.000000 1.6119787838914282e-38
8.799479 -54.123406 89.426466 0.159063 -0.987268 0.000000 1.6119787838914282e-38
10.466032 -54.018398 89.238387 0.185289 -0.982684 0.000000 1.6119787838914282e-38
11.429661 -53.817774 89.109936 0.211383 -0.977403 0.000000 1.6119787838914282e-38
12.954945 -53.173752 89.116470 0.237327 -0.971430 0.000000 1.6119787838914282e-38
15.033899 -53.173750 89.183025 0.263103 -0.964768 0.000000 1.6119787838914282e-38
15.389208 -52.209367 89.228978 0.288692 -0.957422 0.000000 1.6119787838914282e-38
16.654366 -52.106094 89.215712 0.314077 -0.949398 0.000000 1.6119787838914282e-38
18.445038 -51.643003 88.466150 0.339239 -0.940700 0.000000 1.6119787838914282e-38
19.885772 -51.495324 89.486426 0.364161 -0.931336 0.000000 1.6119787838914282e-38
22.133394 -50.925644 89.368752 0.388824 -0.921312 0.000000 1.6119787838914282e-38
23.631942 -50.261459 89.371229 0.413212 -0.910635 0.000000 1.6119787838914282e-38
23.766161 -49.050172 89.016876 0.437307 -0.899312 0.000000 1.6119787838914282e-38
25.530771 -48.905711 89.256371 0.461093 -0.887352 0.000000 1.6119787838914282e-38
26.614701 -48.210529 89.757973 0.484551 -0.874763 0.000000 1.6119787838914282e-38
28.705114 -47.606393 89.095930 0.507666 -0.861554 0.000000 1.6119787838914282e-38
29.034182 -45.985228 89.269420 0.530421 -0.847734 0.000000 1.6119787838914282e-38
30.846552 -45.786124 89.893290 0.552800 -0.833314 0.000000 1.6119787838914282e-38
31.651330 -45.498696 89.788605 0.574787 -0.818303 0.000000 1.6119787838914282e-38
33.187746 -44.169131 89.691327 0.596367 -0.802712 0.000000 1.6119787838914282e-38
34.238537 -42.943083 89.304747 0.617525 -0.786552 0.000000 1.6119787838914282e-38
35.498749 -42.333402 89.133184 0.638244 -0.769834 0.000000 1.6119787838914282e-38
36.285203 -41.656328 89.310415 0.658511 -0.752571 0.000000 1.6119787838914282e-38
37.302975 -40.425407 89.351340 0.678312 -0.734774 0.000000 1.6119787838914282e-38
38.567620 -39.478384 89.060922 0.697632 -0.716457 0.000000 1.6119787838914282e-38
39.460547 -39.007256 89.194808 0.716457 -0.697632 0.000000 1.6119787838914282e-38
40.260434 -37.409760 89.016422 0.734774 -0.678312 0.000000 1.6119787838914282e-38
40.923267 -35.671088 89.161340 0.752571 -0.658511 0.000000 1.6119787838914282e-38
42.925437 -35.386261 89.740204 0.769834 -0.638244 0.000000 1.6119787838914282e-38
43.068544 -34.031729 88.903082 0.786552 -0.617525 0.000000 1.6119787838914282e-38
45.086239 -32.991533 89.479305 0.802712 -0.596367 0.000000 1.6119787838914282e-38
45.301749 -31.733294 89.386085 0.818303 -0.574787 0.000000 1.6119787838914282e-38
46.402874 -30.311577 89.279506 0.833314 -0.552800 0.000000 1.6119787838914282e-38
46.946865 -28.702300 89.105726 0.847734 -0.530421 0.000000 1.6119787838914282e-38
46.997684 -28.349784 88.924132 0.861554 -0.507666 0.000000 1.6119787838914282e-38
48.018543 -26.999067 89.223689 0.874763 -0.484551 0.000000 1.6119787838914282e-38
49.052007 -25.379199 89.011686 0.887352 -0.461093 0.000000 1.6119787838914282e-38
49.936092 -23.977030 89.705162 0.899312 -0.437307 0.000000 1.6119787838914282e-38
50.516909 -22.912285 89.622416 0.910635 -0.413212 0.000000 1.6119787838914282e-38
50.934289 -21.221925 89.446898 0.921312 -0.388824 0.000000 1.6119787838914282e-38
51.368207 -20.069019 89.191357 0.931336 -0.364161 0.000000 1.6119787838914282e-38
51.666474 -19.367844 89.022628 0.940700 -0.339239 0.000000 1.6119787838914282e-38
52.462161 -17.009925 89.469566 0.949398 -0.314077 0.000000 1.6119787838914282e-38
52.761440 -16.138530 89.176807 0.957422 -0.288692 0.000000 1.6119787838914282e-38
52.958278 -15.156641 88.767226 0.964768 -0.263103 0.000000 1.6119787838914282e-38
54.030916 -12.542164 89.456952 0.971430 -0.237327 0.000000 1.6119787838914282e-38
53.930757 -12.085249 89.182430 0.977403 -0.211383 0.000000 1.6119787838914282e-38
54.423227 -9.978127 89.437413 0.982684 -0.185289 0.000000 1.6119787838914282e-38
54.855574 -8.196693 89.109263 0.987268 -0.159063 0.000000 1.6119787838914282e-38
55.548703 -7.931824 88.997276 0.991153 -0.132726 0.000000 1.6119787838914282e-38
54.942740 -5.702207 89.176279 0.994335 -0.106293 0.000000 1.6119787838914282e-38
54.870740 -3.743053 89.067712 0.996812 -0.079786 0.000000 1.6119787838914282e-38
54.811392 -2.430373 89.485515 0.998583 -0.053222 0.000000 1.6119787838914282e-38
55.504287 -1.410570 88.817973 0.999646 -0.026621 0.000000 1.6119787838914282e-38
55.220819 -0.454106 89.303461 1.000000 -0.000000 0.000000 1.6119787838914282e-38
0.196021 -55.291205 92.279976 -0.000000 -1.000000 0.000000 1.6119787838914282e-38
1.704896 -55.865275 92.597682 0.026621 -0.999646 0.000000 1.6119787838914282e-38
3.162262 -55.775086 92.466801 0.053222 -0.998583 0.000000 1.6119787838914282e-38
4.764127 -55.412940 92.060939 0.079786 -0.996812 0.000000 1.6119787838914282e-38
5.964715 -55.133032 92.058686 0.106293 -0.994335 0.000000 1.6119787838914282e-38
7.079082 -54.965319 92.554688 0.132726 -0.991153 0.000000 1.6119787838914282e-38
9.491058 -54.706057 91.944968 0.159063 -0.987268 0.000000 1.6119787838914282e-38
10.916551 -54.334332 91.706111 0.185289 -0.982684 0.000000 1.6119787838914282e-38
11.446710 -54.504614 92.559122 0.211383 -0.977403 0.000000 1.6119787838914282e-38
12.484810 -54.060671 92.542007 0.237327 -0.971430 0.000000 1.6119787838914282e-38
13.781908 -53.430409 92.567775 0.263103 -0.964768 0.000000 1.6119787838914282e-38
15.801269 -53.591893 92.049004 0.288692 -0.957422 0.000000 1.6119787838914282e-38
16.665380 -52.897495 92.373571 0.314077 -0.949398 0.000000 1.6119787838914282e-38
18.500572 -52.024330 92.338462 0.339239 -0.940700 0.000000 1.6119787838914282e-38
20.330370 -51.915771 92.530605 0.364161 -0.931336 0.000000 1.6119787838914282e-38
22.011170 -51.359944 92.536002 0.388824 -0.921312 0.000000 1.6119787838914282e-38
23.211921 -50.518527 92.810809 0.413212 -0.910635 0.000000 1.6119787838914282e-38
24.102388 -50.140657 92.074604 0.437307 -0.899312 0.000000 1.6119787838914282e-38
25.860627 -49.430794 92.098968 0.461093 -0.887352 0.000000 1.6119787838914282e-38
27.446674 -48.106074 92.209084 0.484551 -0.874763 0.000000 1.6119787838914282e-38
27.823017 -47.355268 92.448911 0.507666 -0.861554 0.000000 1.6119787838914282e-38
29.624955 -47.114259 92.067597 0.530421 -0.847734 0.000000 1.6119787838914282e-38
30.619344 -46.140463 92.173424 0.552800 -0.833314 0.000000 1.6119787838914282e-38
32.096025 -45.504942 91.990626 0.574787 -0.818303 0.000000 1.6119787838914282e-38
33.652612 -44.463659 92.406887 0.596367 -0.802712 0.000000 1.6119787838914282e-38
34.509416 -44.281013 92.159738 0.617525 -0.786552 0.000000 1.6119787838914282e-38
35.037014 -42.776011 92.405466 0.638244 -0.769834 0.000000 1.6119787838914282e-38
36.664742 -41.499767 91.858487 0.658511 -0.752571 0.000000 1.6119787838914282e-38
37.483744 -40.739301 92.386873 0.678312 -0.734774 0.000000 1.6119787838914282e-38
38.403332 -39.485945 92.770659 0.697632 -0.716457 0.000000 1.6119787838914282e-38
39.972580 -39.250683 92.355610 0.716457 -0.697632 0.000000 1.6119787838914282e-38
40.965708 -37.805072 92.711866 0.734774 -0.678312 0.000000 1.6119787838914282e-38
41.818562 -35.990978 92.542627 0.752571 -0.658511 0.000000 1.6119787838914282e-38
42.896241 -35.219076 92.766958 0.769834 -0.638244 0.000000 1.6119787838914282e-38
44.012861 -34.365660 92.109716 0.786552 -0.617525 0.000000 1.6119787838914282e-38
44.305237 -33.898489 92.359962 0.802712 -0.596367 0.000000 1.6119787838914282e-38
45.392651 -32.066368 92.616350 0.818303 -0.574787 0.000000 1.6119787838914282e-38
46.310157 -30.174798 92.135762 0.833314 -0.552800 0.000000 1.6119787838914282e-38
46.854474 -29.876029 92.524518 0.847734 -0.530421 0.000000 1.6119787838914282e-38
48.259769 -28.411558 91.988497 0.861554 -0.507666 0.000000 1.6119787838914282e-38
49.108009 -27.382851 92.610758 0.874763 -0.484551 0.000000 1.6119787838914282e-38
49.177754 -25.523992 92.630769 0.887352 -0.461093 0.000000 1.6119787838914282e-38
50.157069 -24.408912 92.726521 0.899312 -0.437307 0.000000 1.6119787838914282e-38
50.730618 -21.875560 91.796146 0.910635 -0.413212 0.000000 1.6119787838914282e-38
50.721710 -21.325724 92.298167 0.921312 -0.388824 0.000000 1.6119787838914282e-38
52.032955 -20.581879 92.323932 0.931336 -0.364161 0.000000 1.6119787838914282e-38
52.453141 -19.029486 92.377241 0.940700 -0.339239 0.000000 1.6119787838914282e-38
52.391180 -17.348562 92.741327 0.949398 -0.314077 0.000000 1.6119787838914282e-38
52.874634 -16.444651 92.664669 0.957422 -0.288692 0.000000 1.6119787838914282e-38
53.259745 -14.379961 92.324297 0.964768 -0.263103 0.000000 1.6119787838914282e-38
53.899591 -12.758689 92.586137 0.971430 -0.237327 0.000000 1.6119787838914282e-38
54.441061 -12.401597 92.521368 0.977403 -0.211383 0.000000 1.6119787838914282e-38
54.329570 -10.371030 92.309893 0.982684 -0.185289 0.000000 1.6119787838914282e-38
55.474958 -8.922103 91.880861 0.987268 -0.159063 0.000000 1.6119787838914282e-38
55.562699 -7.163655 92.536585 0.991153 -0.132726 0.000000 1.6119787838914282e-38
55.745293 -5.394425 92.040172 0.994335 -0.106293 0.000000 1.6119787838914282e-38
55.019237 -4.184470 92.228952 0.996812 -0.079786 0.000000 1.6119787838914282e-38
55.483475 -3.296390 92.482861 0.998583 -0.053222 0.000000 1.6119787838914282e-38
55.714761 -1.527119 91.891190 0.999646 -0.026621 0.000000 1.6119787838914282e-38
55.976576 0.076711 92.643045 1.000000 -0.000000 0.000000 1.6119787838914282e-38
-0.630904 -55.978774 95.169546 -0.000000 -1.000000 0.000000 1.6119787838914282e-38
1.501482 -55.693013 95.495600 0.026621 -0.999646 0.000000 1.6119787838914282e-38
2.985656 -55.912623 94.916686 0.053222 -0.998583 0.000000 1.6119787838914282e-38
4.195718 -55.480920 95.232954 0.079786 -0.996812 0.000000 1.6119787838914282e-38
6.294117 -55.430682 95.648377 0.106293 -0.994335 0.000000 1.6119787838914282e-38
7.531949 -55.631219 95.339270 0.132726 -0.991153 0.000000 1.6119787838914282e-38
9.099007 -55.920586 95.757748 0.159063 -0.987268 0.000000 1.6119787838914282e-38
10.225358 -55.052089 95.361317 0.185289 -0.982684 0.000000 1.6119787838914282e-38
11.824594 -55.124597 95.430133 0.211383 -0.977403 0.000000 1.6119787838914282e-38
13.467613 -55.009350 94.994380 0.237327 -0.971430 0.000000 1.6119787838914282e-38
15.001404 -53.810029 95.474238 0.263103 -0.964768 0.000000 1.6119787838914282e-38
15.960898 -53.396949 95.023745 0.288692 -0.957422 0.000000 1.6119787838914282e-38
17.545782 -53.554246 95.336015 0.314077 -0.949398 0.000000 1.6119787838914282e-38
18.686841 -52.448540 95.514570 0.339239 -0.940700 0.000000 1.6119787838914282e-38
20.220298 -51.823844 95.097721 0.364161 -0.931336 0.000000 1.6119787838914282e-38
21.761943 -51.774067 95.607327 0.388824 -0.921312 0.000000 1.6119787838914282e-38
23.331188 -50.601155 95.409511 0.413212 -0.910635 0.000000 1.6119787838914282e-38
23.599503 -50.486981 95.854193 0.437307 -0.899312 0.000000 1.6119787838914282e-38
25.721755 -50.263269 95.519415 0.461093 -0.887352 0.000000 1.6119787838914282e-38
27.290041 -49.201237 95.310591 0.484551 -0.874763 0.000000 1.6119787838914282e-38
28.172974 -48.086657 95.401595 0.507666 -0.861554 0.000000 1.6119787838914282e-38
29.351622 -47.472448 95.164708 0.530421 -0.847734 0.000000 1.6119787838914282e-38
31.392812 -46.393988 95.347932 0.552800 -0.833314 0.000000 1.6119787838914282e-38
32.210012 -45.517403 95.332532 0.574787 -0.818303 0.000000 1.6119787838914282e-38
33.621597 -44.505281 95.237351 0.596367 -0.802712 0.000000 1.6119787838914282e-38
35.072641 -43.637065 95.459183 0.617525 -0.786552 0.000000 1.6119787838914282e-38
35.605833 -43.036652 95.311265 0.638244 -0.769834 0.000000 1.6119787838914282e-38
36.636054 -41.981135 95.077558 0.658511 -0.752571 0.000000 1.6119787838914282e-38
37.881062 -41.241902 94.975038 0.678312 -0.734774 0.000000 1.6119787838914282e-38
39.261991 -40.187085 95.774268 0.697632 -0.716457 0.000000 1.6119787838914282e-38
40.045187 -39.186428 95.113223 0.716457 -0.697632 0.000000 1.6119787838914282e-38
41.155990 -37.969225 95.607145 0.734774 -0.678312 0.000000 1.6119787838914282e-38
42.160924 -36.245710 95.521481 0.752571 -0.658511 0.000000 1.6119787838914282e-38
42.811435 -36.060450 95.545055 0.769834 -0.638244 0.000000 1.6119787838914282e-38
43.738101 -34.400344 95.653307 0.786552 -0.617525 0.000000 1.6119787838914282e-38
45.224420 -33.654836 95.661057 0.802712 -0.596367 0.000000 1.6119787838914282e-38
45.918312 -32.368054 95.336795 0.818303 -0.574787 0.000000 1.6119787838914282e-38
46.803481 -31.156349 95.475173 0.833314 -0.552800 0.000000 1.6119787838914282e-38
47.903266 -29.412137 95.409211 0.847734 -0.530421 0.000000 1.6119787838914282e-38
48.313671 -28.588582 95.231646 0.861554 -0.507666 0.000000 1.6119787838914282e-38
48.521918 -27.057491 95.589365 0.874763 -0.484551 0.000000 1.6119787838914282e-38
49.666755 -26.082450 95.404454 0.887352 -0.461093 0.000000 1.6119787838914282e-38
50.760250 -24.217988 95.375773 0.899312 -0.437307 0.000000 1.6119787838914282e-38
51.605971 -22.328540 95.240573 0.910635 -0.413212 0.000000 1.6119787838914282e-38
51.515855 -21.564529 95.110722 0.921312 -0.388824 0.000000 1.6119787838914282e-38
52.405674 -20.361030 95.496107 0.931336 -0.364161 0.000000 1.6119787838914282e-38
52.502652 -19.232270 94.788976 0.940700 -0.339239 0.000000 1.6119787838914282e-38
53.607733 -17.304549 95.586623 0.949398 -0.314077 0.000000 1.6119787838914282e-38
53.716131 -16.856811 95.159285 0.957422 -0.288692 0.000000 1.6119787838914282e-38
53.946144 -15.057048 94.876559 0.964768 -0.263103 0.000000 1.6119787838914282e-38
54.102805 -13.274560 95.399435 0.971430 -0.237327 0.000000 1.6119787838914282e-38
55.002762 -11.217590 95.590344 0.977403 -0.211383 0.000000 1.6119787838914282e-38
54.973539 -9.835296 94.910034 0.982684 -0.185289 0.000000 1.6119787838914282e-38
54.659249 -9.172908 95.628272 0.987268 -0.159063 0.000000 1.6119787838914282e-38
55.550984 -7.770572 95.166487 0.991153 -0.132726 0.000000 1.6119787838914282e-38
55.306148 -6.324443 95.849933 0.994335 -0.106293 0.000000 1.6119787838914282e-38
55.774276 -3.936814 95.117611 0.996812 -0.079786 0.000000 1.6119787838914282e-38
56.063795 -2.912095 95.648520 0.998583 -0.053222 0.000000 1.6119787838914282e-38
56.052341 -1.195113 95.550875 0.999646 -0.026621 0.000000 1.6119787838914282e-38
55.668439 0.219814 95.353686 1.000000 -0.000000 0.000000 1.6119787838914282e-38
-0.233016 -56.130732 98.738006 -0.000000 -1.000000 0.000000 1.6119787838914282e-38
1.354702 -56.424129 98.045402 0.026621 -0.999646 0.000000 1.6119787838914282e-38
2.457062 -56.331769 98.699155 0.053222 -0.998583 0.000000 1.6119787838914282e-38
4.323084 -55.730979 98.400016 0.079786 -0.996812 0.000000 1.6119787838914282e-38
5.928158 -56.106482 98.756016 0.106293 -0.994335 0.000000 1.6119787838914282e-38
7.189940 -55.879174 98.297327 0.132726 -0.991153 0.000000 1.6119787838914282e-38
8.792996 -55.611092 98.427541 0.159063 -0.987268 0.000000 1.6119787838914282e-38
10.754469 -55.366600 98.628040 0.185289 -0.982684 0.000000 1.6119787838914282e-38
11.960896 -54.644729 98.370823 0.211383 -0.977403 0.000000 1.6119787838914282e-38
13.280860 -54.505805 98.366738 0.237327 -0.971430 0.000000 1.6119787838914282e-38
14.972433 -53.652611 98.167853 0.263103 -0.964768 0.000000 1.6119787838914282e-38
16.724095 -54.087791 98.862842 0.288692 -0.957422 0.000000 1.6119787838914282e-38
17.900558 -53.307943 98.416250 0.314077 -0.949398 0.000000 1.6119787838914282e-38
19.037202 -53.214645 98.463421 0.339239 -0.940700 0.000000 1.6119787838914282e-38
20.461242 -52.413174 98.038342 0.364161 -0.931336 0.000000 1.6119787838914282e-38
21.912730 -51.526931 98.744753 0.388824 -0.921312 0.000000 1.6119787838914282e-38
23.286831 -50.535459 98.288332 0.413212 -0.910635 0.000000 1.6119787838914282e-38
24.611423 -51.101434 98.340448 0.437307 -0.899312 0.000000 1.6119787838914282e-38
26.513800 -50.102107 98.003189 0.461093 -0.887352 0.000000 1.6119787838914282e-38
27.560675 -49.166449 98.710732 0.484551 -0.874763 0.000000 1.6119787838914282e-38
28.512230 -48.841168 98.406451 0.507666 -0.861554 0.000000 1.6119787838914282e-38
30.049798 -47.782145 98.577925 0.530421 -0.847734 0.000000 1.6119787838914282e-38
30.983116 -46.820482 98.460634 0.552800 -0.833314 0.000000 1.6119787838914282e-38
32.171143 -46.060314 98.345531 0.574787 -0.818303 0.000000 1.6119787838914282e-38
33.783846 -44.961964 98.612000 0.596367 -0.802712 0.000000 1.6119787838914282e-38
34.300177 -44.602901 98.270565 0.617525 -0.786552 0.000000 1.6119787838914282e-38
35.719097 -43.534474 98.739113 0.638244 -0.769834 0.000000 1.6119787838914282e-38
37.309420 -42.526184 98.639077 0.658511 -0.752571 0.000000 1.6119787838914282e-38
38.314013 -41.406244 98.806006 0.678312 -0.734774 0.000000 1.6119787838914282e-38
39.105422 -40.348575 98.146280 0.697632 -0.716457 0.000000 1.6119787838914282e-38
40.063524 -39.712040 98.165781 0.716457 -0.697632 0.000000 1.6119787838914282e-38
41.421316 -38.306105 98.380577 0.734774 -0.678312 0.000000 1.6119787838914282e-38
42.309280 -36.568001 98.120384 0.752571 -0.658511 0.000000 1.6119787838914282e-38
42.998392 -36.211618 98.439970 0.769834 -0.638244 0.000000 1.6119787838914282e-38
44.467901 -34.605097 98.744930 0.786552 -0.617525 0.000000 1.6119787838914282e-38
45.191440 -33.717593 98.951577 0.802712 -0.596367 0.000000 1.6119787838914282e-38
45.267037 -32.364077 98.590541 0.818303 -0.574787 0.000000 1.6119787838914282e-38
47.510116 -31.642332 98.335497 0.833314 -0.552800 0.000000 1.6119787838914282e-38
47.353164 -30.422827 98.400181 0.847734 -0.530421 0.000000 1.6119787838914282e-38
48.788959 -28.239555 98.301977 0.861554 -0.507666 0.000000 1.6119787838914282e-38
49.483170 -27.358391 98.628511 0.874763 -0.484551 0.000000 1.6119787838914282e-38
50.338805 -26.035725 98.784631 0.887352 -0.461093 0.000000 1.6119787838914282e-38
50.302371 -24.440471 98.771640 0.899312 -0.437307 0.000000 1.6119787838914282e-38
51.583248 -23.635437 98.399795 0.910635 -0.413212 0.000000 1.6119787838914282e-38
51.996380 -21.773021 98.496301 0.921312 -0.388824 0.000000 1.6119787838914282e-38
52.899236 -20.905109 98.389463 0.931336 -0.364161 0.000000 1.6119787838914282e-38
52.491711 -18.925979 98.627924 0.940700 -0.339239 0.000000 1.6119787838914282e-38
54.492622 -17.386837 98.560948 0.949398 -0.314077 0.000000 1.6119787838914282e-38
54.016598 -16.359577 98.500685 0.957422 -0.288692 0.000000 1.6119787838914282e-38
54.436860 -15.412344 98.520613 0.964768 -0.263103 0.000000 1.6119787838914282e-38
54.759619 -12.844527 98.422037 0.971430 -0.237327 0.000000 1.6119787838914282e-38
54.836193 -11.828510 98.483843 0.977403 -0.211383 0.000000 1.6119787838914282e-38
55.324188 -10.822664 98.414733 0.982684 -0.185289 0.000000 1.6119787838914282e-38
55.447881 -9.026411 98.681184 0.987268 -0.159063 0.000000 1.6119787838914282e-38
55.638131 -7.543983 98.623900 0.991153 -0.132726 0.000000 1.6119787838914282e-38
55.938934 -5.205705 98.536198 0.994335 -0.106293 0.000000 1.6119787838914282e-38
55.786748 -4.746854 98.179558 0.996812 -0.079786 0.000000 1.6119787838914282e-38
56.011568 -2.837387 98.129586 0.998583 -0.053222 0.000000 1.6119787838914282e-38
56.219598 -1.156948 98.305607 0.999646 -0.026621 0.000000 1.6119787838914282e-38
56.540372 -0.504891 98.350354 1.000000 -0.000000 0.000000 1.6119787838914282e-38
-0.265784 -56.550989 101.228028 -0.000000 -1.000000 0.000000 1.6119787838914282e-38
2.128708 -57.112663 101.879196 0.026621 -0.999646 0.000000 1.6119787838914282e-38
3.278036 -56.467684 101.554792 0.053222 -0.998583 0.000000 1.6119787838914282e-38
5.075646 -55.719060 101.476282 0.079786 -0.996812 0.000000 1.6119787838914282e-38
6.067892 -56.485758 101.187675 0.106293 -0.994335 0.000000 1.6119787838914282e-38
7.656630 -56.064922 101.055395 0.132726 -0.991153 0.000000 1.6119787838914282e-38
9.146303 -55.834846 101.358088 0.159063 -0.987268 0.000000 1.6119787838914282e-38
10.294967 -55.532999 102.021126 0.185289 -0.982684 0.000000 1.6119787838914282e-38
12.092425 -55.126882 101.288803 0.211383 -0.977403 0.000000 1.6119787838914282e-38
13.318121 -54.840278 101.130958 0.237327 -0.971430 0.000000 1.6119787838914282e-38
14.964532 -54.497313 101.526901 0.263103 -0.964768 0.000000 1.6119787838914282e-38
16.447589 -54.211919 101.351813 0.288692 -0.957422 0.000000 1.6119787838914282e-38
17.436162 -53.801848 101.929813 0.314077 -0.949398 0.000000 1.6119787838914282e-38
19.522116 -53.385728 101.428630 0.339239 -0.940700 0.000000 1.6119787838914282e-38
20.494476 -52.883613 101.624786 0.364161 -0.931336 0.000000 1.6119787838914282e-38
22.340604 -51.505115 101.289507 0.388824 -0.921312 0.000000 1.6119787838914282e-38
23.600073 -51.416491 101.439538 0.413212 -0.910635 0.000000 1.6119787838914282e-38
24.461686 -50.855255 102.174425 0.437307 -0.899312 0.000000 1.6119787838914282e-38
26.197418 -50.496608 101.491282 0.461093 -0.887352 0.000000 1.6119787838914282e-38
27.103355 -49.541833 101.743484 0.484551 -0.874763 0.000000 1.6119787838914282e-38
28.546878 -49.775899 101.621526 0.507666 -0.861554 0.000000 1.6119787838914282e-38
29.893063 -48.241659 101.310671 0.530421 -0.847734 0.000000 1.6119787838914282e-38
31.431180 -47.322039 101.817595 0.552800 -0.833314 0.000000 1.6119787838914282e-38
32.842223 -46.430612 101.382202 0.574787 -0.818303 0.000000 1.6119787838914282e-38
33.817109 -45.509944 101.012707 0.596367 -0.802712 0.000000 1.6119787838914282e-38
35.551394 -44.336703 101.399416 0.617525 -0.786552 0.000000 1.6119787838914282e-38
35.575823 -43.658235 101.362068 0.638244 -0.769834 0.000000 1.6119787838914282e-38
37.280519 -43.275462 101.396788 0.658511 -0.752571 0.000000 1.6119787838914282e-38
38.296810 -41.675967 101.467599 0.678312 -0.734774 0.000000 1.6119787838914282e-38
39.530167 -40.124416 101.383957 0.697632 -0.716457 0.000000 1.6119787838914282e-38
40.307422 -40.032690 101.385128 0.716457 -0.697632 0.000000 1.6119787838914282e-38
41.197909 -38.132178 101.509630 0.734774 -0.678312 0.000000 1.6119787838914282e-38
42.908140 -36.858981 101.278944 0.752571 -0.658511 0.000000 1.6119787838914282e-38
43.499897 -35.751232 101.595227 0.769834 -0.638244 0.000000 1.6119787838914282e-38
44.707457 -34.667269 101.807416 0.786552 -0.617525 0.000000 1.6119787838914282e-38
45.589434 -33.359888 101.517985 0.802712 -0.596367 0.000000 1.6119787838914282e-38
46.505247 -32.609515 101.844627 0.818303 -0.574787 0.000000 1.6119787838914282e-38
46.989438 -31.815961 101.734939 0.833314 -0.552800 0.000000 1.6119787838914282e-38
47.710417 -30.379301 101.917941 0.847734 -0.530421 0.000000 1.6119787838914282e-38
49.089100 -28.857408 100.624823 0.861554 -0.507666 0.000000 1.6119787838914282e-38
49.707358 -27.246656 101.693505 0.874763 -0.484551 0.000000 1.6119787838914282e-38
50.401694 -26.171120 101.415321 0.887352 -0.461093 0.000000 1.6119787838914282e-38
50.606018 -24.978708 101.634907 0.899312 -0.437307 0.000000 1.6119787838914282e-38
51.680570 -23.167771 101.116532 0.910635 -0.413212 0.000000 1.6119787838914282e-38
51.686191 -22.137271 101.232477 0.921312 -0.388824 0.000000 1.6119787838914282e-38
52.807534 -21.019353 101.892531 0.931336 -0.364161 0.000000 1.6119787838914282e-38
53.035511 -18.736999 101.695752 0.940700 -0.339239 0.000000 1.6119787838914282e-38
53.458185 -17.161170 101.618097 0.949398 -0.314077 0.000000 1.6119787838914282e-38
54.279101 -16.371341 101.678428 0.957422 -0.288692 0.000000 1.6119787838914282e-38
54.802966 -15.161864 101.474396 0.964768 -0.263103 0.000000 1.6119787838914282e-38
55.057393 -13.267581 101.718368 0.971430 -0.237327 0.000000 1.6119787838914282e-38
55.410390 -12.138003 101.357984 0.977403 -0.211383 0.000000 1.6119787838914282e-38
55.302687 -10.317143 101.353668 0.982684 -0.185289 0.000000 1.6119787838914282e-38
55.862262 -8.938180 101.539642 0.987268 -0.159063 0.000000 1.6119787838914282e-38
56.138125 -7.789185 101.619120 0.991153 -0.132726 0.000000 1.6119787838914282e-38
56.226189 -6.046481 101.885852 0.994335 -0.106293 0.000000 1.6119787838914282e-38
56.611945 -4.690400 101.493787 0.996812 -0.079786 0.000000 1.6119787838914282e-38
57.040474 -3.106768 101.550426 0.998583 -0.053222 0.000000 1.6119787838914282e-38
56.820091 -1.443253 101.426616 0.999646 -0.026621 0.000000 1.6119787838914282e-38
56.417894 -0.003030 101.735867 1.000000 -0.000000 0.000000 1.6119787838914282e-38
0.396270 -57.339452 105.144220 -0.000000 -1.000000 0.000000 1.6119787838914282e-38
1.428181 -56.602233 104.394124 0.026621 -0.999646 0.000000 1.6119787838914282e-38
2.545082 -57.213085 104.516098 0.053222 -0.998583 0.000000 1.6119787838914282e-38
4.697045 -56.709092 104.540314 0.079786 -0.996812 0.000000 1.6119787838914282e-38
6.383490 -56.576901 104.699320 0.106293 -0.994335 0.000000 1.6119787838914282e-38
8.485370 -56.398855 104.406631 0.132726 -0.991153 0.000000 1.6119787838914282e-38
9.194976 -55.955190 104.705680 0.159063 -0.987268 0.000000 1.6119787838914282e-38
10.589974 -55.469906 105.022559 0.185289 -0.982684 0.000000 1.6119787838914282e-38
11.992508 -55.807151 104.744145 0.211383 -0.977403 0.000000 1.6119787838914282e-38
13.309083 -55.008663 104.742601 0.237327 -0.971430 0.000000 1.6119787838914282e-38
15.771505 -54.453154 104.291762 0.263103 -0.964768 0.000000 1.6119787838914282e-38
16.270891 -55.051351 103.974061 0.288692 -0.957422 0.000000 1.6119787838914282e-38
17.905065 -54.378293 105.107740 0.314077 -0.949398 0.000000 1.6119787838914282e-38
19.650014 -53.607148 104.516891 0.339239 -0.940700 0.000000 1.6119787838914282e-38
21.166292 -52.478503 104.335605 0.364161 -0.931336 0.000000 1.6119787838914282e-38
21.805681 -52.512837 104.744742 0.388824 -0.921312 0.000000 1.6119787838914282e-38
23.357608 -51.679314 105.200474 0.413212 -0.910635 0.000000 1.6119787838914282e-38
24.460910 -51.304424 104.199287 0.437307 -0.899312 0.000000 1.6119787838914282e-38
25.985117 -50.578599 104.397221 0.461093 -0.887352 0.000000 1.6119787838914282e-38
27.726863 -49.728598 104.705090 0.484551 -0.874763 0.000000 1.6119787838914282e-38
28.794096 -49.086677 104.510177 0.507666 -0.861554 0.000000 1.6119787838914282e-38
30.106271 -48.110255 104.038337 0.530421 -0.847734 0.000000 1.6119787838914282e-38
31.540621 -47.676053 104.513727 0.552800 -0.833314 0.000000 1.6119787838914282e-38
32.236855 -46.668903 104.698750 0.574787 -0.818303 0.000000 1.6119787838914282e-38
34.070336 -46.030068 104.738036 0.596367 -0.802712 0.000000 1.6119787838914282e-38
35.478988 -44.902769 104.615659 0.617525 -0.786552 0.000000 1.6119787838914282e-38
35.695432 -44.072545 104.696541 0.638244 -0.769834 0.000000 1.6119787838914282e-38
37.755836 -43.000944 105.416200 0.658511 -0.752571 0.000000 1.6119787838914282e-38
38.690006 -42.190543 105.001539 0.678312 -0.734774 0.000000 1.6119787838914282e-38
39.319243 -40.667750 104.336612 0.697632 -0.716457 0.000000 1.6119787838914282e-38
40.359048 -39.406480 104.537452 0.716457 -0.697632 0.000000 1.6119787838914282e-38
42.326238 -38.901219 104.147492 0.734774 -0.678312 0.000000 1.6119787838914282e-38
42.677261 -36.602043 104.865559 0.752571 -0.658511 0.000000 1.6119787838914282e-38
43.969603 -36.139914 104.469932 0.769834 -0.638244 0.000000 1.6119787838914282e-38
45.573467 -34.999630 104.724680 0.786552 -0.617525 0.000000 1.6119787838914282e-38
45.969627 -34.315184 104.351581 0.802712 -0.596367 0.000000 1.6119787838914282e-38
46.487648 -32.407917 104.225969 0.818303 -0.574787 0.000000 1.6119787838914282e-38
47.395227 -31.516893 104.143069 0.833314 -0.552800 0.000000 1.6119787838914282e-38
48.083279 -30.018192 104.170404 0.847734 -0.530421 0.000000 1.6119787838914282e-38
49.445695 -28.745692 104.719187 0.861554 -0.507666 0.000000 1.6119787838914282e-38
49.776341 -27.898566 104.420476 0.874763 -0.484551 0.000000 1.6119787838914282e-38
50.598753 -26.431589 104.672009 0.887352 -0.461093 0.000000 1.6119787838914282e-38
50.901057 -24.747290 104.773209 0.899312 -0.437307 0.000000 1.6119787838914282e-38
51.326672 -23.491517 104.158884 0.910635 -0.413212 0.000000 1.6119787838914282e-38
51.864197 -22.302203 105.454460 0.921312 -0.388824 0.000000 1.6119787838914282e-38
53.225501 -20.303049 104.797910 0.931336 -0.364161 0.000000 1.6119787838914282e-38
53.587333 -19.034022 104.423513 0.940700 -0.339239 0.000000 1.6119787838914282e-38
54.161732 -17.517787 104.825211 0.949398 -0.314077 0.000000 1.6119787838914282e-38
54.850000 -16.371747 105.123009 0.957422 -0.288692 0.000000 1.6119787838914282e-38
54.832673 -14.335188 104.787467 0.964768 -0.263103 0.000000 1.6119787838914282e-38
55.159027 -13.857592 104.372987 0.971430 -0.237327 0.000000 1.6119787838914282e-38
55.326294 -12.054254 104.233197 0.977403 -0.211383 0.000000 1.6119787838914282e-38
56.302403 -10.509683 104.636430 0.982684 -0.185289 0.000000 1.6119787838914282e-38
55.825801 -9.281400 103.949274 0.987268 -0.159063 0.000000 1.6119787838914282e-38
56.881785 -7.977377 104.212813 0.991153 -0.132726 0.000000 1.6119787838914282e-38
57.001449 -5.931814 104.651606 0.994335 -0.106293 0.000000 1.6119787838914282e-38
56.820530 -4.253647 104.645347 0.996812 -0.079786 0.000000 1.6119787838914282e-38
56.356141 -2.808377 104.742088 0.998583 -0.053222 0.000000 1.6119787838914282e-38
57.231147 -1.889433 104.396582 0.999646 -0.026621 0.000000 1.6119787838914282e-38
57.017472 -0.283353 103.909532 1.000000 -0.000000 0.000000 1.6119787838914282e-38
0.059199 -56.845521 107.653628 -0.000000 -1.000000 0.000000 1.6119787838914282e-38
1.684846 -56.972772 107.695456 0.026621 -0.999646 0.000000 1.6119787838914282e-38
3.080521 -56.628334 107.403033 0.053222 -0.998583 0.000000 1.6119787838914282e-38
4.788819 -57.286208 107.453874 0.079786 -0.996812 0.000000 1.6119787838914282e-38
6.429624 -57.153410 107.619830 0.106293 -0.994335 0.000000 1.6119787838914282e-38
8.288893 -56.301061 107.471156 0.132726 -0.991153 0.000000 1.6119787838914282e-38
8.915009 -56.437903 108.085891 0.159063 -0.987268 0.000000 1.6119787838914282e-38
10.282090 -56.443695 107.906314 0.185289 -0.982684 0.000000 1.6119787838914282e-38
11.568571 -56.096763 107.666781 0.211383 -0.977403 0.000000 1.6119787838914282e-38
13.544537 -55.891656 107.798430 0.237327 -0.971430 0.000000 1.6119787838914282e-38
15.192975 -55.300521 108.190535 0.263103 -0.964768 0.000000 1.6119787838914282e-38
16.590240 -54.983682 108.178542 0.288692 -0.957422 0.000000 1.6119787838914282e-38
17.781187 -54.170255 107.546273 0.314077 -0.949398 0.000000 1.6119787838914282e-38
19.562542 -53.871635 107.566051 0.339239 -0.940700 0.000000 1.6119787838914282e-38
20.750682 -53.342941 108.013852 0.364161 -0.931336 0.000000 1.6119787838914282e-38
21.829975 -52.630978 107.719147 0.388824 -0.921312 0.000000 1.6119787838914282e-38
23.562820 -51.719526 107.241123 0.413212 -0.910635 0.000000 1.6119787838914282e-38
25.146756 -51.736820 107.539675 0.437307 -0.899312 0.000000 1.6119787838914282e-38
25.930541 -50.779874 107.518844 0.461093 -0.887352 0.000000 1.6119787838914282e-38
28.166131 -49.888829 107.824243 0.484551 -0.874763 0.000000 1.6119787838914282e-38
28.662585 -48.984797 108.183775 0.507666 -0.861554 0.000000 1.6119787838914282e-38
30.555445 -48.811128 107.553065 0.530421 -0.847734 0.000000 1.6119787838914282e-38
31.605183 -47.767060 108.452205 0.552800 -0.833314 0.000000 1.6119787838914282e-38
32.683739 -46.749569 107.512239 0.574787 -0.818303 0.000000 1.6119787838914282e-38
34.130444 -45.431386 107.726764 0.596367 -0.802712 0.000000 1.6119787838914282e-38
35.203611 -45.245297 108.054959 0.617525 -0.786552 0.000000 1.6119787838914282e-38
36.409585 -44.024325 106.990627 0.638244 -0.769834 0.000000 1.6119787838914282e-38
37.572069 -43.102676 107.144506 0.658511 -0.752571 0.000000 1.6119787838914282e-38
39.038001 -42.126481 108.260978 0.678312 -0.734774 0.000000 1.6119787838914282e-38
40.268875 -41.135698 108.103102 0.697632 -0.716457 0.000000 1.6119787838914282e-38
41.402890 -40.012254 107.382510 0.716457 -0.697632 0.000000 1.6119787838914282e-38
41.319302 -38.626986 107.400310 0.734774 -0.678312 0.000000 1.6119787838914282e-38
43.105492 -37.780590 107.458388 0.752571 -0.658511 0.000000 1.6119787838914282e-38
43.799869 -36.842638 107.523722 0.769834 -0.638244 0.000000 1.6119787838914282e-38
44.702140 -35.273562 107.723585 0.786552 -0.617525 0.000000 1.6119787838914282e-38
45.524739 -33.730698 107.644437 0.802712 -0.596367 0.000000 1.6119787838914282e-38
47.187296 -32.756097 107.713039 0.818303 -0.574787 0.000000 1.6119787838914282e-38
47.446617 -31.388184 107.702378 0.833314 -0.552800 0.000000 1.6119787838914282e-38
48.675064 -29.813073 107.474252 0.847734 -0.530421 0.000000 1.6119787838914282e-38
49.390859 -28.819302 107.829741 0.861554 -0.507666 0.000000 1.6119787838914282e-38
49.831279 -27.798540 107.517143 0.874763 -0.484551 0.000000 1.6119787838914282e-38
50.499132 -26.586885 107.660959 0.887352 -0.461093 0.000000 1.6119787838914282e-38
51.135988 -24.845687 107.709394 0.899312 -0.437307 0.000000 1.6119787838914282e-38
52.060752 -23.682257 107.712977 0.910635 -0.413212 0.000000 1.6119787838914282e-38
52.545637 -21.973450 107.559591 0.921312 -0.388824 0.000000 1.6119787838914282e-38
53.305013 -21.190587 107.905930 0.931336 -0.364161 0.000000 1.6119787838914282e-38
53.559399 -19.648978 107.350668 0.940700 -0.339239 0.000000 1.6119787838914282e-38
53.858541 -18.082626 108.141896 0.949398 -0.314077 0.000000 1.6119787838914282e-38
54.489228 -17.151110 107.801948 0.957422 -0.288692 0.000000 1.6119787838914282e-38
54.767498 -14.782404 107.565985 0.964768 -0.263103 0.000000 1.6119787838914282e-38
55.400067 -13.195489 107.877627 0.971430 -0.237327 0.000000 1.6119787838914282e-38
55.449527 -12.402690 107.157249 0.977403 -0.211383 0.000000 1.6119787838914282e-38
56.906010 -10.841397 108.043252 0.982684 -0.185289 0.000000 1.6119787838914282e-38
56.227185 -9.408713 107.698776 0.987268 -0.159063 0.000000 1.6119787838914282e-38
56.510727 -7.339926 107.936623 0.991153 -0.132726 0.000000 1.6119787838914282e-38
56.613419 -6.502835 107.333158 0.994335 -0.106293 0.000000 1.6119787838914282e-38
56.247207 -4.639243 107.688768 0.996812 -0.079786 0.000000 1.6119787838914282e-38
56.690227 -3.418828 107.687483 0.998583 -0.053222 0.000000 1.6119787838914282e-38
56.904196 -1.584284 107.582140 0.999646 -0.026621 0.000000 1.6119787838914282e-38
57.188642 -0.169584 107.545684 1.000000 -0.000000 0.000000 1.6119787838914282e-38
-0.564540 -57.297163 110.795838 -0.000000 -1.000000 0.000000 1.6119787838914282e-38
1.471569 -56.688213 110.818064 0.026621 -0.999646 0.000000 1.6119787838914282e-38
3.001733 -57.051134 111.403090 0.053222 -0.998583 0.000000 1.6119787838914282e-38
4.646130 -57.766494 110.898848 0.079786 -0.996812 0.000000 1.6119787838914282e-38
5.824940 -57.534292 111.278499 0.106293 -0.994335 0.000000 1.6119787838914282e-38
8.047226 -57.046833 110.499641 0.132726 -0.991153 0.000000 1.6119787838914282e-38
9.159535 -56.818322 110.728709 0.159063 -0.987268 0.000000 1.6119787838914282e-38
10.399766 -56.410295 110.347924 0.185289 -0.982684 0.000000 1.6119787838914282e-38
12.356502 -55.626546 110.739170 0.211383 -0.977403 0.000000 1.6119787838914282e-38
13.583690 -55.456762 110.769801 0.237327 -0.971430 0.000000 1.6119787838914282e-38
15.589927 -55.658803 111.027513 0.263103 -0.964768 0.000000 1.6119787838914282e-38
16.502610 -55.179474 111.443357 0.288692 -0.957422 0.000000 1.6119787838914282e-38
18.706522 -54.445815 110.902648 0.314077 -0.949398 0.000000 1.6119787838914282e-38
19.290946 -53.978341 110.429481 0.339239 -0.940700 0.000000 1.6119787838914282e-38
20.475791 -52.795613 110.757600 0.364161 -0.931336 0.000000 1.6119787838914282e-38
22.287827 -53.017807 110.826222 0.388824 -0.921312 0.000000 1.6119787838914282e-38
23.218508 -52.395161 110.409298 0.413212 -0.910635 0.000000 1.6119787838914282e-38
25.437731 -52.010024 110.415466 0.437307 -0.899312 0.000000 1.6119787838914282e-38
25.798053 -51.096362 110.631374 0.461093 -0.887352 0.000000 1.6119787838914282e-38
28.049408 -50.174834 110.646055 0.484551 -0.874763 0.000000 1.6119787838914282e-38
29.170117 -49.484467 111.492203 0.507666 -0.861554 0.000000 1.6119787838914282e-38
30.206303 -48.435864 111.017168 0.530421 -0.847734 0.000000 1.6119787838914282e-38
31.479614 -47.684329 110.618977 0.552800 -0.833314 0.000000 1.6119787838914282e-38
33.007215 -46.843794 110.727146 0.574787 -0.818303 0.000000 1.6119787838914282e-38
33.814484 -45.421871 110.945151 0.596367 -0.802712 0.000000 1.6119787838914282e-38
34.896493 -45.181407 110.298412 0.617525 -0.786552 0.000000 1.6119787838914282e-38
36.788568 -44.104214 110.770454 0.638244 -0.769834 0.000000 1.6119787838914282e-38
37.468181 -43.203476 111.005386 0.658511 -0.752571 0.000000 1.6119787838914282e-38
39.171851 -41.835453 110.303581 0.678312 -0.734774 0.000000 1.6119787838914282e-38
39.905938 -40.964127 110.548798 0.697632 -0.716457 0.000000 1.6119787838914282e-38
40.542416 -40.347762 111.219163 0.716457 -0.697632 0.000000 1.6119787838914282e-38
41.731941 -38.840834 110.722330 0.734774 -0.678312 0.000000 1.6119787838914282e-38
43.062672 -37.816849 111.005972 0.752571 -0.658511 0.000000 1.6119787838914282e-38
44.108363 -36.747640 110.784634 0.769834 -0.638244 0.000000 1.6119787838914282e-38
44.672033 -35.230301 110.564941 0.786552 -0.617525 0.000000 1.6119787838914282e-38
45.793968 -34.007239 110.647036 0.802712 -0.596367 0.000000 1.6119787838914282e-38
46.768767 -32.574720 110.477274 0.818303 -0.574787 0.000000 1.6119787838914282e-38
47.883456 -31.380671 111.119300 0.833314 -0.552800 0.000000 1.6119787838914282e-38
49.212933 -30.576246 110.508850 0.847734 -0.530421 0.000000 1.6119787838914282e-38
49.596760 -28.798072 110.532010 0.861554 -0.507666 0.000000 1.6119787838914282e-38
50.253676 -26.938812 110.800630 0.874763 -0.484551 0.000000 1.6119787838914282e-38
51.106408 -25.939309 111.520355 0.887352 -0.461093 0.000000 1.6119787838914282e-38
51.588165 -24.673956 110.532683 0.899312 -0.437307 0.000000 1.6119787838914282e-38
52.170503 -23.803582 110.203629 0.910635 -0.413212 0.000000 1.6119787838914282e-38
52.293741 -22.143641 110.904137 0.921312 -0.388824 0.000000 1.6119787838914282e-38
53.036370 -20.392654 110.436236 0.931336 -0.364161 0.000000 1.6119787838914282e-38
53.962433 -19.556874 110.801315 0.940700 -0.339239 0.000000 1.6119787838914282e-38
54.653014 -17.763760 110.981583 0.949398 -0.314077 0.000000 1.6119787838914282e-38
55.017157 -16.918694 111.109590 0.957422 -0.288692 0.000000 1.6119787838914282e-38
54.945808 -15.102868 110.663833 0.964768 -0.263103 0.000000 1.6119787838914282e-38
55.750546 -13.739978 110.721678 0.971430 -0.237327 0.000000 1.6119787838914282e-38
56.473344 -12.497009 110.768491 0.977403 -0.211383 0.000000 1.6119787838914282e-38
55.955936 -10.411416 110.551212 0.982684 -0.185289 0.000000 1.6119787838914282e-38
56.564330 -9.508885 111.156693 0.987268 -0.159063 0.000000 1.6119787838914282e-38
56.797117 -7.561462 111.017949 0.991153 -0.132726 0.000000 1.6119787838914282e-38
56.582127 -6.273217 110.820247 0.994335 -0.106293 0.000000 1.6119787838914282e-38
56.570852 -5.066701 110.522852 0.996812 -0.079786 0.000000 1.6119787838914282e-38
56.858578 -3.151835 110.925960 0.998583 -0.053222 0.000000 1.6119787838914282e-38
57.486728 -0.982055 110.762443 0.999646 -0.026621 0.000000 1.6119787838914282e-38
57.328371 -0.007464 110.865311 1.000000 -0.000000 0.000000 1.6119787838914282e-38
0.119510 -57.126242 114.121616 -0.000000 -1.000000 0.000000 1.6119787838914282e-38
1.683903 -56.929482 113.854181 0.026621 -0.999646 0.000000 1.6119787838914282e-38
2.871636 -57.455933 113.814403 0.053222 -0.998583 0.000000 1.6119787838914282e-38
4.254861 -57.403887 113.504203 0.079786 -0.996812 0.000000 1.6119787838914282e-38
6.204740 -56.971532 113.315479 0.106293 -0.994335 0.000000 1.6119787838914282e-38
7.422602 -56.347467 114.035088 0.132726 -0.991153 0.000000 1.6119787838914282e-38
9.267003 -56.871320 113.932339 0.159063 -0.987268 0.000000 1.6119787838914282e-38
10.631753 -56.647920 113.698017 0.185289 -0.982684 0.000000 1.6119787838914282e-38
11.992595 -56.552369 113.449084 0.211383 -0.977403 0.000000 1.6119787838914282e-38
13.563395 -56.017270 113.755878 0.237327 -0.971430 0.000000 1.6119787838914282e-38
14.621148 -55.140053 114.470298 0.263103 -0.964768 0.000000 1.6119787838914282e-38
16.879967 -54.619619 114.033991 0.288692 -0.957422 0.000000 1.6119787838914282e-38
18.108583 -54.472197 113.571796 0.314077 -0.949398 0.000000 1.6119787838914282e-38
19.680304 -53.809689 113.707251 0.339239 -0.940700 0.000000 1.6119787838914282e-38
21.061666 -53.669560 113.657077 0.364161 -0.931336 0.000000 1.6119787838914282e-38
22.552158 -52.756800 113.776571 0.388824 -0.921312 0.000000 1.6119787838914282e-38
23.615268 -52.220624 113.295534 0.413212 -0.910635 0.000000 1.6119787838914282e-38
24.875367 -52.002636 113.849710 0.437307 -0.899312 0.000000 1.6119787838914282e-38
26.794622 -50.793414 113.692704 0.461093 -0.887352 0.000000 1.6119787838914282e-38
27.602635 -50.440078 114.446039 0.484551 -0.874763 0.000000 1.6119787838914282e-38
29.161896 -49.395758 113.212815 0.507666 -0.861554 0.000000 1.6119787838914282e-38
30.093405 -48.675648 113.696705 0.530421 -0.847734 0.000000 1.6119787838914282e-38
31.772232 -47.798653 114.026290 0.552800 -0.833314 0.000000 1.6119787838914282e-38
32.433702 -47.304502 113.816270 0.574787 -0.818303 0.000000 1.6119787838914282e-38
34.038981 -46.171041 113.878862 0.596367 -0.802712 0.000000 1.6119787838914282e-38
35.224210 -45.092641 114.009349 0.617525 -0.786552 0.000000 1.6119787838914282e-38
36.656576 -43.974467 113.194271 0.638244 -0.769834 0.000000 1.6119787838914282e-38
37.624637 -42.932028 113.586848 0.658511 -0.752571 0.000000 1.6119787838914282e-38
38.637033 -42.216031 113.840958 0.678312 -0.734774 0.000000 1.6119787838914282e-38
39.885647 -40.573606 113.932101 0.697632 -0.716457 0.000000 1.6119787838914282e-38
40.855813 -40.477909 113.967827 0.716457 -0.697632 0.000000 1.6119787838914282e-38
41.900177 -38.291265 113.974537 0.734774 -0.678312 0.000000 1.6119787838914282e-38
43.367719 -37.725842 114.182625 0.752571 -0.658511 0.000000 1.6119787838914282e-38
43.472081 -36.998033 114.156395 0.769834 -0.638244 0.000000 1.6119787838914282e-38
45.600496 -35.818274 113.300564 0.786552 -0.617525 0.000000 1.6119787838914282e-38
46.128214 -34.087578 113.890369 0.802712 -0.596367 0.000000 1.6119787838914282e-38
46.955045 -33.550008 113.733651 0.818303 -0.574787 0.000000 1.6119787838914282e-38
47.766846 -31.896786 113.270532 0.833314 -0.552800 0.000000 1.6119787838914282e-38
48.837816 -30.187957 113.607760 0.847734 -0.530421 0.000000 1.6119787838914282e-38
49.399891 -29.290551 113.699996 0.861554 -0.507666 0.000000 1.6119787838914282e-38
50.361867 -27.659418 114.168585 0.874763 -0.484551 0.000000 1.6119787838914282e-38
51.252741 -26.519578 114.698785 0.887352 -0.461093 0.000000 1.6119787838914282e-38
52.088089 -25.300140 113.884133 0.899312 -0.437307 0.000000 1.6119787838914282e-38
51.677312 -23.711391 114.348262 0.910635 -0.413212 0.000000 1.6119787838914282e-38
53.720349 -22.356010 113.946619 0.921312 -0.388824 0.000000 1.6119787838914282e-38
53.642970 -20.309954 113.551262 0.931336 -0.364161 0.000000 1.6119787838914282e-38
54.795556 -19.568408 113.495108 0.940700 -0.339239 0.000000 1.6119787838914282e-38
54.403576 -18.271788 113.971931 0.949398 -0.314077 0.000000 1.6119787838914282e-38
54.463061 -16.529256 114.045345 0.957422 -0.288692 0.000000 1.6119787838914282e-38
55.825301 -14.898662 114.272536 0.964768 -0.263103 0.000000 1.6119787838914282e-38
55.581170 -13.504978 113.177386 0.971430 -0.237327 0.000000 1.6119787838914282e-38
56.071570 -12.017945 113.989324 0.977403 -0.211383 0.000000 1.6119787838914282e-38
55.936673 -10.753156 113.770926 0.982684 -0.185289 0.000000 1.6119787838914282e-38
56.543321 -8.913201 113.781106 0.987268 -0.159063 0.000000 1.6119787838914282e-38
56.924822 -7.765713 114.165601 0.991153 -0.132726 0.000000 1.6119787838914282e-38
57.419448 -6.194054 114.701331 0.994335 -0.106293 0.000000 1.6119787838914282e-38
56.989934 -4.277793 113.560854 0.996812 -0.079786 0.000000 1.6119787838914282e-38
57.553427 -2.846605 113.542632 0.998583 -0.053222 0.000000 1.6119787838914282e-38
57.343353 -0.967773 113.601863 0.999646 -0.026621 0.000000 1.6119787838914282e-38
57.523437 0.100645 113.833469 1.000000 -0.000000 0.000000 1.6119787838914282e-38
-0.519339 -57.227092 116.926562 -0.000000 -1.000000 0.000000 1.6119787838914282e-38
1.861186 -57.385784 116.942418 0.026621 -0.999646 0.000000 1.6119787838914282e-38
3.170743 -57.690479 117.390509 0.053222 -0.998583 0.000000 1.6119787838914282e-38
4.473136 -57.401216 117.310766 0.079786 -0.996812 0.000000 1.6119787838914282e-38
6.183493 -57.221004 117.047223 0.106293 -0.994335 0.000000 1.6119787838914282e-38
7.816285 -57.002685 117.199776 0.132726 -0.991153 0.000000 1.6119787838914282e-38
8.761116 -56.665377 117.163158 0.159063 -0.987268 0.000000 1.6119787838914282e-38
10.836134 -57.152753 116.885099 0.185289 -0.982684 0.000000 1.6119787838914282e-38
11.785149 -55.791193 116.805875 0.211383 -0.977403 0.000000 1.6119787838914282e-38
13.992925 -56.198707 117.040270 0.237327 -0.971430 0.000000 1.6119787838914282e-38
15.124381 -54.621468 117.276455 0.263103 -0.964768 0.000000 1.6119787838914282e-38
16.926931 -54.420140 117.008207 0.288692 -0.957422 0.000000 1.6119787838914282e-38
18.021921 -54.631330 117.021422 0.314077 -0.949398 0.000000 1.6119787838914282e-38
18.666948 -54.066689 116.991114 0.339239 -0.940700 0.000000 1.6119787838914282e-38
20.883621 -53.988452 116.878126 0.364161 -0.931336 0.000000 1.6119787838914282e-38
21.887824 -52.420905 116.845872 0.388824 -0.921312 0.000000 1.6119787838914282e-38
23.130840 -52.401306 117.191696 0.413212 -0.910635 0.000000 1.6119787838914282e-38
25.187359 -51.962733 116.719602 0.437307 -0.899312 0.000000 1.6119787838914282e-38
26.415551 -51.133063 116.545207 0.461093 -0.887352 0.000000 1.6119787838914282e-38
27.829611 -50.677723 117.207790 0.484551 -0.874763 0.000000 1.6119787838914282e-38
29.499769 -49.819363 116.708084 0.507666 -0.861554 0.000000 1.6119787838914282e-38
30.359402 -48.733568 117.000131 0.530421 -0.847734 0.000000 1.6119787838914282e-38
31.911475 -47.763367 117.389237 0.552800 -0.833314 0.000000 1.6119787838914282e-38
33.054406 -47.423253 116.440322 0.574787 -0.818303 0.000000 1.6119787838914282e-38
34.767355 -45.983500 116.985013 0.596367 -0.802712 0.000000 1.6119787838914282e-38
35.627350 -45.159505 117.053034 0.617525 -0.786552 0.000000 1.6119787838914282e-38
36.571742 -43.930173 116.765617 0.638244 -0.769834 0.000000 1.6119787838914282e-38
37.577403 -43.761770 116.851760 0.658511 -0.752571 0.000000 1.6119787838914282e-38
39.366685 -42.368849 116.509513 0.678312 -0.734774 0.000000 1.6119787838914282e-38
40.182294 -41.374159 117.387557 0.697632 -0.716457 0.000000 1.6119787838914282e-38
41.501218 -40.478114 116.870909 0.716457 -0.697632 0.000000 1.6119787838914282e-38
42.005062 -39.334585 116.906297 0.734774 -0.678312 0.000000 1.6119787838914282e-38
43.499986 -37.872901 116.768232 0.752571 -0.658511 0.000000 1.6119787838914282e-38
43.584861 -36.883263 117.088618 0.769834 -0.638244 0.000000 1.6119787838914282e-38
44.805003 -35.107878 116.747986 0.786552 -0.617525 0.000000 1.6119787838914282e-38
46.194513 -34.396361 116.570182 0.802712 -0.596367 0.000000 1.6119787838914282e-38
47.164597 -33.215701 116.673168 0.818303 -0.574787 0.000000 1.6119787838914282e-38
47.182439 -31.381754 116.924922 0.833314 -0.552800 0.000000 1.6119787838914282e-38
49.056083 -30.300245 117.255007 0.847734 -0.530421 0.000000 1.6119787838914282e-38
49.349163 -29.590174 117.151885 0.861554 -0.507666 0.000000 1.6119787838914282e-38
50.316663 -27.989801 117.145891 0.874763 -0.484551 0.000000 1.6119787838914282e-38
51.093603 -26.309923 116.616359 0.887352 -0.461093 0.000000 1.6119787838914282e-38
51.981861 -25.135925 117.248538 0.899312 -0.437307 0.000000 1.6119787838914282e-38
52.629829 -23.543762 116.889739 0.910635 -0.413212 0.000000 1.6119787838914282e-38
53.165903 -22.014698 117.105097 0.921312 -0.388824 0.000000 1.6119787838914282e-38
53.589959 -20.716822 116.765366 0.931336 -0.364161 0.000000 1.6119787838914282e-38
54.521584 -20.002533 116.933398 0.940700 -0.339239 0.000000 1.6119787838914282e-38
54.445486 -18.244040 117.014636 0.949398 -0.314077 0.000000 1.6119787838914282e-38
54.690840 -15.947186 116.517445 0.957422 -0.288692 0.000000 1.6119787838914282e-38
55.165309 -15.435704 116.982626 0.964768 -0.263103 0.000000 1.6119787838914282e-38
56.137957 -13.482711 117.364780 0.971430 -0.237327 0.000000 1.6119787838914282e-38
55.928744 -11.951744 116.832016 0.977403 -0.211383 0.000000 1.6119787838914282e-38
56.548860 -10.316991 116.415396 0.982684 -0.185289 0.000000 1.6119787838914282e-38
57.341222 -9.185856 116.441089 0.987268 -0.159063 0.000000 1.6119787838914282e-38
56.759329 -7.597798 116.715154 0.991153 -0.132726 0.000000 1.6119787838914282e-38
56.535701 -6.080251 116.706552 0.994335 -0.106293 0.000000 1.6119787838914282e-38
57.487790 -4.906277 117.601536 0.996812 -0.079786 0.000000 1.6119787838914282e-38
57.548308 -2.999942 117.110014 0.998583 -0.053222 0.000000 1.6119787838914282e-38
56.908857 -1.679120 117.457983 0.999646 -0.026621 0.000000 1.6119787838914282e-38
57.379640 -0.018848 116.783127 1.000000 -0.000000 0.000000 1.6119787838914282e-38
0.439352 -57.573390 119.624449 -0.000000 -1.000000 0.000000 1.6119787838914282e-38
2.304325 -57.892130 119.970786 0.026621 -0.999646 0.000000 1.6119787838914282e-38
2.807737 -57.628985 119.682050 0.053222 -0.998583 0.000000 1.6119787838914282e-38
4.425703 -57.021480 119.429404 0.079786 -0.996812 0.000000 1.6119787838914282e-38
6.490118 -56.847732 120.152718 0.106293 -0.994335 0.000000 1.6119787838914282e-38
7.669569 -56.908296 120.427024 0.132726 -0.991153 0.000000 1.6119787838914282e-38
8.622416 -56.549743 119.776148 0.159063 -0.987268 0.000000 1.6119787838914282e-38
10.901826 -56.688417 120.212061 0.185289 -0.982684 0.000000 1.6119787838914282e-38
11.689955 -56.708467 119.966081 0.211383 -0.977403 0.000000 1.6119787838914282e-38
14.076944 -55.696334 120.158734 0.237327 -0.971430 0.000000 1.6119787838914282e-38
15.386456 -55.593245 120.183225 0.263103 -0.964768 0.000000 1.6119787838914282e-38
16.425885 -55.145972 119.943045 0.288692 -0.957422 0.000000 1.6119787838914282e-38
17.895753 -54.610178 119.923633 0.314077 -0.949398 0.000000 1.6119787838914282e-38
19.293935 -54.132446 120.046580 0.339239 -0.940700 0.000000 1.6119787838914282e-38
20.609274 -53.426593 119.851896 0.364161 -0.931336 0.000000 1.6119787838914282e-38
22.416851 -53.175028 120.315149 0.388824 -0.921312 0.000000 1.6119787838914282e-38
24.046535 -52.676316 120.157500 0.413212 -0.910635 0.000000 1.6119787838914282e-38
25.579052 -51.994901 119.739314 0.437307 -0.899312 0.000000 1.6119787838914282e-38
26.733337 -51.414898 119.766746 0.461093 -0.887352 0.000000 1.6119787838914282e-38
27.557275 -50.074632 119.792271 0.484551 -0.874763 0.000000 1.6119787838914282e-38
29.105402 -49.763857 120.344554 0.507666 -0.861554 0.000000 1.6119787838914282e-38
30.241386 -49.167010 119.565962 0.530421 -0.847734 0.000000 1.6119787838914282e-38
31.994102 -47.685791 120.374566 0.552800 -0.833314 0.000000 1.6119787838914282e-38
32.671984 -47.121773 120.728190 0.574787 -0.818303 0.000000 1.6119787838914282e-38
34.200428 -46.324942 119.993697 0.596367 -0.802712 0.000000 1.6119787838914282e-38
35.666651 -45.072744 119.815671 0.617525 -0.786552 0.000000 1.6119787838914282e-38
36.523530 -44.354392 119.780974 0.638244 -0.769834 0.000000 1.6119787838914282e-38
37.493975 -42.730434 119.877923 0.658511 -0.752571 0.000000 1.6119787838914282e-38
38.897858 -42.345240 119.975847 0.678312 -0.734774 0.000000 1.6119787838914282e-38
40.244240 -41.335820 120.341806 0.697632 -0.716457 0.000000 1.6119787838914282e-38
41.375607 -40.171082 119.800130 0.716457 -0.697632 0.000000 1.6119787838914282e-38
42.574992 -39.051543 119.627175 0.734774 -0.678312 0.000000 1.6119787838914282e-38
43.579139 -38.082303 120.260550 0.752571 -0.658511 0.000000 1.6119787838914282e-38
43.511174 -36.809639 120.347991 0.769834 -0.638244 0.000000 1.6119787838914282e-38
45.228254 -35.328225 119.729421 0.786552 -0.617525 0.000000 1.6119787838914282e-38
46.260231 -34.289997 120.073000 0.802712 -0.596367 0.000000 1.6119787838914282e-38
47.664194 -32.658899 120.237598 0.818303 -0.574787 0.000000 1.6119787838914282e-38
48.156936 -32.058751 119.858631 0.833314 -0.552800 0.000000 1.6119787838914282e-38
48.284955 -30.880078 119.734040 0.847734 -0.530421 0.000000 1.6119787838914282e-38
49.530622 -29.558286 119.988249 0.861554 -0.507666 0.000000 1.6119787838914282e-38
50.252669 -28.201944 120.457676 0.874763 -0.484551 0.000000 1.6119787838914282e-38
50.625387 -26.177621 119.323717 0.887352 -0.461093 0.000000 1.6119787838914282e-38
51.667778 -25.504458 119.803664 0.899312 -0.437307 0.000000 1.6119787838914282e-38
52.904546 -23.863791 119.668635 0.910635 -0.413212 0.000000 1.6119787838914282e-38
53.121729 -22.464114 120.045214 0.921312 -0.388824 0.000000 1.6119787838914282e-38
53.277494 -21.198798 119.763696 0.931336 -0.364161 0.000000 1.6119787838914282e-38
54.329795 -19.574284 119.685522 0.940700 -0.339239 0.000000 1.6119787838914282e-38
54.638908 -18.035567 120.172081 0.949398 -0.314077 0.000000 1.6119787838914282e-38
54.907227 -16.623058 120.126504 0.957422 -0.288692 0.000000 1.6119787838914282e-38
55.171347 -14.862531 120.004933 0.964768 -0.263103 0.000000 1.6119787838914282e-38
55.526915 -13.978812 119.970180 0.971430 -0.237327 0.000000 1.6119787838914282e-38
56.035627 -11.928119 119.913974 0.977403 -0.211383 0.000000 1.6119787838914282e-38
56.595251 -10.908688 119.993101 0.982684 -0.185289 0.000000 1.6119787838914282e-38
57.162591 -9.190590 119.834111 0.987268 -0.159063 0.000000 1.6119787838914282e-38
56.732146 -7.637349 120.422794 0.991153 -0.132726 0.000000 1.6119787838914282e-38
56.765173 -6.126851 119.485838 0.994335 -0.106293 0.000000 1.6119787838914282e-38
57.193564 -4.508870 119.525887 0.996812 -0.079786 0.000000 1.6119787838914282e-38
57.285062 -2.973119 120.039341 0.998583 -0.053222 0.000000 1.6119787838914282e-38
57.581310 -1.823059 120.087032 0.999646 -0.026621 0.000000 1.6119787838914282e-38
57.319998 0.214209 119.306805 1.000000 -0.000000 0.000000 1.6119787838914282e-38
