# .PCD v0.7 - Point Cloud Data file format
VERSION 0.7
FIELDS x y z normal_x normal_y normal_z rgb
SIZE 4 4 4 4 4 4 4
TYPE F F F F F F F
COUNT 1 1 1 1 1 1 1
WIDTH 2400
HEIGHT 1
VIEWPOINT 0 0 0 1 0 0 0
POINTS 2400
DATA ascii
-41.897861 -3.722066 -0.364085 -0.996195 -0.087156 0.000000 1.75027152803718e-38
-42.114131 -4.820710 -0.045047 -0.993689 -0.112174 0.000000 1.75027152803718e-38
-41.955954 -5.620383 0.010651 -0.990554 -0.137122 0.000000 1.75027152803718e-38
-41.956928 -6.265229 0.360166 -0.986793 -0.161983 0.000000 1.75027152803718e-38
-41.502318 -7.897173 -0.301723 -0.982409 -0.186742 0.000000 1.75027152803718e-38
-41.201428 -8.940473 -0.173151 -0.977403 -0.211383 0.000000 1.75027152803718e-38
-41.373586 -10.315163 0.317199 -0.971780 -0.235890 0.000000 1.75027152803718e-38
-40.830622 -11.006027 -0.012836 -0.965542 -0.260247 0.000000 1.75027152803718e-38
-40.948679 -12.727755 -0.423878 -0.958694 -0.284441 0.000000 1.75027152803718e-38
-40.650459 -13.377196 0.086808 -0.951239 -0.308454 0.000000 1.75027152803718e-38
-39.841844 -14.160123 0.422675 -0.943183 -0.332273 0.000000 1.75027152803718e-38
-39.952446 -15.165610 -0.015296 -0.934531 -0.355881 0.000000 1.75027152803718e-38
-38.997096 -16.086978 0.040071 -0.925288 -0.379265 0.000000 1.75027152803718e-38
-39.403517 -17.372321 0.328786 -0.915460 -0.402408 0.000000 1.75027152803718e-38
-39.087382 -17.672243 0.149899 -0.905054 -0.425297 0.000000 1.75027152803718e-38
-38.222433 -19.286121 0.568787 -0.894075 -0.447918 0.000000 1.75027152803718e-38
-37.084129 -20.021668 0.040378 -0.882531 -0.470255 0.000000 1.75027152803718e-38
-37.187067 -20.882095 -0.202171 -0.870429 -0.492295 0.000000 1.75027152803718e-38
-36.479049 -21.302898 -0.028684 -0.857776 -0.514023 0.000000 1.75027152803718e-38
-36.209118 -23.165564 0.038135 -0.844581 -0.535427 0.000000 1.75027152803718e-38
-35.539512 -23.576940 -0.485851 -0.830853 -0.556492 0.000000 1.75027152803718e-38
-34.498377 -24.849287 0.013889 -0.816599 -0.577206 0.000000 1.75027152803718e-38
-34.179210 -24.880528 0.051447 -0.801829 -0.597554 0.000000 1.75027152803718e-38
-32.844800 -26.076573 0.427622 -0.786552 -0.617525 0.000000 1.75027152803718e-38
-32.820669 -26.973304 0.365593 -0.770777 -0.637105 0.000000 1.75027152803718e-38
-31.795420 -27.732698 -0.098380 -0.754515 -0.656282 0.000000 1.75027152803718e-38
-31.403145 -28.348104 0.403773 -0.737777 -0.675045 0.000000 1.75027152803718e-38
-30.802153 -29.691799 -0.271240 -0.720572 -0.693381 0.000000 1.75027152803718e-38
-29.624804 -30.508153 0.245281 -0.702911 -0.711278 0.000000 1.75027152803718e-38
-28.940541 -31.134365 0.469158 -0.684806 -0.728726 0.000000 1.75027152803718e-38
-28.755059 -31.194924 0.095666 -0.666268 -0.745713 0.000000 1.75027152803718e-38
-28.132653 -31.917130 0.291664 -0.647309 -0.762228 0.000000 1.75027152803718e-38
-26.815915 -33.365539 -0.470720 -0.627940 -0.778262 0.000000 1.75027152803718e-38
-25.122784 -34.013656 -0.379077 -0.608175 -0.793803 0.000000 1.75027152803718e-38
-24.910668 -34.867199 -0.294465 -0.588025 -0.808843 0.000000 1.75027152803718e-38
-23.820378 -34.854024 -0.115911 -0.567503 -0.823371 0.000000 1.75027152803718e-38
-23.225954 -35.721362 -0.018599 -0.546622 -0.837379 0.000000 1.75027152803718e-38
-22.557880 -36.335526 -0.183203 -0.525396 -0.850858 0.000000 1.75027152803718e-38
-21.630867 -36.398252 0.231035 -0.503838 -0.863798 0.000000 1.75027152803718e-38
-20.763053 -37.596506 -0.047183 -0.481961 -0.876193 0.000000 1.75027152803718e-38
-18.894043 -38.049718 -0.048367 -0.459780 -0.888033 0.000000 1.75027152803718e-38
-18.558945 -38.253358 -0.137463 -0.437307 -0.899312 0.000000 1.75027152803718e-38
-17.272218 -38.539623 0.253742 -0.414559 -0.910023 0.000000 1.75027152803718e-38
-16.463971 -38.838519 0.475322 -0.391548 -0.920158 0.000000 1.75027152803718e-38
-15.252994 -38.815282 0.365202 -0.368290 -0.929711 0.000000 1.75027152803718e-38
-14.854767 -39.639568 0.213131 -0.344798 -0.938677 0.000000 1.75027152803718e-38
-13.070207 -40.539727 0.167385 -0.321089 -0.947049 0.000000 1.75027152803718e-38
-12.834351 -40.426187 -0.064424 -0.297177 -0.954822 0.000000 1.75027152803718e-38
-11.461938 -41.307767 0.237968 -0.273077 -0.961992 0.000000 1.75027152803718e-38
-10.512373 -41.117876 0.585068 -0.248804 -0.968554 0.000000 1.75027152803718e-38
-9.650663 -41.313697 0.030081 -0.224375 -0.974503 0.000000 1.75027152803718e-38
-8.432204 -40.976495 0.019142 -0.199803 -0.979836 0.000000 1.75027152803718e-38
-7.612130 -41.282097 -0.092307 -0.175105 -0.984550 0.000000 1.75027152803718e-38
-6.869124 -42.239499 -0.373976 -0.150296 -0.988641 0.000000 1.75027152803718e-38
-5.869147 -42.273464 -0.021065 -0.125392 -0.992107 0.000000 1.75027152803718e-38
-3.913216 -42.096396 0.175150 -0.100409 -0.994946 0.000000 1.75027152803718e-38
-3.470857 -42.113660 0.417370 -0.075362 -0.997156 0.000000 1.75027152803718e-38
-2.018017 -42.319515 -0.379408 -0.050268 -0.998736 0.000000 1.75027152803718e-38
-0.752201 -41.952316 0.096886 -0.025142 -0.999684 0.000000 1.75027152803718e-38
-0.178307 -42.548598 -0.126126 -0.000000 -1.000000 0.000000 1.75027152803718e-38
-42.470637 -3.511844 3.160762 -0.996195 -0.087156 0.000000 1.75027152803718e-38
-41.954748 -4.658871 2.817697 -0.993689 -0.112174 0.000000 1.75027152803718e-38
-42.272849 -5.999882 3.020982 -0.990554 -0.137122 0.000000 1.75027152803718e-38
-41.424308 -6.301761 3.327903 -0.986793 -0.161983 0.000000 1.75027152803718e-38
-41.740645 -8.349572 3.142926 -0.982409 -0.186742 0.000000 1.75027152803718e-38
-41.800417 -8.499746 2.595091 -0.977403 -0.211383 0.000000 1.75027152803718e-38
-41.208933 -10.293317 3.074069 -0.971780 -0.235890 0.000000 1.75027152803718e-38
-40.859195 -10.760256 3.058716 -0.965542 -0.260247 0.000000 1.75027152803718e-38
-40.539429 -12.294391 3.150585 -0.958694 -0.284441 0.000000 1.75027152803718e-38
-40.150137 -13.017178 2.918120 -0.951239 -0.308454 0.000000 1.75027152803718e-38
-40.191943 -13.824976 2.749370 -0.943183 -0.332273 0.000000 1.75027152803718e-38
-40.023600 -14.953127 2.945180 -0.934531 -0.355881 0.000000 1.75027152803718e-38
-39.783172 -15.722722 2.747043 -0.925288 -0.379265 0.000000 1.75027152803718e-38
-38.989158 -17.297992 2.987618 -0.915460 -0.402408 0.000000 1.75027152803718e-38
-38.752177 -17.871201 3.110170 -0.905054 -0.425297 0.000000 1.75027152803718e-38
-37.724825 -19.230150 3.716830 -0.894075 -0.447918 0.000000 1.75027152803718e-38
-38.100409 -20.472813 3.602849 -0.882531 -0.470255 0.000000 1.75027152803718e-38
-36.872169 -20.832087 3.206306 -0.870429 -0.492295 0.000000 1.75027152803718e-38
-36.304985 -21.768567 2.787152 -0.857776 -0.514023 0.000000 1.75027152803718e-38
-35.669794 -22.570470 3.505452 -0.844581 -0.535427 0.000000 1.75027152803718e-38
-34.802178 -23.565312 2.708658 -0.830853 -0.556492 0.000000 1.75027152803718e-38
-34.193555 -24.850720 3.178312 -0.816599 -0.577206 0.000000 1.75027152803718e-38
-34.174240 -25.539765 3.306213 -0.801829 -0.597554 0.000000 1.75027152803718e-38
-33.374232 -26.105842 2.832217 -0.786552 -0.617525 0.000000 1.75027152803718e-38
-32.828997 -27.323310 3.017202 -0.770777 -0.637105 0.000000 1.75027152803718e-38
-32.120886 -27.354666 2.999107 -0.754515 -0.656282 0.000000 1.75027152803718e-38
-32.011135 -28.287293 3.211701 -0.737777 -0.675045 0.000000 1.75027152803718e-38
-30.681122 -29.616700 2.792845 -0.720572 -0.693381 0.000000 1.75027152803718e-38
-29.309395 -30.231055 2.555598 -0.702911 -0.711278 0.000000 1.75027152803718e-38
-29.022581 -30.626708 3.123853 -0.684806 -0.728726 0.000000 1.75027152803718e-38
-28.603063 -32.008242 2.801727 -0.666268 -0.745713 0.000000 1.75027152803718e-38
-27.069858 -32.434731 2.573306 -0.647309 -0.762228 0.000000 1.75027152803718e-38
-26.587483 -33.052740 2.942254 -0.627940 -0.778262 0.000000 1.75027152803718e-38
-26.168331 -34.075115 3.402913 -0.608175 -0.793803 0.000000 1.75027152803718e-38
-24.931090 -34.251909 3.150351 -0.588025 -0.808843 0.000000 1.75027152803718e-38
-24.034364 -35.153830 3.015174 -0.567503 -0.823371 0.000000 1.75027152803718e-38
-22.895267 -35.184609 2.710295 -0.546622 -0.837379 0.000000 1.75027152803718e-38
-22.404591 -35.930361 3.641547 -0.525396 -0.850858 0.000000 1.75027152803718e-38
-20.890775 -36.971161 3.459437 -0.503838 -0.863798 0.000000 1.75027152803718e-38
-20.477475 -36.946172 3.313407 -0.481961 -0.876193 0.000000 1.75027152803718e-38
-19.931001 -37.598012 3.378632 -0.459780 -0.888033 0.000000 1.75027152803718e-38
-18.602243 -38.316532 2.605424 -0.437307 -0.899312 0.000000 1.75027152803718e-38
-17.423739 -38.635468 2.800268 -0.414559 -0.910023 0.000000 1.75027152803718e-38
-16.748059 -39.082731 2.909332 -0.391548 -0.920158 0.000000 1.75027152803718e-38
-15.660461 -40.060314 3.481750 -0.368290 -0.929711 0.000000 1.75027152803718e-38
-14.657546 -40.246397 2.339010 -0.344798 -0.938677 0.000000 1.75027152803718e-38
-13.345363 -40.105184 3.140129 -0.321089 -0.947049 0.000000 1.75027152803718e-38
-12.378162 -40.344902 3.135254 -0.297177 -0.954822 0.000000 1.75027152803718e-38
-11.688684 -41.033204 3.203206 -0.273077 -0.961992 0.000000 1.75027152803718e-38
-10.161133 -41.217960 3.519866 -0.248804 -0.968554 0.000000 1.75027152803718e-38
-9.429429 -41.325870 3.798456 -0.224375 -0.974503 0.000000 1.75027152803718e-38
-8.000672 -41.163283 2.837639 -0.199803 -0.979836 0.000000 1.75027152803718e-38
-6.788550 -41.891977 3.008676 -0.175105 -0.984550 0.000000 1.75027152803718e-38
-7.039000 -41.943402 2.751917 -0.150296 -0.988641 0.000000 1.75027152803718e-38
-5.209730 -42.537157 3.616233 -0.125392 -0.992107 0.000000 1.75027152803718e-38
-4.104344 -41.625452 2.770016 -0.100409 -0.994946 0.000000 1.75027152803718e-38
-2.739973 -42.944204 3.139346 -0.075362 -0.997156 0.000000 1.75027152803718e-38
-2.327097 -42.604947 2.921974 -0.050268 -0.998736 0.000000 1.75027152803718e-38
-1.343558 -42.888784 2.944195 -0.025142 -0.999684 0.000000 1.75027152803718e-38
0.034809 -42.175212 3.165528 -0.000000 -1.000000 0.000000 1.75027152803718e-38
-42.085066 -4.156037 6.023955 -0.996195 -0.087156 0.000000 1.75027152803718e-38
-42.114971 -4.675351 5.895494 -0.993689 -0.112174 0.000000 1.75027152803718e-38
-41.914536 -6.000394 5.920637 -0.990554 -0.137122 0.000000 1.75027152803718e-38
-41.888480 -6.898173 5.996972 -0.986793 -0.161983 0.000000 1.75027152803718e-38
-42.014857 -8.275611 6.035122 -0.982409 -0.186742 0.000000 1.75027152803718e-38
-41.304570 -8.930926 6.441424 -0.977403 -0.211383 0.000000 1.75027152803718e-38
-41.240206 -10.231892 5.659104 -0.971780 -0.235890 0.000000 1.75027152803718e-38
-41.407366 -11.287164 5.929271 -0.965542 -0.260247 0.000000 1.75027152803718e-38
-40.543284 -11.825182 6.817410 -0.958694 -0.284441 0.000000 1.75027152803718e-38
-40.749169 -12.660030 6.631226 -0.951239 -0.308454 0.000000 1.75027152803718e-38
-40.246576 -14.011796 6.526066 -0.943183 -0.332273 0.000000 1.75027152803718e-38
-39.826019 -15.200431 5.965645 -0.934531 -0.355881 0.000000 1.75027152803718e-38
-40.122630 -16.134438 5.940885 -0.925288 -0.379265 0.000000 1.75027152803718e-38
-39.318581 -17.014774 5.718452 -0.915460 -0.402408 0.000000 1.75027152803718e-38
-38.310857 -17.971367 6.033788 -0.905054 -0.425297 0.000000 1.75027152803718e-38
-38.104005 -19.437075 6.378948 -0.894075 -0.447918 0.000000 1.75027152803718e-38
-37.537056 -19.952953 6.304413 -0.882531 -0.470255 0.000000 1.75027152803718e-38
-37.270475 -21.426061 6.441042 -0.870429 -0.492295 0.000000 1.75027152803718e-38
-36.332180 -22.056528 6.276579 -0.857776 -0.514023 0.000000 1.75027152803718e-38
-35.599348 -22.466044 5.984479 -0.844581 -0.535427 0.000000 1.75027152803718e-38
-35.838567 -24.100134 6.060328 -0.830853 -0.556492 0.000000 1.75027152803718e-38
-34.346067 -24.805831 5.974948 -0.816599 -0.577206 0.000000 1.75027152803718e-38
-34.340668 -25.613600 6.150478 -0.801829 -0.597554 0.000000 1.75027152803718e-38
-33.888848 -25.979464 6.110400 -0.786552 -0.617525 0.000000 1.75027152803718e-38
-32.089149 -27.490904 6.630806 -0.770777 -0.637105 0.000000 1.75027152803718e-38
-31.722785 -28.079241 6.035328 -0.754515 -0.656282 0.000000 1.75027152803718e-38
-31.703557 -29.027912 6.153664 -0.737777 -0.675045 0.000000 1.75027152803718e-38
-30.688069 -30.016722 6.841898 -0.720572 -0.693381 0.000000 1.75027152803718e-38
-30.019838 -30.278708 5.965975 -0.702911 -0.711278 0.000000 1.75027152803718e-38
-29.250861 -31.148977 6.152967 -0.684806 -0.728726 0.000000 1.75027152803718e-38
-28.385468 -31.523750 6.222012 -0.666268 -0.745713 0.000000 1.75027152803718e-38
-27.362196 -32.471667 6.223222 -0.647309 -0.762228 0.000000 1.75027152803718e-38
-26.820831 -32.850777 6.250633 -0.627940 -0.778262 0.000000 1.75027152803718e-38
-25.953908 -33.870111 6.121074 -0.608175 -0.793803 0.000000 1.75027152803718e-38
-25.039021 -34.471297 5.986194 -0.588025 -0.808843 0.000000 1.75027152803718e-38
-23.944516 -34.824833 6.689003 -0.567503 -0.823371 0.000000 1.75027152803718e-38
-23.465625 -35.470018 5.581105 -0.546622 -0.837379 0.000000 1.75027152803718e-38
-22.131651 -36.681066 5.858547 -0.525396 -0.850858 0.000000 1.75027152803718e-38
-21.362376 -36.981770 5.926340 -0.503838 -0.863798 0.000000 1.75027152803718e-38
-20.675599 -37.104398 5.873979 -0.481961 -0.876193 0.000000 1.75027152803718e-38
-19.601531 -37.941252 6.399813 -0.459780 -0.888033 0.000000 1.75027152803718e-38
-18.373657 -38.858694 6.467379 -0.437307 -0.899312 0.000000 1.75027152803718e-38
-17.842232 -38.693457 5.872174 -0.414559 -0.910023 0.000000 1.75027152803718e-38
-16.567473 -38.430668 6.191996 -0.391548 -0.920158 0.000000 1.75027152803718e-38
-15.826031 -39.672668 5.713137 -0.368290 -0.929711 0.000000 1.75027152803718e-38
-14.252732 -39.891064 5.839177 -0.344798 -0.938677 0.000000 1.75027152803718e-38
-13.982376 -40.336975 6.433445 -0.321089 -0.947049 0.000000 1.75027152803718e-38
-13.004189 -40.338663 6.126356 -0.297177 -0.954822 0.000000 1.75027152803718e-38
-11.911374 -41.118404 6.678412 -0.273077 -0.961992 0.000000 1.75027152803718e-38
-11.014820 -41.477170 6.439621 -0.248804 -0.968554 0.000000 1.75027152803718e-38
-9.492773 -41.748396 6.443284 -0.224375 -0.974503 0.000000 1.75027152803718e-38
-8.207333 -41.638784 5.970127 -0.199803 -0.979836 0.000000 1.75027152803718e-38
-7.596444 -41.853588 5.760267 -0.175105 -0.984550 0.000000 1.75027152803718e-38
-6.003832 -41.603203 6.083060 -0.150296 -0.988641 0.000000 1.75027152803718e-38
-5.234504 -41.905175 6.740514 -0.125392 -0.992107 0.000000 1.75027152803718e-38
-3.810032 -42.902510 6.059180 -0.100409 -0.994946 0.000000 1.75027152803718e-38
-3.060007 -42.624252 6.688676 -0.075362 -0.997156 0.000000 1.75027152803718e-38
-1.652458 -42.788049 6.105126 -0.050268 -0.998736 0.000000 1.75027152803718e-38
-1.295840 -42.642196 6.086216 -0.025142 -0.999684 0.000000 1.75027152803718e-38
0.286277 -42.863662 5.368821 -0.000000 -1.000000 0.000000 1.75027152803718e-38
-43.036745 -4.031604 9.034062 -0.996195 -0.087156 0.000000 1.75027152803718e-38
-42.392171 -5.115799 8.867439 -0.993689 -0.112174 0.000000 1.75027152803718e-38
-42.593263 -6.192275 9.064421 -0.990554 -0.137122 0.000000 1.75027152803718e-38
-42.332968 -6.712876 8.933910 -0.986793 -0.161983 0.000000 1.75027152803718e-38
-42.073764 -8.140740 9.473435 -0.982409 -0.186742 0.000000 1.75027152803718e-38
-41.798940 -8.714620 8.885058 -0.977403 -0.211383 0.000000 1.75027152803718e-38
-41.527240 -10.249484 8.862955 -0.971780 -0.235890 0.000000 1.75027152803718e-38
-41.266213 -10.597356 8.974897 -0.965542 -0.260247 0.000000 1.75027152803718e-38
-40.991649 -12.544392 8.793001 -0.958694 -0.284441 0.000000 1.75027152803718e-38
-40.871150 -13.311524 9.109094 -0.951239 -0.308454 0.000000 1.75027152803718e-38
-40.358654 -14.688505 9.042985 -0.943183 -0.332273 0.000000 1.75027152803718e-38
-39.770718 -15.609982 9.124226 -0.934531 -0.355881 0.000000 1.75027152803718e-38
-39.438552 -16.436080 9.333227 -0.925288 -0.379265 0.000000 1.75027152803718e-38
-39.562914 -16.923513 9.340509 -0.915460 -0.402408 0.000000 1.75027152803718e-38
-38.645324 -17.830383 9.131965 -0.905054 -0.425297 0.000000 1.75027152803718e-38
-38.378385 -18.722360 9.782999 -0.894075 -0.447918 0.000000 1.75027152803718e-38
-37.907918 -20.122444 9.544282 -0.882531 -0.470255 0.000000 1.75027152803718e-38
-37.206354 -20.851442 9.464890 -0.870429 -0.492295 0.000000 1.75027152803718e-38
-36.811118 -21.832239 9.228911 -0.857776 -0.514023 0.000000 1.75027152803718e-38
-36.443837 -23.169237 9.035044 -0.844581 -0.535427 0.000000 1.75027152803718e-38
-35.213761 -23.483793 9.455743 -0.830853 -0.556492 0.000000 1.75027152803718e-38
-34.751385 -24.533183 9.314037 -0.816599 -0.577206 0.000000 1.75027152803718e-38
-34.130187 -25.383665 8.809443 -0.801829 -0.597554 0.000000 1.75027152803718e-38
-33.836933 -26.688054 9.562913 -0.786552 -0.617525 0.000000 1.75027152803718e-38
-32.429780 -27.866518 9.700214 -0.770777 -0.637105 0.000000 1.75027152803718e-38
-32.205328 -27.731208 9.382709 -0.754515 -0.656282 0.000000 1.75027152803718e-38
-31.084182 -28.773597 8.821733 -0.737777 -0.675045 0.000000 1.75027152803718e-38
-30.813035 -29.465088 9.165981 -0.720572 -0.693381 0.000000 1.75027152803718e-38
-29.829585 -30.404033 9.052116 -0.702911 -0.711278 0.000000 1.75027152803718e-38
-29.579286 -31.247198 9.292141 -0.684806 -0.728726 0.000000 1.75027152803718e-38
-29.049403 -32.089325 8.631762 -0.666268 -0.745713 0.000000 1.75027152803718e-38
-27.836807 -32.201617 8.874934 -0.647309 -0.762228 0.000000 1.75027152803718e-38
-26.613355 -32.391087 9.666831 -0.627940 -0.778262 0.000000 1.75027152803718e-38
-25.939907 -33.652110 8.819864 -0.608175 -0.793803 0.000000 1.75027152803718e-38
-25.591220 -34.543498 9.350352 -0.588025 -0.808843 0.000000 1.75027152803718e-38
-23.914227 -35.343359 9.288788 -0.567503 -0.823371 0.000000 1.75027152803718e-38
-23.302842 -35.810534 9.209027 -0.546622 -0.837379 0.000000 1.75027152803718e-38
-22.700250 -36.262975 9.289284 -0.525396 -0.850858 0.000000 1.75027152803718e-38
-21.654917 -36.699946 9.539119 -0.503838 -0.863798 0.000000 1.75027152803718e-38
-20.385168 -37.741875 9.260663 -0.481961 -0.876193 0.000000 1.75027152803718e-38
-19.914262 -37.905975 8.958508 -0.459780 -0.888033 0.000000 1.75027152803718e-38
-18.297717 -38.181759 9.576666 -0.437307 -0.899312 0.000000 1.75027152803718e-38
-17.393573 -38.955467 9.103086 -0.414559 -0.910023 0.000000 1.75027152803718e-38
-16.203600 -39.356775 8.824395 -0.391548 -0.920158 0.000000 1.75027152803718e-38
-15.430331 -39.672208 9.682552 -0.368290 -0.929711 0.000000 1.75027152803718e-38
-14.656186 -40.104334 9.688605 -0.344798 -0.938677 0.000000 1.75027152803718e-38
-14.177812 -40.631584 8.964560 -0.321089 -0.947049 0.000000 1.75027152803718e-38
-13.353319 -40.526088 9.063544 -0.297177 -0.954822 0.000000 1.75027152803718e-38
-11.393682 -40.977593 9.412912 -0.273077 -0.961992 0.000000 1.75027152803718e-38
-10.765034 -41.603891 9.257697 -0.248804 -0.968554 0.000000 1.75027152803718e-38
-9.309067 -41.643871 9.020188 -0.224375 -0.974503 0.000000 1.75027152803718e-38
-8.894866 -41.795329 9.064549 -0.199803 -0.979836 0.000000 1.75027152803718e-38
-7.501630 -42.129571 9.097440 -0.175105 -0.984550 0.000000 1.75027152803718e-38
-6.332184 -42.066355 9.820353 -0.150296 -0.988641 0.000000 1.75027152803718e-38
-5.129094 -41.902671 8.985189 -0.125392 -0.992107 0.000000 1.75027152803718e-38
-4.769540 -42.506380 9.488177 -0.100409 -0.994946 0.000000 1.75027152803718e-38
-3.008969 -42.233042 8.469806 -0.075362 -0.997156 0.000000 1.75027152803718e-38
-1.771450 -42.563292 8.767565 -0.050268 -0.998736 0.000000 1.75027152803718e-38
-0.856952 -42.653588 9.345138 -0.025142 -0.999684 0.000000 1.75027152803718e-38
0.299733 -42.588854 8.788922 -0.000000 -1.000000 0.000000 1.75027152803718e-38
-42.765690 -4.223053 12.502411 -0.996195 -0.087156 0.000000 1.75027152803718e-38
-42.195912 -5.183146 12.106253 -0.993689 -0.112174 0.000000 1.75027152803718e-38
-42.745592 -6.016792 12.431419 -0.990554 -0.137122 0.000000 1.75027152803718e-38
-42.452524 -6.751054 12.627306 -0.986793 -0.161983 0.000000 1.75027152803718e-38
-41.801041 -8.344067 12.723471 -0.982409 -0.186742 0.000000 1.75027152803718e-38
-41.477077 -8.599546 12.260348 -0.977403 -0.211383 0.000000 1.75027152803718e-38
-41.901281 -10.411629 11.977158 -0.971780 -0.235890 0.000000 1.75027152803718e-38
-41.404703 -10.906611 12.699660 -0.965542 -0.260247 0.000000 1.75027152803718e-38
-41.260179 -12.210127 12.276436 -0.958694 -0.284441 0.000000 1.75027152803718e-38
-40.985405 -13.007637 12.416547 -0.951239 -0.308454 0.000000 1.75027152803718e-38
-40.406792 -14.142349 12.492328 -0.943183 -0.332273 0.000000 1.75027152803718e-38
-39.896653 -15.513858 12.576591 -0.934531 -0.355881 0.000000 1.75027152803718e-38
-39.605281 -16.395516 12.377961 -0.925288 -0.379265 0.000000 1.75027152803718e-38
-39.157068 -16.933134 11.993846 -0.915460 -0.402408 0.000000 1.75027152803718e-38
-38.416614 -18.232346 12.155846 -0.905054 -0.425297 0.000000 1.75027152803718e-38
-38.504296 -19.509802 11.785418 -0.894075 -0.447918 0.000000 1.75027152803718e-38
-37.644967 -19.573077 11.822408 -0.882531 -0.470255 0.000000 1.75027152803718e-38
-37.614306 -20.887069 12.294001 -0.870429 -0.492295 0.000000 1.75027152803718e-38
-36.536241 -22.074914 12.133504 -0.857776 -0.514023 0.000000 1.75027152803718e-38
-36.288453 -23.676941 11.964647 -0.844581 -0.535427 0.000000 1.75027152803718e-38
-35.347450 -23.508144 12.729542 -0.830853 -0.556492 0.000000 1.75027152803718e-38
-34.888379 -25.430846 12.117190 -0.816599 -0.577206 0.000000 1.75027152803718e-38
-33.989809 -25.139770 12.716487 -0.801829 -0.597554 0.000000 1.75027152803718e-38
-33.802907 -26.875119 12.295503 -0.786552 -0.617525 0.000000 1.75027152803718e-38
-33.051089 -26.853193 12.376030 -0.770777 -0.637105 0.000000 1.75027152803718e-38
-32.353129 -28.123257 12.427650 -0.754515 -0.656282 0.000000 1.75027152803718e-38
-31.452345 -29.167316 11.990406 -0.737777 -0.675045 0.000000 1.75027152803718e-38
-30.491250 -30.228613 12.799017 -0.720572 -0.693381 0.000000 1.75027152803718e-38
-30.718225 -30.679209 12.599248 -0.702911 -0.711278 0.000000 1.75027152803718e-38
-29.368464 -31.647051 12.435621 -0.684806 -0.728726 0.000000 1.75027152803718e-38
-28.553444 -32.045426 12.120516 -0.666268 -0.745713 0.000000 1.75027152803718e-38
-27.770841 -32.863473 13.038052 -0.647309 -0.762228 0.000000 1.75027152803718e-38
-27.001827 -33.488641 12.145201 -0.627940 -0.778262 0.000000 1.75027152803718e-38
-25.549074 -34.534751 12.415522 -0.608175 -0.793803 0.000000 1.75027152803718e-38
-25.289794 -35.115046 12.061969 -0.588025 -0.808843 0.000000 1.75027152803718e-38
-24.242826 -35.570408 12.385561 -0.567503 -0.823371 0.000000 1.75027152803718e-38
-22.923684 -35.860649 11.871639 -0.546622 -0.837379 0.000000 1.75027152803718e-38
-22.786166 -36.575487 12.202022 -0.525396 -0.850858 0.000000 1.75027152803718e-38
-21.561975 -36.951099 12.826851 -0.503838 -0.863798 0.000000 1.75027152803718e-38
-20.670486 -37.922036 12.653834 -0.481961 -0.876193 0.000000 1.75027152803718e-38
-19.339186 -38.014434 12.233774 -0.459780 -0.888033 0.000000 1.75027152803718e-38
-18.567588 -38.631203 11.690980 -0.437307 -0.899312 0.000000 1.75027152803718e-38
-17.609710 -38.759532 12.740018 -0.414559 -0.910023 0.000000 1.75027152803718e-38
-17.011141 -39.394014 12.382032 -0.391548 -0.920158 0.000000 1.75027152803718e-38
-15.768843 -39.837113 12.318833 -0.368290 -0.929711 0.000000 1.75027152803718e-38
-14.723493 -40.033865 12.673779 -0.344798 -0.938677 0.000000 1.75027152803718e-38
-13.997128 -40.666808 12.180910 -0.321089 -0.947049 0.000000 1.75027152803718e-38
-12.914435 -41.433299 12.314959 -0.297177 -0.954822 0.000000 1.75027152803718e-38
-11.567384 -41.302502 12.305005 -0.273077 -0.961992 0.000000 1.75027152803718e-38
-10.544693 -41.114037 12.181763 -0.248804 -0.968554 0.000000 1.75027152803718e-38
-9.974005 -41.819644 12.872761 -0.224375 -0.974503 0.000000 1.75027152803718e-38
-8.917006 -41.826189 12.655066 -0.199803 -0.979836 0.000000 1.75027152803718e-38
-8.219192 -42.100314 12.488715 -0.175105 -0.984550 0.000000 1.75027152803718e-38
-6.525782 -42.592770 12.130494 -0.150296 -0.988641 0.000000 1.75027152803718e-38
-5.476126 -42.638119 12.160459 -0.125392 -0.992107 0.000000 1.75027152803718e-38
-4.409472 -42.312005 11.943364 -0.100409 -0.994946 0.000000 1.75027152803718e-38
-3.756699 -42.401983 12.250087 -0.075362 -0.997156 0.000000 1.75027152803718e-38
-2.272260 -42.865124 12.370475 -0.050268 -0.998736 0.000000 1.75027152803718e-38
-1.235451 -42.720641 12.019014 -0.025142 -0.999684 0.000000 1.75027152803718e-38
-0.090548 -43.550386 12.659363 -0.000000 -1.000000 0.000000 1.75027152803718e-38
-42.988971 -3.555395 15.527588 -0.996195 -0.087156 0.000000 1.75027152803718e-38
-42.663185 -4.837068 15.501084 -0.993689 -0.112174 0.000000 1.75027152803718e-38
-42.981421 -6.261343 15.354284 -0.990554 -0.137122 0.000000 1.75027152803718e-38
-42.734885 -6.553867 15.497159 -0.986793 -0.161983 0.000000 1.75027152803718e-38
-42.556923 -8.130071 15.424517 -0.982409 -0.186742 0.000000 1.75027152803718e-38
-42.146638 -9.029100 15.405212 -0.977403 -0.211383 0.000000 1.75027152803718e-38
-42.301059 -10.812150 15.272533 -0.971780 -0.235890 0.000000 1.75027152803718e-38
-41.446859 -11.325416 15.755585 -0.965542 -0.260247 0.000000 1.75027152803718e-38
-41.333909 -11.852282 15.730186 -0.958694 -0.284441 0.000000 1.75027152803718e-38
-40.683169 -13.655480 15.389758 -0.951239 -0.308454 0.000000 1.75027152803718e-38
-40.284516 -14.239303 15.550923 -0.943183 -0.332273 0.000000 1.75027152803718e-38
-40.694806 -14.762895 15.147203 -0.934531 -0.355881 0.000000 1.75027152803718e-38
-40.478395 -16.451699 14.650370 -0.925288 -0.379265 0.000000 1.75027152803718e-38
-39.782019 -16.576302 15.270603 -0.915460 -0.402408 0.000000 1.75027152803718e-38
-39.436288 -18.322796 15.115274 -0.905054 -0.425297 0.000000 1.75027152803718e-38
-38.275404 -19.572189 15.465835 -0.894075 -0.447918 0.000000 1.75027152803718e-38
-38.381323 -19.488353 15.535703 -0.882531 -0.470255 0.000000 1.75027152803718e-38
-37.559255 -21.305870 15.218535 -0.870429 -0.492295 0.000000 1.75027152803718e-38
-37.198558 -22.391009 15.888114 -0.857776 -0.514023 0.000000 1.75027152803718e-38
-36.567375 -23.715817 15.034825 -0.844581 -0.535427 0.000000 1.75027152803718e-38
-35.531566 -24.060599 15.344391 -0.830853 -0.556492 0.000000 1.75027152803718e-38
-34.844593 -25.110800 15.574341 -0.816599 -0.577206 0.000000 1.75027152803718e-38
-34.759305 -25.581906 15.267275 -0.801829 -0.597554 0.000000 1.75027152803718e-38
-33.972958 -26.369366 15.609023 -0.786552 -0.617525 0.000000 1.75027152803718e-38
-33.270243 -27.600804 15.864360 -0.770777 -0.637105 0.000000 1.75027152803718e-38
-32.342934 -28.403209 15.188690 -0.754515 -0.656282 0.000000 1.75027152803718e-38
-31.490823 -29.059914 15.335549 -0.737777 -0.675045 0.000000 1.75027152803718e-38
-31.022256 -29.783468 15.367609 -0.720572 -0.693381 0.000000 1.75027152803718e-38
-29.934463 -30.278385 15.544182 -0.702911 -0.711278 0.000000 1.75027152803718e-38
-29.102821 -31.405636 15.591715 -0.684806 -0.728726 0.000000 1.75027152803718e-38
-28.414908 -31.834615 15.659415 -0.666268 -0.745713 0.000000 1.75027152803718e-38
-27.709741 -32.265010 15.222707 -0.647309 -0.762228 0.000000 1.75027152803718e-38
-27.110879 -33.607553 15.274195 -0.627940 -0.778262 0.000000 1.75027152803718e-38
-26.809048 -33.800586 15.076803 -0.608175 -0.793803 0.000000 1.75027152803718e-38
-25.293004 -35.287820 15.570830 -0.588025 -0.808843 0.000000 1.75027152803718e-38
-24.695077 -35.828226 15.442918 -0.567503 -0.823371 0.000000 1.75027152803718e-38
-23.769724 -36.263425 15.436152 -0.546622 -0.837379 0.000000 1.75027152803718e-38
-22.404658 -36.917620 15.087258 -0.525396 -0.850858 0.000000 1.75027152803718e-38
-21.708444 -37.068062 15.823442 -0.503838 -0.863798 0.000000 1.75027152803718e-38
-21.093994 -37.859428 15.737351 -0.481961 -0.876193 0.000000 1.75027152803718e-38
-19.224640 -38.572291 15.162972 -0.459780 -0.888033 0.000000 1.75027152803718e-38
-18.733683 -38.933814 15.156846 -0.437307 -0.899312 0.000000 1.75027152803718e-38
-17.794200 -38.757288 14.991771 -0.414559 -0.910023 0.000000 1.75027152803718e-38
-16.426274 -39.831371 15.488353 -0.391548 -0.920158 0.000000 1.75027152803718e-38
-15.396082 -39.973096 15.295368 -0.368290 -0.929711 0.000000 1.75027152803718e-38
-14.645413 -40.509063 15.541021 -0.344798 -0.938677 0.000000 1.75027152803718e-38
-13.900402 -40.559609 14.966346 -0.321089 -0.947049 0.000000 1.75027152803718e-38
-13.112438 -41.575669 15.367687 -0.297177 -0.954822 0.000000 1.75027152803718e-38
-12.228529 -41.669559 15.052363 -0.273077 -0.961992 0.000000 1.75027152803718e-38
-10.279609 -42.042019 14.998652 -0.248804 -0.968554 0.000000 1.75027152803718e-38
-9.596076 -41.495182 15.349795 -0.224375 -0.974503 0.000000 1.75027152803718e-38
-8.623144 -41.843862 15.648084 -0.199803 -0.979836 0.000000 1.75027152803718e-38
-7.419411 -42.608952 15.521403 -0.175105 -0.984550 0.000000 1.75027152803718e-38
-6.886006 -42.797685 15.814054 -0.150296 -0.988641 0.000000 1.75027152803718e-38
-5.013814 -42.628732 14.805809 -0.125392 -0.992107 0.000000 1.75027152803718e-38
-4.690102 -43.086179 15.333106 -0.100409 -0.994946 0.000000 1.75027152803718e-38
-3.623246 -43.051481 15.914804 -0.075362 -0.997156 0.000000 1.75027152803718e-38
-2.046306 -42.980018 15.079349 -0.050268 -0.998736 0.000000 1.75027152803718e-38
-1.575316 -43.454989 14.880799 -0.025142 -0.999684 0.000000 1.75027152803718e-38
0.022511 -42.984988 15.095028 -0.000000 -1.000000 0.000000 1.75027152803718e-38
-43.149710 -3.338295 19.048848 -0.996195 -0.087156 0.000000 1.75027152803718e-38
-42.854297 -4.916233 18.682970 -0.993689 -0.112174 0.000000 1.75027152803718e-38
-42.543973 -6.547662 18.906159 -0.990554 -0.137122 0.000000 1.75027152803718e-38
-42.949834 -7.183937 18.355060 -0.986793 -0.161983 0.000000 1.75027152803718e-38
-42.500325 -8.430338 18.376094 -0.982409 -0.186742 0.000000 1.75027152803718e-38
-42.221728 -9.099785 18.575783 -0.977403 -0.211383 0.000000 1.75027152803718e-38
-42.232671 -10.019843 18.778463 -0.971780 -0.235890 0.000000 1.75027152803718e-38
-41.566079 -11.155807 18.743206 -0.965542 -0.260247 0.000000 1.75027152803718e-38
-41.306755 -11.530138 18.826959 -0.958694 -0.284441 0.000000 1.75027152803718e-38
-41.271479 -13.647797 18.383196 -0.951239 -0.308454 0.000000 1.75027152803718e-38
-40.995097 -14.253613 18.251462 -0.943183 -0.332273 0.000000 1.75027152803718e-38
-40.162761 -15.847548 17.971781 -0.934531 -0.355881 0.000000 1.75027152803718e-38
-40.160183 -16.697330 18.084068 -0.925288 -0.379265 0.000000 1.75027152803718e-38
-39.884639 -17.676495 18.464579 -0.915460 -0.402408 0.000000 1.75027152803718e-38
-39.428434 -18.602246 18.460079 -0.905054 -0.425297 0.000000 1.75027152803718e-38
-38.461986 -18.980079 18.505869 -0.894075 -0.447918 0.000000 1.75027152803718e-38
-38.198052 -20.444778 18.605913 -0.882531 -0.470255 0.000000 1.75027152803718e-38
-37.623914 -20.947696 17.894927 -0.870429 -0.492295 0.000000 1.75027152803718e-38
-37.262733 -22.185827 18.453653 -0.857776 -0.514023 0.000000 1.75027152803718e-38
-36.902026 -23.605437 18.703435 -0.844581 -0.535427 0.000000 1.75027152803718e-38
-36.252090 -24.655462 18.718510 -0.830853 -0.556492 0.000000 1.75027152803718e-38
-35.269281 -25.061865 18.187173 -0.816599 -0.577206 0.000000 1.75027152803718e-38
-34.800586 -25.544715 17.977129 -0.801829 -0.597554 0.000000 1.75027152803718e-38
-34.573345 -26.963629 18.453545 -0.786552 -0.617525 0.000000 1.75027152803718e-38
-33.569076 -27.431434 18.788189 -0.770777 -0.637105 0.000000 1.75027152803718e-38
-32.631466 -28.287665 18.543168 -0.754515 -0.656282 0.000000 1.75027152803718e-38
-31.986469 -29.657388 18.153141 -0.737777 -0.675045 0.000000 1.75027152803718e-38
-31.648598 -30.108892 18.531222 -0.720572 -0.693381 0.000000 1.75027152803718e-38
-30.912350 -30.818576 18.198974 -0.702911 -0.711278 0.000000 1.75027152803718e-38
-30.013311 -31.784475 18.125396 -0.684806 -0.728726 0.000000 1.75027152803718e-38
-28.706761 -32.383812 18.706103 -0.666268 -0.745713 0.000000 1.75027152803718e-38
-28.199751 -33.171214 19.023553 -0.647309 -0.762228 0.000000 1.75027152803718e-38
-27.713820 -33.359368 18.957896 -0.627940 -0.778262 0.000000 1.75027152803718e-38
-26.140143 -34.517723 18.889609 -0.608175 -0.793803 0.000000 1.75027152803718e-38
-25.592732 -35.282427 18.345058 -0.588025 -0.808843 0.000000 1.75027152803718e-38
-24.777457 -35.984616 18.794541 -0.567503 -0.823371 0.000000 1.75027152803718e-38
-23.933073 -36.316890 18.028407 -0.546622 -0.837379 0.000000 1.75027152803718e-38
-22.771450 -37.239186 18.107393 -0.525396 -0.850858 0.000000 1.75027152803718e-38
-21.878732 -37.136405 18.593663 -0.503838 -0.863798 0.000000 1.75027152803718e-38
-20.744651 -38.029882 18.360846 -0.481961 -0.876193 0.000000 1.75027152803718e-38
-19.698275 -38.673251 18.711869 -0.459780 -0.888033 0.000000 1.75027152803718e-38
-18.590459 -39.245762 18.253205 -0.437307 -0.899312 0.000000 1.75027152803718e-38
-18.138590 -39.897831 18.320718 -0.414559 -0.910023 0.000000 1.75027152803718e-38
-16.586721 -40.210865 18.859097 -0.391548 -0.920158 0.000000 1.75027152803718e-38
-16.098730 -39.677208 18.256995 -0.368290 -0.929711 0.000000 1.75027152803718e-38
-14.993337 -40.973215 18.255228 -0.344798 -0.938677 0.000000 1.75027152803718e-38
-13.520683 -40.920809 18.770184 -0.321089 -0.947049 0.000000 1.75027152803718e-38
-13.280005 -41.203770 18.170105 -0.297177 -0.954822 0.000000 1.75027152803718e-38
-12.241570 -41.639464 18.530100 -0.273077 -0.961992 0.000000 1.75027152803718e-38
-10.771930 -41.780331 18.723608 -0.248804 -0.968554 0.000000 1.75027152803718e-38
-9.287755 -42.610656 18.912143 -0.224375 -0.974503 0.000000 1.75027152803718e-38
-8.098569 -42.594663 17.960991 -0.199803 -0.979836 0.000000 1.75027152803718e-38
-8.007424 -42.827730 19.065781 -0.175105 -0.984550 0.000000 1.75027152803718e-38
-6.511563 -43.051723 18.255918 -0.150296 -0.988641 0.000000 1.75027152803718e-38
-5.833695 -42.754486 18.433918 -0.125392 -0.992107 0.000000 1.75027152803718e-38
-3.723685 -42.951492 18.710519 -0.100409 -0.994946 0.000000 1.75027152803718e-38
-3.340267 -43.563085 18.199464 -0.075362 -0.997156 0.000000 1.75027152803718e-38
-2.590346 -43.031145 18.346064 -0.050268 -0.998736 0.000000 1.75027152803718e-38
-0.804381 -43.304599 18.373693 -0.025142 -0.999684 0.000000 1.75027152803718e-38
-0.350881 -43.268590 18.395949 -0.000000 -1.000000 0.000000 1.75027152803718e-38
-43.224276 -4.019937 21.723294 -0.996195 -0.087156 0.000000 1.75027152803718e-38
-42.893254 -4.815890 21.774049 -0.993689 -0.112174 0.000000 1.75027152803718e-38
-43.077091 -5.417476 21.649930 -0.990554 -0.137122 0.000000 1.75027152803718e-38
-42.874477 -7.083249 21.306145 -0.986793 -0.161983 0.000000 1.75027152803718e-38
-43.255485 -7.773279 21.235954 -0.982409 -0.186742 0.000000 1.75027152803718e-38
-42.450723 -9.104387 21.813797 -0.977403 -0.211383 0.000000 1.75027152803718e-38
-42.583366 -10.536413 21.651973 -0.971780 -0.235890 0.000000 1.75027152803718e-38
-42.244301 -11.731992 22.120019 -0.965542 -0.260247 0.000000 1.75027152803718e-38
-42.095016 -12.717079 21.465821 -0.958694 -0.284441 0.000000 1.75027152803718e-38
-41.156267 -14.117465 21.889427 -0.951239 -0.308454 0.000000 1.75027152803718e-38
-41.453840 -14.428027 21.335659 -0.943183 -0.332273 0.000000 1.75027152803718e-38
-40.205062 -15.500767 21.326034 -0.934531 -0.355881 0.000000 1.75027152803718e-38
-40.489408 -16.532207 21.591765 -0.925288 -0.379265 0.000000 1.75027152803718e-38
-39.838353 -17.569996 21.125313 -0.915460 -0.402408 0.000000 1.75027152803718e-38
-39.617695 -18.386945 21.337497 -0.905054 -0.425297 0.000000 1.75027152803718e-38
-38.834430 -19.547056 21.473139 -0.894075 -0.447918 0.000000 1.75027152803718e-38
-38.173991 -21.053276 21.335865 -0.882531 -0.470255 0.000000 1.75027152803718e-38
-37.634116 -20.945106 22.224259 -0.870429 -0.492295 0.000000 1.75027152803718e-38
-37.436321 -22.305447 21.783690 -0.857776 -0.514023 0.000000 1.75027152803718e-38
-36.492811 -23.283395 21.816306 -0.844581 -0.535427 0.000000 1.75027152803718e-38
-36.137994 -24.140383 21.262951 -0.830853 -0.556492 0.000000 1.75027152803718e-38
-35.752348 -25.358247 21.181793 -0.816599 -0.577206 0.000000 1.75027152803718e-38
-35.504183 -26.216937 21.459297 -0.801829 -0.597554 0.000000 1.75027152803718e-38
-34.310175 -26.795067 21.594898 -0.786552 -0.617525 0.000000 1.75027152803718e-38
-33.730032 -28.091219 21.801582 -0.770777 -0.637105 0.000000 1.75027152803718e-38
-32.973503 -28.784125 21.482525 -0.754515 -0.656282 0.000000 1.75027152803718e-38
-32.431950 -29.632382 21.369724 -0.737777 -0.675045 0.000000 1.75027152803718e-38
-31.547132 -30.077012 21.660595 -0.720572 -0.693381 0.000000 1.75027152803718e-38
-30.225825 -30.691638 22.125388 -0.702911 -0.711278 0.000000 1.75027152803718e-38
-29.731611 -31.654010 21.392237 -0.684806 -0.728726 0.000000 1.75027152803718e-38
-28.842163 -32.755447 21.097325 -0.666268 -0.745713 0.000000 1.75027152803718e-38
-27.804289 -33.654452 21.670117 -0.647309 -0.762228 0.000000 1.75027152803718e-38
-27.680636 -33.641743 21.917347 -0.627940 -0.778262 0.000000 1.75027152803718e-38
-26.394801 -34.284397 21.540663 -0.608175 -0.793803 0.000000 1.75027152803718e-38
-25.003531 -35.091108 21.268296 -0.588025 -0.808843 0.000000 1.75027152803718e-38
-24.756900 -35.995034 21.463334 -0.567503 -0.823371 0.000000 1.75027152803718e-38
-24.363257 -36.444821 21.122736 -0.546622 -0.837379 0.000000 1.75027152803718e-38
-23.696982 -37.252567 21.311693 -0.525396 -0.850858 0.000000 1.75027152803718e-38
-22.256563 -38.645288 21.283209 -0.503838 -0.863798 0.000000 1.75027152803718e-38
-21.095029 -38.445758 21.654665 -0.481961 -0.876193 0.000000 1.75027152803718e-38
-19.656670 -38.617569 21.846380 -0.459780 -0.888033 0.000000 1.75027152803718e-38
-18.760569 -39.570592 21.670196 -0.437307 -0.899312 0.000000 1.75027152803718e-38
-17.801529 -39.863352 21.301274 -0.414559 -0.910023 0.000000 1.75027152803718e-38
-16.936279 -40.619564 21.212060 -0.391548 -0.920158 0.000000 1.75027152803718e-38
-16.279945 -40.457033 21.604135 -0.368290 -0.929711 0.000000 1.75027152803718e-38
-14.744559 -41.260196 21.245820 -0.344798 -0.938677 0.000000 1.75027152803718e-38
-13.861930 -41.588774 21.357410 -0.321089 -0.947049 0.000000 1.75027152803718e-38
-13.532104 -41.601316 22.000849 -0.297177 -0.954822 0.000000 1.75027152803718e-38
-12.231628 -41.695099 21.520642 -0.273077 -0.961992 0.000000 1.75027152803718e-38
-11.392696 -42.556514 21.251521 -0.248804 -0.968554 0.000000 1.75027152803718e-38
-9.891392 -42.421993 22.093138 -0.224375 -0.974503 0.000000 1.75027152803718e-38
-9.152946 -42.926132 21.269667 -0.199803 -0.979836 0.000000 1.75027152803718e-38
-8.025649 -42.957869 21.538906 -0.175105 -0.984550 0.000000 1.75027152803718e-38
-7.106216 -43.159686 21.176843 -0.150296 -0.988641 0.000000 1.75027152803718e-38
-5.471198 -42.935621 21.677382 -0.125392 -0.992107 0.000000 1.75027152803718e-38
-4.330701 -43.599053 21.558522 -0.100409 -0.994946 0.000000 1.75027152803718e-38
-3.121418 -43.397662 21.508696 -0.075362 -0.997156 0.000000 1.75027152803718e-38
-2.129540 -44.000845 21.318161 -0.050268 -0.998736 0.000000 1.75027152803718e-38
-0.885456 -43.394663 21.566541 -0.025142 -0.999684 0.000000 1.75027152803718e-38
0.443690 -43.508669 21.468523 -0.000000 -1.000000 0.000000 1.75027152803718e-38
-44.202656 -3.403597 24.846480 -0.996195 -0.087156 0.000000 1.75027152803718e-38
-43.186955 -4.286090 24.229303 -0.993689 -0.112174 0.000000 1.75027152803718e-38
-43.973822 -6.892911 24.890893 -0.990554 -0.137122 0.000000 1.75027152803718e-38
-43.226093 -7.098609 24.247545 -0.986793 -0.161983 0.000000 1.75027152803718e-38
-43.256811 -8.162017 24.850202 -0.982409 -0.186742 0.000000 1.75027152803718e-38
-42.927938 -9.102578 24.578145 -0.977403 -0.211383 0.000000 1.75027152803718e-38
-42.407931 -10.190609 24.259305 -0.971780 -0.235890 0.000000 1.75027152803718e-38
-42.071115 -11.084304 24.755027 -0.965542 -0.260247 0.000000 1.75027152803718e-38
-42.102310 -12.018999 24.125391 -0.958694 -0.284441 0.000000 1.75027152803718e-38
-41.486132 -13.716139 24.943938 -0.951239 -0.308454 0.000000 1.75027152803718e-38
-41.467896 -14.994267 24.466429 -0.943183 -0.332273 0.000000 1.75027152803718e-38
-40.816761 -15.723320 24.428939 -0.934531 -0.355881 0.000000 1.75027152803718e-38
-40.905003 -16.496552 25.140575 -0.925288 -0.379265 0.000000 1.75027152803718e-38
-40.926346 -16.867437 24.676508 -0.915460 -0.402408 0.000000 1.75027152803718e-38
-39.652075 -18.845743 24.614330 -0.905054 -0.425297 0.000000 1.75027152803718e-38
-39.285272 -20.024983 24.373680 -0.894075 -0.447918 0.000000 1.75027152803718e-38
-38.479665 -21.158887 24.747696 -0.882531 -0.470255 0.000000 1.75027152803718e-38
-38.413648 -21.951242 25.206964 -0.870429 -0.492295 0.000000 1.75027152803718e-38
-38.032085 -22.958211 24.559293 -0.857776 -0.514023 0.000000 1.75027152803718e-38
-37.395681 -23.559116 24.662004 -0.844581 -0.535427 0.000000 1.75027152803718e-38
-36.490598 -24.525152 24.404736 -0.830853 -0.556492 0.000000 1.75027152803718e-38
-35.740742 -25.432966 24.466699 -0.816599 -0.577206 0.000000 1.75027152803718e-38
-34.839815 -26.331267 24.942981 -0.801829 -0.597554 0.000000 1.75027152803718e-38
-34.243504 -26.787362 24.822732 -0.786552 -0.617525 0.000000 1.75027152803718e-38
-33.917607 -28.054488 24.542149 -0.770777 -0.637105 0.000000 1.75027152803718e-38
-33.851903 -28.663520 24.688724 -0.754515 -0.656282 0.000000 1.75027152803718e-38
-32.217604 -29.739892 24.814832 -0.737777 -0.675045 0.000000 1.75027152803718e-38
-32.121415 -30.862420 23.872521 -0.720572 -0.693381 0.000000 1.75027152803718e-38
-30.971323 -31.530957 24.344370 -0.702911 -0.711278 0.000000 1.75027152803718e-38
-30.033923 -32.194623 24.185457 -0.684806 -0.728726 0.000000 1.75027152803718e-38
-28.555138 -32.825572 24.290436 -0.666268 -0.745713 0.000000 1.75027152803718e-38
-28.685232 -33.593164 24.562811 -0.647309 -0.762228 0.000000 1.75027152803718e-38
-27.241337 -34.270597 25.171947 -0.627940 -0.778262 0.000000 1.75027152803718e-38
-26.891948 -34.802733 24.921979 -0.608175 -0.793803 0.000000 1.75027152803718e-38
-25.516992 -35.198914 24.533781 -0.588025 -0.808843 0.000000 1.75027152803718e-38
-24.974142 -36.975612 24.556582 -0.567503 -0.823371 0.000000 1.75027152803718e-38
-23.726288 -36.579138 24.589438 -0.546622 -0.837379 0.000000 1.75027152803718e-38
-22.609884 -37.556498 24.400543 -0.525396 -0.850858 0.000000 1.75027152803718e-38
-22.311420 -38.347472 24.802103 -0.503838 -0.863798 0.000000 1.75027152803718e-38
-21.121756 -38.373144 24.491073 -0.481961 -0.876193 0.000000 1.75027152803718e-38
-20.249642 -39.730693 24.728252 -0.459780 -0.888033 0.000000 1.75027152803718e-38
-19.213697 -39.903650 24.583987 -0.437307 -0.899312 0.000000 1.75027152803718e-38
-18.319668 -39.515504 24.297047 -0.414559 -0.910023 0.000000 1.75027152803718e-38
-17.130315 -40.818016 24.448023 -0.391548 -0.920158 0.000000 1.75027152803718e-38
-16.123235 -40.974584 24.613587 -0.368290 -0.929711 0.000000 1.75027152803718e-38
-15.072755 -41.453807 24.880629 -0.344798 -0.938677 0.000000 1.75027152803718e-38
-14.220915 -41.703377 24.723778 -0.321089 -0.947049 0.000000 1.75027152803718e-38
-13.008937 -41.822906 24.710474 -0.297177 -0.954822 0.000000 1.75027152803718e-38
-11.875827 -42.429286 24.294753 -0.273077 -0.961992 0.000000 1.75027152803718e-38
-11.376729 -43.121625 25.144203 -0.248804 -0.968554 0.000000 1.75027152803718e-38
-10.537250 -42.524087 24.369124 -0.224375 -0.974503 0.000000 1.75027152803718e-38
-8.436223 -43.777647 24.544856 -0.199803 -0.979836 0.000000 1.75027152803718e-38
-7.269127 -43.110345 24.514205 -0.175105 -0.984550 0.000000 1.75027152803718e-38
-7.196536 -43.901086 25.032129 -0.150296 -0.988641 0.000000 1.75027152803718e-38
-5.622241 -43.678414 24.700445 -0.125392 -0.992107 0.000000 1.75027152803718e-38
-4.809259 -43.659607 24.489500 -0.100409 -0.994946 0.000000 1.75027152803718e-38
-3.228141 -44.052457 24.143450 -0.075362 -0.997156 0.000000 1.75027152803718e-38
-2.340212 -43.756314 24.733603 -0.050268 -0.998736 0.000000 1.75027152803718e-38
-1.097070 -43.720830 24.554306 -0.025142 -0.999684 0.000000 1.75027152803718e-38
0.016883 -44.148109 24.902370 -0.000000 -1.000000 0.000000 1.75027152803718e-38
-44.129808 -4.035597 27.245599 -0.996195 -0.087156 0.000000 1.75027152803718e-38
-43.774539 -5.202213 27.713927 -0.993689 -0.112174 0.000000 1.75027152803718e-38
-43.261124 -5.845878 28.175653 -0.990554 -0.137122 0.000000 1.75027152803718e-38
-43.961421 -6.868526 27.700308 -0.986793 -0.161983 0.000000 1.75027152803718e-38
-43.495567 -7.682510 27.608714 -0.982409 -0.186742 0.000000 1.75027152803718e-38
-43.377416 -9.653429 27.958848 -0.977403 -0.211383 0.000000 1.75027152803718e-38
-43.301773 -10.163423 27.197334 -0.971780 -0.235890 0.000000 1.75027152803718e-38
-42.692117 -11.744496 27.911463 -0.965542 -0.260247 0.000000 1.75027152803718e-38
-42.556805 -12.785838 27.576340 -0.958694 -0.284441 0.000000 1.75027152803718e-38
-42.476980 -13.439767 27.377716 -0.951239 -0.308454 0.000000 1.75027152803718e-38
-41.944419 -14.644742 28.176356 -0.943183 -0.332273 0.000000 1.75027152803718e-38
-41.483051 -15.868954 27.774398 -0.934531 -0.355881 0.000000 1.75027152803718e-38
-41.692041 -17.193695 27.579698 -0.925288 -0.379265 0.000000 1.75027152803718e-38
-40.847669 -18.341609 27.949641 -0.915460 -0.402408 0.000000 1.75027152803718e-38
-40.093937 -18.835244 27.484110 -0.905054 -0.425297 0.000000 1.75027152803718e-38
-39.660735 -19.727020 27.612839 -0.894075 -0.447918 0.000000 1.75027152803718e-38
-39.038781 -21.111634 27.721553 -0.882531 -0.470255 0.000000 1.75027152803718e-38
-38.292238 -21.481475 28.090584 -0.870429 -0.492295 0.000000 1.75027152803718e-38
-37.987726 -22.806048 27.557671 -0.857776 -0.514023 0.000000 1.75027152803718e-38
-38.029980 -24.169028 27.641891 -0.844581 -0.535427 0.000000 1.75027152803718e-38
-36.910859 -24.276893 28.086747 -0.830853 -0.556492 0.000000 1.75027152803718e-38
-36.451642 -25.374447 27.549187 -0.816599 -0.577206 0.000000 1.75027152803718e-38
-35.385319 -26.281327 28.064936 -0.801829 -0.597554 0.000000 1.75027152803718e-38
-35.059804 -27.105261 27.130463 -0.786552 -0.617525 0.000000 1.75027152803718e-38
-33.822981 -28.286148 27.691189 -0.770777 -0.637105 0.000000 1.75027152803718e-38
-34.101283 -29.246455 28.098952 -0.754515 -0.656282 0.000000 1.75027152803718e-38
-32.875095 -29.748613 27.702674 -0.737777 -0.675045 0.000000 1.75027152803718e-38
-31.664613 -30.719055 27.412764 -0.720572 -0.693381 0.000000 1.75027152803718e-38
-31.182588 -31.090536 27.841601 -0.702911 -0.711278 0.000000 1.75027152803718e-38
-30.430842 -31.668614 28.040072 -0.684806 -0.728726 0.000000 1.75027152803718e-38
-29.328055 -33.004121 27.911390 -0.666268 -0.745713 0.000000 1.75027152803718e-38
-28.502727 -34.487230 27.810789 -0.647309 -0.762228 0.000000 1.75027152803718e-38
-27.920095 -34.693990 27.633677 -0.627940 -0.778262 0.000000 1.75027152803718e-38
-27.461293 -35.775272 28.066258 -0.608175 -0.793803 0.000000 1.75027152803718e-38
-25.961510 -36.625350 27.519392 -0.588025 -0.808843 0.000000 1.75027152803718e-38
-24.925110 -36.630310 28.065809 -0.567503 -0.823371 0.000000 1.75027152803718e-38
-23.947543 -37.575073 27.649310 -0.546622 -0.837379 0.000000 1.75027152803718e-38
-23.454749 -38.183087 27.256025 -0.525396 -0.850858 0.000000 1.75027152803718e-38
-22.605239 -38.532973 27.777277 -0.503838 -0.863798 0.000000 1.75027152803718e-38
-21.079140 -38.736742 27.917419 -0.481961 -0.876193 0.000000 1.75027152803718e-38
-20.487837 -39.235488 27.647795 -0.459780 -0.888033 0.000000 1.75027152803718e-38
-19.542839 -39.347890 26.993165 -0.437307 -0.899312 0.000000 1.75027152803718e-38
-18.962662 -40.277607 27.612813 -0.414559 -0.910023 0.000000 1.75027152803718e-38
-17.810406 -41.158660 27.414986 -0.391548 -0.920158 0.000000 1.75027152803718e-38
-16.079262 -40.902593 28.184176 -0.368290 -0.929711 0.000000 1.75027152803718e-38
-15.780985 -42.074402 27.261620 -0.344798 -0.938677 0.000000 1.75027152803718e-38
-13.865267 -41.910707 27.716367 -0.321089 -0.947049 0.000000 1.75027152803718e-38
-13.121667 -42.397940 27.355965 -0.297177 -0.954822 0.000000 1.75027152803718e-38
-11.966897 -42.754987 27.332211 -0.273077 -0.961992 0.000000 1.75027152803718e-38
-10.871193 -43.118126 27.760553 -0.248804 -0.968554 0.000000 1.75027152803718e-38
-9.996620 -42.987041 27.758357 -0.224375 -0.974503 0.000000 1.75027152803718e-38
-9.133588 -43.394572 27.798714 -0.199803 -0.979836 0.000000 1.75027152803718e-38
-7.618823 -43.389633 27.507513 -0.175105 -0.984550 0.000000 1.75027152803718e-38
-6.470673 -44.399435 27.656312 -0.150296 -0.988641 0.000000 1.75027152803718e-38
-5.648065 -43.601488 27.645407 -0.125392 -0.992107 0.000000 1.75027152803718e-38
-4.274366 -44.690387 27.586780 -0.100409 -0.994946 0.000000 1.75027152803718e-38
-3.598947 -43.517292 27.492269 -0.075362 -0.997156 0.000000 1.75027152803718e-38
-2.209218 -44.292082 27.215464 -0.050268 -0.998736 0.000000 1.75027152803718e-38
-1.273764 -44.250709 27.718024 -0.025142 -0.999684 0.000000 1.75027152803718e-38
-0.690123 -44.556267 27.998554 -0.000000 -1.000000 0.000000 1.75027152803718e-38
-44.457606 -3.539565 30.473537 -0.996195 -0.087156 0.000000 1.75027152803718e-38
-44.137506 -5.039249 31.246898 -0.993689 -0.112174 0.000000 1.75027152803718e-38
-44.380358 -6.757945 31.024007 -0.990554 -0.137122 0.000000 1.75027152803718e-38
-44.345910 -7.370461 30.333302 -0.986793 -0.161983 0.000000 1.75027152803718e-38
-43.529750 -8.523225 31.241742 -0.982409 -0.186742 0.000000 1.75027152803718e-38
-43.921509 -9.749231 31.165090 -0.977403 -0.211383 0.000000 1.75027152803718e-38
-43.562177 -10.588003 30.384743 -0.971780 -0.235890 0.000000 1.75027152803718e-38
-43.397976 -11.531666 30.379477 -0.965542 -0.260247 0.000000 1.75027152803718e-38
-43.115579 -12.870380 30.789163 -0.958694 -0.284441 0.000000 1.75027152803718e-38
-42.175992 -13.910146 30.562081 -0.951239 -0.308454 0.000000 1.75027152803718e-38
-41.435011 -15.017292 30.712033 -0.943183 -0.332273 0.000000 1.75027152803718e-38
-41.978621 -16.028132 30.792557 -0.934531 -0.355881 0.000000 1.75027152803718e-38
-41.180902 -16.871588 31.092359 -0.925288 -0.379265 0.000000 1.75027152803718e-38
-40.703596 -17.967160 30.882124 -0.915460 -0.402408 0.000000 1.75027152803718e-38
-40.217916 -19.388631 31.518694 -0.905054 -0.425297 0.000000 1.75027152803718e-38
-40.212408 -20.174052 30.405660 -0.894075 -0.447918 0.000000 1.75027152803718e-38
-39.896047 -20.777360 31.450289 -0.882531 -0.470255 0.000000 1.75027152803718e-38
-39.169345 -21.952862 30.835281 -0.870429 -0.492295 0.000000 1.75027152803718e-38
-38.132215 -22.364984 31.225523 -0.857776 -0.514023 0.000000 1.75027152803718e-38
-37.912704 -23.830950 30.957648 -0.844581 -0.535427 0.000000 1.75027152803718e-38
-37.232027 -25.262176 30.529598 -0.830853 -0.556492 0.000000 1.75027152803718e-38
-36.242913 -25.486054 30.706961 -0.816599 -0.577206 0.000000 1.75027152803718e-38
-35.847270 -26.413969 30.257950 -0.801829 -0.597554 0.000000 1.75027152803718e-38
-35.375008 -27.062562 30.859023 -0.786552 -0.617525 0.000000 1.75027152803718e-38
-34.873102 -28.510022 31.075661 -0.770777 -0.637105 0.000000 1.75027152803718e-38
-34.569699 -29.351557 30.657506 -0.754515 -0.656282 0.000000 1.75027152803718e-38
-33.548368 -30.220511 30.728287 -0.737777 -0.675045 0.000000 1.75027152803718e-38
-32.292127 -31.171092 30.462830 -0.720572 -0.693381 0.000000 1.75027152803718e-38
-31.930061 -32.075705 31.027006 -0.702911 -0.711278 0.000000 1.75027152803718e-38
-30.612508 -32.670986 30.457300 -0.684806 -0.728726 0.000000 1.75027152803718e-38
-29.964015 -33.190181 30.920666 -0.666268 -0.745713 0.000000 1.75027152803718e-38
-29.145539 -34.934720 30.566776 -0.647309 -0.762228 0.000000 1.75027152803718e-38
-28.279390 -35.141812 30.645278 -0.627940 -0.778262 0.000000 1.75027152803718e-38
-27.004032 -35.577204 31.066140 -0.608175 -0.793803 0.000000 1.75027152803718e-38
-26.798697 -36.331384 30.187524 -0.588025 -0.808843 0.000000 1.75027152803718e-38
-25.554691 -37.204500 31.153607 -0.567503 -0.823371 0.000000 1.75027152803718e-38
-24.368260 -37.213969 30.640426 -0.546622 -0.837379 0.000000 1.75027152803718e-38
-23.846062 -38.437782 30.848863 -0.525396 -0.850858 0.000000 1.75027152803718e-38
-22.031189 -38.578392 30.656800 -0.503838 -0.863798 0.000000 1.75027152803718e-38
-21.650687 -39.266823 31.377224 -0.481961 -0.876193 0.000000 1.75027152803718e-38
-20.230140 -39.709951 30.802150 -0.459780 -0.888033 0.000000 1.75027152803718e-38
-19.503559 -40.145008 30.645271 -0.437307 -0.899312 0.000000 1.75027152803718e-38
-18.827344 -40.463503 30.775826 -0.414559 -0.910023 0.000000 1.75027152803718e-38
-17.258515 -40.733422 30.925415 -0.391548 -0.920158 0.000000 1.75027152803718e-38
-16.393490 -40.695232 30.831337 -0.368290 -0.929711 0.000000 1.75027152803718e-38
-15.775708 -42.141373 31.234736 -0.344798 -0.938677 0.000000 1.75027152803718e-38
-14.774517 -42.657855 31.101159 -0.321089 -0.947049 0.000000 1.75027152803718e-38
-13.396380 -42.813476 31.091243 -0.297177 -0.954822 0.000000 1.75027152803718e-38
-12.450150 -43.542222 30.352565 -0.273077 -0.961992 0.000000 1.75027152803718e-38
-10.973044 -43.317891 30.561461 -0.248804 -0.968554 0.000000 1.75027152803718e-38
-10.400642 -43.743356 31.104186 -0.224375 -0.974503 0.000000 1.75027152803718e-38
-9.202820 -44.099940 30.412074 -0.199803 -0.979836 0.000000 1.75027152803718e-38
-7.955710 -44.010906 31.403782 -0.175105 -0.984550 0.000000 1.75027152803718e-38
-6.668603 -44.311739 31.028112 -0.150296 -0.988641 0.000000 1.75027152803718e-38
-5.409267 -44.624236 31.459849 -0.125392 -0.992107 0.000000 1.75027152803718e-38
-4.506088 -44.507224 30.934635 -0.100409 -0.994946 0.000000 1.75027152803718e-38
-3.272809 -44.219534 30.592258 -0.075362 -0.997156 0.000000 1.75027152803718e-38
-2.017219 -44.698553 31.064048 -0.050268 -0.998736 0.000000 1.75027152803718e-38
-1.190969 -44.895529 30.988853 -0.025142 -0.999684 0.000000 1.75027152803718e-38
0.107398 -45.050656 31.172914 -0.000000 -1.000000 0.000000 1.75027152803718e-38
-44.864692 -3.966639 33.705685 -0.996195 -0.087156 0.000000 1.75027152803718e-38
-44.861784 -4.878495 33.367931 -0.993689 -0.112174 0.000000 1.75027152803718e-38
-44.716467 -6.009928 33.140419 -0.990554 -0.137122 0.000000 1.75027152803718e-38
-44.600121 -7.122441 34.020417 -0.986793 -0.161983 0.000000 1.75027152803718e-38
-44.219815 -8.549589 33.534182 -0.982409 -0.186742 0.000000 1.75027152803718e-38
-44.773936 -9.238804 34.057073 -0.977403 -0.211383 0.000000 1.75027152803718e-38
-43.628964 -10.893118 34.087305 -0.971780 -0.235890 0.000000 1.75027152803718e-38
-44.148008 -12.038779 33.883947 -0.965542 -0.260247 0.000000 1.75027152803718e-38
-43.188308 -12.369135 33.774135 -0.958694 -0.284441 0.000000 1.75027152803718e-38
-43.309633 -14.234754 33.639800 -0.951239 -0.308454 0.000000 1.75027152803718e-38
-42.019020 -14.810492 34.179913 -0.943183 -0.332273 0.000000 1.75027152803718e-38
-42.365457 -16.106487 34.055933 -0.934531 -0.355881 0.000000 1.75027152803718e-38
-42.027196 -17.251640 33.643743 -0.925288 -0.379265 0.000000 1.75027152803718e-38
-41.564925 -18.196958 33.599641 -0.915460 -0.402408 0.000000 1.75027152803718e-38
-40.873911 -19.162167 33.792379 -0.905054 -0.425297 0.000000 1.75027152803718e-38
-40.711075 -20.239774 33.694682 -0.894075 -0.447918 0.000000 1.75027152803718e-38
-39.926409 -20.952730 33.470272 -0.882531 -0.470255 0.000000 1.75027152803718e-38
-38.740641 -22.301376 33.969706 -0.870429 -0.492295 0.000000 1.75027152803718e-38
-39.045908 -22.920321 33.808466 -0.857776 -0.514023 0.000000 1.75027152803718e-38
-38.341170 -24.404297 33.765606 -0.844581 -0.535427 0.000000 1.75027152803718e-38
-37.476118 -25.133137 33.834196 -0.830853 -0.556492 0.000000 1.75027152803718e-38
-37.169964 -26.353149 33.707892 -0.816599 -0.577206 0.000000 1.75027152803718e-38
-36.150005 -26.844620 34.085267 -0.801829 -0.597554 0.000000 1.75027152803718e-38
-35.597136 -27.832033 33.795619 -0.786552 -0.617525 0.000000 1.75027152803718e-38
-35.405489 -28.898015 33.733556 -0.770777 -0.637105 0.000000 1.75027152803718e-38
-34.458564 -29.871361 33.886681 -0.754515 -0.656282 0.000000 1.75027152803718e-38
-33.729286 -30.763507 34.310524 -0.737777 -0.675045 0.000000 1.75027152803718e-38
-33.091477 -31.435041 33.496261 -0.720572 -0.693381 0.000000 1.75027152803718e-38
-32.036892 -32.249382 33.549881 -0.702911 -0.711278 0.000000 1.75027152803718e-38
-30.819845 -32.574340 34.098657 -0.684806 -0.728726 0.000000 1.75027152803718e-38
-29.845671 -34.162380 33.773233 -0.666268 -0.745713 0.000000 1.75027152803718e-38
-29.154796 -34.234540 34.372160 -0.647309 -0.762228 0.000000 1.75027152803718e-38
-28.097757 -34.952579 34.636233 -0.627940 -0.778262 0.000000 1.75027152803718e-38
-27.495056 -36.011605 33.899361 -0.608175 -0.793803 0.000000 1.75027152803718e-38
-26.886543 -36.585246 33.328098 -0.588025 -0.808843 0.000000 1.75027152803718e-38
-25.842137 -37.297642 34.131044 -0.567503 -0.823371 0.000000 1.75027152803718e-38
-24.404971 -38.186075 34.468964 -0.546622 -0.837379 0.000000 1.75027152803718e-38
-23.733162 -38.434966 33.360846 -0.525396 -0.850858 0.000000 1.75027152803718e-38
-22.988036 -38.777676 33.897087 -0.503838 -0.863798 0.000000 1.75027152803718e-38
-21.779602 -39.585401 33.413193 -0.481961 -0.876193 0.000000 1.75027152803718e-38
-20.837068 -39.766913 34.172166 -0.459780 -0.888033 0.000000 1.75027152803718e-38
-19.828628 -40.230762 33.468424 -0.437307 -0.899312 0.000000 1.75027152803718e-38
-19.053049 -40.625496 34.019546 -0.414559 -0.910023 0.000000 1.75027152803718e-38
-17.806815 -41.659861 33.604165 -0.391548 -0.920158 0.000000 1.75027152803718e-38
-16.584578 -42.016404 33.852119 -0.368290 -0.929711 0.000000 1.75027152803718e-38
-15.952352 -42.401947 33.687300 -0.344798 -0.938677 0.000000 1.75027152803718e-38
-14.827222 -42.480248 34.497070 -0.321089 -0.947049 0.000000 1.75027152803718e-38
-12.866460 -43.017034 33.766478 -0.297177 -0.954822 0.000000 1.75027152803718e-38
-12.379666 -43.414870 33.720080 -0.273077 -0.961992 0.000000 1.75027152803718e-38
-10.864417 -44.444225 33.757436 -0.248804 -0.968554 0.000000 1.75027152803718e-38
-9.914121 -44.356298 33.774109 -0.224375 -0.974503 0.000000 1.75027152803718e-38
-8.864311 -43.888630 33.457972 -0.199803 -0.979836 0.000000 1.75027152803718e-38
-8.335072 -44.841246 33.384893 -0.175105 -0.984550 0.000000 1.75027152803718e-38
-7.241798 -45.034391 34.216202 -0.150296 -0.988641 0.000000 1.75027152803718e-38
-5.768443 -44.890049 33.559515 -0.125392 -0.992107 0.000000 1.75027152803718e-38
-4.354106 -44.465215 33.579865 -0.100409 -0.994946 0.000000 1.75027152803718e-38
-2.893217 -45.018633 33.851213 -0.075362 -0.997156 0.000000 1.75027152803718e-38
-2.154923 -45.082287 34.403285 -0.050268 -0.998736 0.000000 1.75027152803718e-38
-0.981773 -45.080022 33.719704 -0.025142 -0.999684 0.000000 1.75027152803718e-38
0.251723 -45.543714 33.878855 -0.000000 -1.000000 0.000000 1.75027152803718e-38
-44.700477 -4.737718 36.993021 -0.996195 -0.087156 0.000000 1.75027152803718e-38
-45.369344 -5.199231 36.861721 -0.993689 -0.112174 0.000000 1.75027152803718e-38
-45.280042 -6.347505 36.989671 -0.990554 -0.137122 0.000000 1.75027152803718e-38
-45.281739 -6.802320 36.847473 -0.986793 -0.161983 0.000000 1.75027152803718e-38
-44.764027 -8.742199 37.203020 -0.982409 -0.186742 0.000000 1.75027152803718e-38
-44.485916 -9.542760 36.614876 -0.977403 -0.211383 0.000000 1.75027152803718e-38
-44.674460 -10.283624 36.694035 -0.971780 -0.235890 0.000000 1.75027152803718e-38
-43.971149 -12.186994 37.225592 -0.965542 -0.260247 0.000000 1.75027152803718e-38
-44.056100 -13.299139 36.709374 -0.958694 -0.284441 0.000000 1.75027152803718e-38
-43.675359 -13.987146 36.943892 -0.951239 -0.308454 0.000000 1.75027152803718e-38
-43.469295 -15.206378 36.580027 -0.943183 -0.332273 0.000000 1.75027152803718e-38
-42.551937 -16.029760 36.915893 -0.934531 -0.355881 0.000000 1.75027152803718e-38
-42.240740 -16.821740 36.875796 -0.925288 -0.379265 0.000000 1.75027152803718e-38
-42.155989 -18.232197 36.583281 -0.915460 -0.402408 0.000000 1.75027152803718e-38
-41.459885 -19.632595 36.712531 -0.905054 -0.425297 0.000000 1.75027152803718e-38
-40.969571 -20.217575 37.254778 -0.894075 -0.447918 0.000000 1.75027152803718e-38
-40.088660 -21.408327 36.845762 -0.882531 -0.470255 0.000000 1.75027152803718e-38
-40.520325 -22.407028 36.239277 -0.870429 -0.492295 0.000000 1.75027152803718e-38
-39.811274 -23.559683 37.002450 -0.857776 -0.514023 0.000000 1.75027152803718e-38
-38.766071 -24.029517 37.061707 -0.844581 -0.535427 0.000000 1.75027152803718e-38
-38.077626 -25.037793 37.392611 -0.830853 -0.556492 0.000000 1.75027152803718e-38
-37.197068 -26.633680 36.757996 -0.816599 -0.577206 0.000000 1.75027152803718e-38
-37.109276 -27.344554 36.608064 -0.801829 -0.597554 0.000000 1.75027152803718e-38
-36.075209 -28.167096 36.327964 -0.786552 -0.617525 0.000000 1.75027152803718e-38
-35.634096 -29.292920 36.907319 -0.770777 -0.637105 0.000000 1.75027152803718e-38
-34.659339 -30.099187 36.711221 -0.754515 -0.656282 0.000000 1.75027152803718e-38
-34.180371 -31.036645 36.859126 -0.737777 -0.675045 0.000000 1.75027152803718e-38
-33.051713 -31.681349 37.048745 -0.720572 -0.693381 0.000000 1.75027152803718e-38
-31.946286 -32.723570 36.450338 -0.702911 -0.711278 0.000000 1.75027152803718e-38
-30.941207 -33.215920 36.636678 -0.684806 -0.728726 0.000000 1.75027152803718e-38
-30.391454 -33.788132 37.441830 -0.666268 -0.745713 0.000000 1.75027152803718e-38
-29.532395 -34.546041 36.560196 -0.647309 -0.762228 0.000000 1.75027152803718e-38
-28.732443 -35.697817 37.025848 -0.627940 -0.778262 0.000000 1.75027152803718e-38
-27.334250 -36.233212 36.641770 -0.608175 -0.793803 0.000000 1.75027152803718e-38
-27.274989 -36.502356 37.077215 -0.588025 -0.808843 0.000000 1.75027152803718e-38
-25.822878 -37.763731 37.003435 -0.567503 -0.823371 0.000000 1.75027152803718e-38
-25.298325 -38.185163 36.570616 -0.546622 -0.837379 0.000000 1.75027152803718e-38
-24.139151 -39.110688 35.945867 -0.525396 -0.850858 0.000000 1.75027152803718e-38
-23.149330 -39.779372 36.859960 -0.503838 -0.863798 0.000000 1.75027152803718e-38
-22.044147 -39.546247 37.014490 -0.481961 -0.876193 0.000000 1.75027152803718e-38
-20.929858 -40.469519 37.184619 -0.459780 -0.888033 0.000000 1.75027152803718e-38
-19.865941 -41.049586 37.136451 -0.437307 -0.899312 0.000000 1.75027152803718e-38
-19.689702 -40.997276 37.399996 -0.414559 -0.910023 0.000000 1.75027152803718e-38
-17.844069 -42.511470 37.286182 -0.391548 -0.920158 0.000000 1.75027152803718e-38
-17.053549 -42.364383 36.538205 -0.368290 -0.929711 0.000000 1.75027152803718e-38
-15.102991 -43.367284 36.943773 -0.344798 -0.938677 0.000000 1.75027152803718e-38
-15.323125 -43.329925 36.795491 -0.321089 -0.947049 0.000000 1.75027152803718e-38
-13.251584 -43.800725 37.264664 -0.297177 -0.954822 0.000000 1.75027152803718e-38
-12.797652 -44.085642 36.844503 -0.273077 -0.961992 0.000000 1.75027152803718e-38
-11.231520 -44.190665 37.139744 -0.248804 -0.968554 0.000000 1.75027152803718e-38
-10.182733 -44.374899 36.653718 -0.224375 -0.974503 0.000000 1.75027152803718e-38
-9.022240 -44.334768 36.419079 -0.199803 -0.979836 0.000000 1.75027152803718e-38
-7.862497 -44.829797 37.361433 -0.175105 -0.984550 0.000000 1.75027152803718e-38
-6.656642 -45.189868 37.052099 -0.150296 -0.988641 0.000000 1.75027152803718e-38
-5.955877 -45.494896 36.522366 -0.125392 -0.992107 0.000000 1.75027152803718e-38
-4.146541 -45.373312 36.648243 -0.100409 -0.994946 0.000000 1.75027152803718e-38
-3.365623 -45.261637 37.220915 -0.075362 -0.997156 0.000000 1.75027152803718e-38
-2.577523 -46.621841 37.041693 -0.050268 -0.998736 0.000000 1.75027152803718e-38
-1.416040 -45.538358 37.208158 -0.025142 -0.999684 0.000000 1.75027152803718e-38
0.334090 -45.216092 37.293984 -0.000000 -1.000000 0.000000 1.75027152803718e-38
-45.549140 -3.617235 40.439865 -0.996195 -0.087156 0.000000 1.75027152803718e-38
-45.970355 -5.574866 40.744681 -0.993689 -0.112174 0.000000 1.75027152803718e-38
-45.794243 -5.973291 39.834918 -0.990554 -0.137122 0.000000 1.75027152803718e-38
-45.350022 -8.225217 39.876867 -0.986793 -0.161983 0.000000 1.75027152803718e-38
-45.465939 -8.498035 40.321607 -0.982409 -0.186742 0.000000 1.75027152803718e-38
-45.533150 -9.578456 40.368000 -0.977403 -0.211383 0.000000 1.75027152803718e-38
-44.241045 -10.697906 39.862148 -0.971780 -0.235890 0.000000 1.75027152803718e-38
-45.037845 -11.487684 40.221203 -0.965542 -0.260247 0.000000 1.75027152803718e-38
-44.346172 -13.641331 39.720645 -0.958694 -0.284441 0.000000 1.75027152803718e-38
-43.805416 -14.159860 39.416101 -0.951239 -0.308454 0.000000 1.75027152803718e-38
-43.432446 -15.838145 40.406203 -0.943183 -0.332273 0.000000 1.75027152803718e-38
-43.159502 -16.598530 40.297046 -0.934531 -0.355881 0.000000 1.75027152803718e-38
-42.688533 -17.143508 40.024143 -0.925288 -0.379265 0.000000 1.75027152803718e-38
-42.298395 -18.696955 40.078890 -0.915460 -0.402408 0.000000 1.75027152803718e-38
-41.349346 -19.820836 40.194387 -0.905054 -0.425297 0.000000 1.75027152803718e-38
-41.615090 -21.336217 40.062238 -0.894075 -0.447918 0.000000 1.75027152803718e-38
-40.705919 -21.782307 39.551205 -0.882531 -0.470255 0.000000 1.75027152803718e-38
-40.166029 -22.688741 39.733366 -0.870429 -0.492295 0.000000 1.75027152803718e-38
-40.078194 -23.849301 40.195879 -0.857776 -0.514023 0.000000 1.75027152803718e-38
-38.936895 -25.027755 40.041078 -0.844581 -0.535427 0.000000 1.75027152803718e-38
-38.160804 -26.089567 40.018947 -0.830853 -0.556492 0.000000 1.75027152803718e-38
-37.365805 -27.078238 40.346658 -0.816599 -0.577206 0.000000 1.75027152803718e-38
-36.598820 -27.703534 39.897097 -0.801829 -0.597554 0.000000 1.75027152803718e-38
-36.068081 -28.616353 39.294062 -0.786552 -0.617525 0.000000 1.75027152803718e-38
-35.678082 -29.324977 40.222025 -0.770777 -0.637105 0.000000 1.75027152803718e-38
-35.160529 -30.433995 40.293072 -0.754515 -0.656282 0.000000 1.75027152803718e-38
-34.140175 -31.679442 40.371291 -0.737777 -0.675045 0.000000 1.75027152803718e-38
-33.390671 -31.741483 39.581363 -0.720572 -0.693381 0.000000 1.75027152803718e-38
-32.545926 -32.743681 39.973857 -0.702911 -0.711278 0.000000 1.75027152803718e-38
-32.027172 -34.419599 40.456980 -0.684806 -0.728726 0.000000 1.75027152803718e-38
-30.740474 -34.139166 40.278601 -0.666268 -0.745713 0.000000 1.75027152803718e-38
-29.758966 -35.349450 40.146930 -0.647309 -0.762228 0.000000 1.75027152803718e-38
-28.612466 -35.969701 40.570510 -0.627940 -0.778262 0.000000 1.75027152803718e-38
-28.577899 -37.195477 40.296423 -0.608175 -0.793803 0.000000 1.75027152803718e-38
-27.441758 -36.795991 40.401202 -0.588025 -0.808843 0.000000 1.75027152803718e-38
-25.770733 -37.815600 39.723525 -0.567503 -0.823371 0.000000 1.75027152803718e-38
-25.779082 -38.280205 39.550130 -0.546622 -0.837379 0.000000 1.75027152803718e-38
-23.824106 -39.151286 39.977124 -0.525396 -0.850858 0.000000 1.75027152803718e-38
-23.169887 -39.811082 39.939277 -0.503838 -0.863798 0.000000 1.75027152803718e-38
-21.862992 -40.106490 40.046698 -0.481961 -0.876193 0.000000 1.75027152803718e-38
-21.444801 -40.679745 39.393232 -0.459780 -0.888033 0.000000 1.75027152803718e-38
-20.092296 -41.371313 39.751494 -0.437307 -0.899312 0.000000 1.75027152803718e-38
-18.881202 -42.096461 39.836290 -0.414559 -0.910023 0.000000 1.75027152803718e-38
-17.820123 -42.883001 40.260758 -0.391548 -0.920158 0.000000 1.75027152803718e-38
-17.628097 -42.913429 40.013153 -0.368290 -0.929711 0.000000 1.75027152803718e-38
-16.108836 -43.296912 39.976129 -0.344798 -0.938677 0.000000 1.75027152803718e-38
-14.533971 -43.632967 40.135808 -0.321089 -0.947049 0.000000 1.75027152803718e-38
-13.656885 -44.302184 39.909459 -0.297177 -0.954822 0.000000 1.75027152803718e-38
-12.555353 -44.544144 40.333436 -0.273077 -0.961992 0.000000 1.75027152803718e-38
-11.479173 -44.682820 39.579195 -0.248804 -0.968554 0.000000 1.75027152803718e-38
-10.094353 -45.245115 39.687204 -0.224375 -0.974503 0.000000 1.75027152803718e-38
-8.747021 -45.108135 40.293129 -0.199803 -0.979836 0.000000 1.75027152803718e-38
-7.962239 -45.563375 39.916119 -0.175105 -0.984550 0.000000 1.75027152803718e-38
-6.717447 -45.384894 39.979545 -0.150296 -0.988641 0.000000 1.75027152803718e-38
-5.177614 -45.944157 39.581797 -0.125392 -0.992107 0.000000 1.75027152803718e-38
-5.160364 -46.522597 39.875856 -0.100409 -0.994946 0.000000 1.75027152803718e-38
-3.555107 -45.913696 39.991418 -0.075362 -0.997156 0.000000 1.75027152803718e-38
-2.071882 -46.178061 40.004056 -0.050268 -0.998736 0.000000 1.75027152803718e-38
-1.336068 -45.808603 39.540555 -0.025142 -0.999684 0.000000 1.75027152803718e-38
0.090393 -46.304495 40.234526 -0.000000 -1.000000 0.000000 1.75027152803718e-38
-46.613024 -4.074971 42.996931 -0.996195 -0.087156 0.000000 1.75027152803718e-38
-46.071548 -5.247338 43.667818 -0.993689 -0.112174 0.000000 1.75027152803718e-38
-46.261209 -6.408709 43.033325 -0.990554 -0.137122 0.000000 1.75027152803718e-38
-45.997668 -7.754876 43.120646 -0.986793 -0.161983 0.000000 1.75027152803718e-38
-45.959373 -8.639114 43.181932 -0.982409 -0.186742 0.000000 1.75027152803718e-38
-45.607029 -9.861024 43.547606 -0.977403 -0.211383 0.000000 1.75027152803718e-38
-45.337761 -10.254254 43.091878 -0.971780 -0.235890 0.000000 1.75027152803718e-38
-44.885019 -12.393441 43.497160 -0.965542 -0.260247 0.000000 1.75027152803718e-38
-45.063580 -13.170743 42.997595 -0.958694 -0.284441 0.000000 1.75027152803718e-38
-44.367938 -14.501412 42.840147 -0.951239 -0.308454 0.000000 1.75027152803718e-38
-44.208127 -15.082842 43.217106 -0.943183 -0.332273 0.000000 1.75027152803718e-38
-44.108517 -16.321216 42.809469 -0.934531 -0.355881 0.000000 1.75027152803718e-38
-43.066424 -17.577869 43.261816 -0.925288 -0.379265 0.000000 1.75027152803718e-38
-42.273678 -19.075182 43.260162 -0.915460 -0.402408 0.000000 1.75027152803718e-38
-41.964882 -20.090460 42.853197 -0.905054 -0.425297 0.000000 1.75027152803718e-38
-41.915270 -20.858327 42.653780 -0.894075 -0.447918 0.000000 1.75027152803718e-38
-41.123603 -22.423303 43.464922 -0.882531 -0.470255 0.000000 1.75027152803718e-38
-40.568699 -22.457976 43.277558 -0.870429 -0.492295 0.000000 1.75027152803718e-38
-40.222318 -24.288090 43.148590 -0.857776 -0.514023 0.000000 1.75027152803718e-38
-39.522654 -24.694011 42.798337 -0.844581 -0.535427 0.000000 1.75027152803718e-38
-38.265016 -25.652949 43.015866 -0.830853 -0.556492 0.000000 1.75027152803718e-38
-37.665073 -27.239390 43.138600 -0.816599 -0.577206 0.000000 1.75027152803718e-38
-37.896340 -27.402477 42.582707 -0.801829 -0.597554 0.000000 1.75027152803718e-38
-37.230794 -29.081183 43.473620 -0.786552 -0.617525 0.000000 1.75027152803718e-38
-35.774206 -29.770211 43.382601 -0.770777 -0.637105 0.000000 1.75027152803718e-38
-35.334484 -30.577309 43.572441 -0.754515 -0.656282 0.000000 1.75027152803718e-38
-34.590728 -31.811750 43.218035 -0.737777 -0.675045 0.000000 1.75027152803718e-38
-33.489721 -32.406538 43.377937 -0.720572 -0.693381 0.000000 1.75027152803718e-38
-32.945929 -33.238734 43.189296 -0.702911 -0.711278 0.000000 1.75027152803718e-38
-31.952300 -33.609303 43.187790 -0.684806 -0.728726 0.000000 1.75027152803718e-38
-31.262380 -34.729623 43.379578 -0.666268 -0.745713 0.000000 1.75027152803718e-38
-30.051934 -35.445051 42.627508 -0.647309 -0.762228 0.000000 1.75027152803718e-38
-30.125806 -36.028244 43.208580 -0.627940 -0.778262 0.000000 1.75027152803718e-38
-28.459801 -36.929641 43.655116 -0.608175 -0.793803 0.000000 1.75027152803718e-38
-27.086555 -37.552900 42.810905 -0.588025 -0.808843 0.000000 1.75027152803718e-38
-26.777545 -39.237196 43.266977 -0.567503 -0.823371 0.000000 1.75027152803718e-38
-25.241028 -38.819575 43.279552 -0.546622 -0.837379 0.000000 1.75027152803718e-38
-24.626777 -39.976497 42.829314 -0.525396 -0.850858 0.000000 1.75027152803718e-38
-23.620984 -40.705981 43.603709 -0.503838 -0.863798 0.000000 1.75027152803718e-38
-22.939165 -41.051619 42.496058 -0.481961 -0.876193 0.000000 1.75027152803718e-38
-21.421729 -41.547171 42.969886 -0.459780 -0.888033 0.000000 1.75027152803718e-38
-20.739173 -42.073405 42.913585 -0.437307 -0.899312 0.000000 1.75027152803718e-38
-19.436106 -41.988002 43.128576 -0.414559 -0.910023 0.000000 1.75027152803718e-38
-18.158631 -43.188740 42.841592 -0.391548 -0.920158 0.000000 1.75027152803718e-38
-17.237244 -42.745177 42.990695 -0.368290 -0.929711 0.000000 1.75027152803718e-38
-16.022896 -44.164329 42.250341 -0.344798 -0.938677 0.000000 1.75027152803718e-38
-15.259050 -43.593287 43.255540 -0.321089 -0.947049 0.000000 1.75027152803718e-38
-13.411099 -44.775495 42.369874 -0.297177 -0.954822 0.000000 1.75027152803718e-38
-13.108474 -44.887508 43.148207 -0.273077 -0.961992 0.000000 1.75027152803718e-38
-11.643397 -45.472673 43.358838 -0.248804 -0.968554 0.000000 1.75027152803718e-38
-10.647723 -45.499588 43.135522 -0.224375 -0.974503 0.000000 1.75027152803718e-38
-9.458283 -46.105832 42.948724 -0.199803 -0.979836 0.000000 1.75027152803718e-38
-7.630149 -45.728238 43.383040 -0.175105 -0.984550 0.000000 1.75027152803718e-38
-7.267498 -46.684688 43.405871 -0.150296 -0.988641 0.000000 1.75027152803718e-38
-5.595007 -46.374372 42.965761 -0.125392 -0.992107 0.000000 1.75027152803718e-38
-5.136790 -46.288148 43.432764 -0.100409 -0.994946 0.000000 1.75027152803718e-38
-3.729534 -46.880540 43.449242 -0.075362 -0.997156 0.000000 1.75027152803718e-38
-2.544336 -46.191941 43.044208 -0.050268 -0.998736 0.000000 1.75027152803718e-38
-1.292229 -46.756484 42.960934 -0.025142 -0.999684 0.000000 1.75027152803718e-38
0.337864 -46.519063 43.403355 -0.000000 -1.000000 0.000000 1.75027152803718e-38
-47.104963 -4.262900 46.151127 -0.996195 -0.087156 0.000000 1.75027152803718e-38
-47.169384 -4.870411 46.454528 -0.993689 -0.112174 0.000000 1.75027152803718e-38
-46.920749 -6.769372 46.616098 -0.990554 -0.137122 0.000000 1.75027152803718e-38
-46.674256 -7.707416 46.618742 -0.986793 -0.161983 0.000000 1.75027152803718e-38
-46.660681 -8.936131 46.084618 -0.982409 -0.186742 0.000000 1.75027152803718e-38
-46.665700 -9.912231 45.925143 -0.977403 -0.211383 0.000000 1.75027152803718e-38
-46.175725 -11.378454 45.977725 -0.971780 -0.235890 0.000000 1.75027152803718e-38
-45.960878 -12.246071 46.107168 -0.965542 -0.260247 0.000000 1.75027152803718e-38
-45.370597 -12.759422 46.107178 -0.958694 -0.284441 0.000000 1.75027152803718e-38
-44.850619 -14.386743 46.134989 -0.951239 -0.308454 0.000000 1.75027152803718e-38
-44.568597 -15.723736 46.214614 -0.943183 -0.332273 0.000000 1.75027152803718e-38
-44.417096 -16.995842 46.158923 -0.934531 -0.355881 0.000000 1.75027152803718e-38
-44.395147 -17.505738 46.802104 -0.925288 -0.379265 0.000000 1.75027152803718e-38
-43.287212 -18.850550 46.478163 -0.915460 -0.402408 0.000000 1.75027152803718e-38
-43.243060 -19.855294 46.025914 -0.905054 -0.425297 0.000000 1.75027152803718e-38
-41.638696 -21.261113 46.426301 -0.894075 -0.447918 0.000000 1.75027152803718e-38
-41.832932 -21.603080 46.000141 -0.882531 -0.470255 0.000000 1.75027152803718e-38
-40.856963 -23.117462 46.275139 -0.870429 -0.492295 0.000000 1.75027152803718e-38
-40.538817 -24.534212 45.378029 -0.857776 -0.514023 0.000000 1.75027152803718e-38
-39.660559 -25.494019 46.504726 -0.844581 -0.535427 0.000000 1.75027152803718e-38
-39.227447 -25.984524 46.394414 -0.830853 -0.556492 0.000000 1.75027152803718e-38
-39.397577 -27.140711 46.050744 -0.816599 -0.577206 0.000000 1.75027152803718e-38
-37.609438 -28.111121 46.334737 -0.801829 -0.597554 0.000000 1.75027152803718e-38
-37.317388 -29.507683 46.023980 -0.786552 -0.617525 0.000000 1.75027152803718e-38
-37.028916 -30.337941 45.714598 -0.770777 -0.637105 0.000000 1.75027152803718e-38
-36.150434 -31.033762 46.314061 -0.754515 -0.656282 0.000000 1.75027152803718e-38
-34.936232 -32.106569 45.869624 -0.737777 -0.675045 0.000000 1.75027152803718e-38
-34.207352 -33.071622 46.134997 -0.720572 -0.693381 0.000000 1.75027152803718e-38
-33.732588 -33.461829 45.983737 -0.702911 -0.711278 0.000000 1.75027152803718e-38
-32.306148 -34.232040 46.252207 -0.684806 -0.728726 0.000000 1.75027152803718e-38
-31.301688 -35.922370 46.005989 -0.666268 -0.745713 0.000000 1.75027152803718e-38
-30.312963 -35.931462 46.708385 -0.647309 -0.762228 0.000000 1.75027152803718e-38
-29.215658 -36.753393 46.078253 -0.627940 -0.778262 0.000000 1.75027152803718e-38
-29.078796 -37.721760 46.031372 -0.608175 -0.793803 0.000000 1.75027152803718e-38
-28.015329 -38.566508 46.274319 -0.588025 -0.808843 0.000000 1.75027152803718e-38
-26.356853 -38.698810 46.057120 -0.567503 -0.823371 0.000000 1.75027152803718e-38
-25.573143 -39.537929 46.141635 -0.546622 -0.837379 0.000000 1.75027152803718e-38
-24.903434 -40.339982 46.349166 -0.525396 -0.850858 0.000000 1.75027152803718e-38
-23.810017 -41.111136 45.920791 -0.503838 -0.863798 0.000000 1.75027152803718e-38
-22.724488 -41.350770 46.059906 -0.481961 -0.876193 0.000000 1.75027152803718e-38
-22.105777 -41.664609 46.465428 -0.459780 -0.888033 0.000000 1.75027152803718e-38
-21.298544 -42.171978 46.091153 -0.437307 -0.899312 0.000000 1.75027152803718e-38
-19.568402 -42.739425 46.649608 -0.414559 -0.910023 0.000000 1.75027152803718e-38
-18.235199 -43.488384 45.741154 -0.391548 -0.920158 0.000000 1.75027152803718e-38
-18.042869 -43.749508 46.556455 -0.368290 -0.929711 0.000000 1.75027152803718e-38
-16.567311 -44.518326 45.986666 -0.344798 -0.938677 0.000000 1.75027152803718e-38
-15.375686 -44.511247 46.219358 -0.321089 -0.947049 0.000000 1.75027152803718e-38
-14.137258 -44.404477 45.723520 -0.297177 -0.954822 0.000000 1.75027152803718e-38
-12.763226 -45.855847 46.106615 -0.273077 -0.961992 0.000000 1.75027152803718e-38
-11.733929 -45.598404 46.075492 -0.248804 -0.968554 0.000000 1.75027152803718e-38
-10.732079 -46.217148 45.829860 -0.224375 -0.974503 0.000000 1.75027152803718e-38
-9.269061 -46.301497 46.284397 -0.199803 -0.979836 0.000000 1.75027152803718e-38
-8.310396 -46.666909 46.506526 -0.175105 -0.984550 0.000000 1.75027152803718e-38
-6.808536 -46.378286 46.265624 -0.150296 -0.988641 0.000000 1.75027152803718e-38
-5.530313 -47.091643 46.093591 -0.125392 -0.992107 0.000000 1.75027152803718e-38
-4.394869 -46.848191 46.066711 -0.100409 -0.994946 0.000000 1.75027152803718e-38
-3.881559 -47.267027 45.948386 -0.075362 -0.997156 0.000000 1.75027152803718e-38
-1.862357 -47.052602 45.924069 -0.050268 -0.998736 0.000000 1.75027152803718e-38
-1.503728 -47.558993 45.986199 -0.025142 -0.999684 0.000000 1.75027152803718e-38
-0.050010 -47.006099 45.863891 -0.000000 -1.000000 0.000000 1.75027152803718e-38
-47.044183 -4.458915 48.808055 -0.996195 -0.087156 0.000000 1.75027152803718e-38
-47.104474 -4.978279 49.176065 -0.993689 -0.112174 0.000000 1.75027152803718e-38
-47.346386 -6.448017 49.271783 -0.990554 -0.137122 0.000000 1.75027152803718e-38
-47.669545 -8.505757 48.977351 -0.986793 -0.161983 0.000000 1.75027152803718e-38
-46.525678 -8.390814 49.152218 -0.982409 -0.186742 0.000000 1.75027152803718e-38
-47.118079 -10.044617 49.362464 -0.977403 -0.211383 0.000000 1.75027152803718e-38
-46.381031 -12.060374 50.178096 -0.971780 -0.235890 0.000000 1.75027152803718e-38
-45.922625 -12.528691 49.015226 -0.965542 -0.260247 0.000000 1.75027152803718e-38
-45.638049 -13.479897 49.258413 -0.958694 -0.284441 0.000000 1.75027152803718e-38
-45.439573 -14.812899 49.351328 -0.951239 -0.308454 0.000000 1.75027152803718e-38
-44.973183 -15.817311 49.318046 -0.943183 -0.332273 0.000000 1.75027152803718e-38
-44.358681 -17.530597 48.991405 -0.934531 -0.355881 0.000000 1.75027152803718e-38
-44.325710 -18.390803 49.111959 -0.925288 -0.379265 0.000000 1.75027152803718e-38
-43.476467 -19.325424 48.682006 -0.915460 -0.402408 0.000000 1.75027152803718e-38
-43.491172 -20.359999 49.242676 -0.905054 -0.425297 0.000000 1.75027152803718e-38
-42.671322 -21.318934 49.189121 -0.894075 -0.447918 0.000000 1.75027152803718e-38
-42.642927 -22.663841 49.043936 -0.882531 -0.470255 0.000000 1.75027152803718e-38
-41.790694 -23.380153 49.352000 -0.870429 -0.492295 0.000000 1.75027152803718e-38
-40.851743 -24.743820 49.683277 -0.857776 -0.514023 0.000000 1.75027152803718e-38
-40.264891 -25.620446 49.411773 -0.844581 -0.535427 0.000000 1.75027152803718e-38
-40.011685 -27.296045 49.048760 -0.830853 -0.556492 0.000000 1.75027152803718e-38
-38.901766 -27.631799 49.189719 -0.816599 -0.577206 0.000000 1.75027152803718e-38
-38.672665 -29.217573 49.658223 -0.801829 -0.597554 0.000000 1.75027152803718e-38
-37.748703 -29.716546 49.029275 -0.786552 -0.617525 0.000000 1.75027152803718e-38
-36.554174 -30.261434 48.940597 -0.770777 -0.637105 0.000000 1.75027152803718e-38
-35.802015 -31.488215 49.047607 -0.754515 -0.656282 0.000000 1.75027152803718e-38
-35.437454 -32.578658 48.834506 -0.737777 -0.675045 0.000000 1.75027152803718e-38
-34.292175 -33.288408 49.415932 -0.720572 -0.693381 0.000000 1.75027152803718e-38
-33.592667 -33.915158 48.616973 -0.702911 -0.711278 0.000000 1.75027152803718e-38
-33.071383 -34.744888 48.848320 -0.684806 -0.728726 0.000000 1.75027152803718e-38
-31.811215 -36.146812 49.235702 -0.666268 -0.745713 0.000000 1.75027152803718e-38
-30.531736 -36.288536 48.675547 -0.647309 -0.762228 0.000000 1.75027152803718e-38
-29.832211 -36.742470 50.069874 -0.627940 -0.778262 0.000000 1.75027152803718e-38
-28.997168 -38.443118 49.361173 -0.608175 -0.793803 0.000000 1.75027152803718e-38
-27.695427 -38.810523 49.543702 -0.588025 -0.808843 0.000000 1.75027152803718e-38
-27.442852 -39.338795 48.483895 -0.567503 -0.823371 0.000000 1.75027152803718e-38
-26.475615 -40.123500 49.121762 -0.546622 -0.837379 0.000000 1.75027152803718e-38
-25.563685 -40.917358 49.329666 -0.525396 -0.850858 0.000000 1.75027152803718e-38
-24.166438 -41.369203 49.450360 -0.503838 -0.863798 0.000000 1.75027152803718e-38
-23.195326 -41.573588 48.933988 -0.481961 -0.876193 0.000000 1.75027152803718e-38
-21.451185 -42.214746 49.123970 -0.459780 -0.888033 0.000000 1.75027152803718e-38
-21.039663 -43.027053 49.410371 -0.437307 -0.899312 0.000000 1.75027152803718e-38
-19.534537 -44.004426 49.362002 -0.414559 -0.910023 0.000000 1.75027152803718e-38
-19.395332 -44.141047 49.666943 -0.391548 -0.920158 0.000000 1.75027152803718e-38
-18.071277 -45.025364 49.297008 -0.368290 -0.929711 0.000000 1.75027152803718e-38
-16.104226 -44.877547 48.659384 -0.344798 -0.938677 0.000000 1.75027152803718e-38
-15.889408 -45.346981 48.876997 -0.321089 -0.947049 0.000000 1.75027152803718e-38
-14.197753 -45.689957 49.083842 -0.297177 -0.954822 0.000000 1.75027152803718e-38
-12.539620 -45.915144 49.594246 -0.273077 -0.961992 0.000000 1.75027152803718e-38
-11.644887 -46.451694 49.172435 -0.248804 -0.968554 0.000000 1.75027152803718e-38
-10.839826 -46.487390 49.035660 -0.224375 -0.974503 0.000000 1.75027152803718e-38
-9.055712 -47.171011 49.295112 -0.199803 -0.979836 0.000000 1.75027152803718e-38
-8.458576 -47.308338 49.882473 -0.175105 -0.984550 0.000000 1.75027152803718e-38
-7.332893 -47.460541 49.031529 -0.150296 -0.988641 0.000000 1.75027152803718e-38
-5.995638 -47.565594 48.894993 -0.125392 -0.992107 0.000000 1.75027152803718e-38
-4.938235 -47.488322 49.538865 -0.100409 -0.994946 0.000000 1.75027152803718e-38
-3.603657 -47.759416 49.122471 -0.075362 -0.997156 0.000000 1.75027152803718e-38
-2.559240 -48.128667 48.763774 -0.050268 -0.998736 0.000000 1.75027152803718e-38
-1.415368 -47.627007 49.103444 -0.025142 -0.999684 0.000000 1.75027152803718e-38
-0.103806 -48.023015 49.604182 -0.000000 -1.000000 0.000000 1.75027152803718e-38
-48.593766 -4.143921 52.287152 -0.996195 -0.087156 0.000000 1.75027152803718e-38
-48.173324 -5.367134 52.324842 -0.993689 -0.112174 0.000000 1.75027152803718e-38
-47.803778 -6.659179 52.831005 -0.990554 -0.137122 0.000000 1.75027152803718e-38
-47.845950 -8.367200 52.499185 -0.986793 -0.161983 0.000000 1.75027152803718e-38
-47.529018 -9.047188 52.229821 -0.982409 -0.186742 0.000000 1.75027152803718e-38
-48.038262 -10.836070 52.801948 -0.977403 -0.211383 0.000000 1.75027152803718e-38
-47.306787 -11.150914 51.826782 -0.971780 -0.235890 0.000000 1.75027152803718e-38
-47.142656 -12.418359 52.276942 -0.965542 -0.260247 0.000000 1.75027152803718e-38
-46.335155 -13.799412 52.245391 -0.958694 -0.284441 0.000000 1.75027152803718e-38
-46.338930 -15.318173 52.728503 -0.951239 -0.308454 0.000000 1.75027152803718e-38
-45.274018 -16.426775 51.976469 -0.943183 -0.332273 0.000000 1.75027152803718e-38
-45.428916 -17.158037 52.253147 -0.934531 -0.355881 0.000000 1.75027152803718e-38
-44.726447 -18.409033 52.273303 -0.925288 -0.379265 0.000000 1.75027152803718e-38
-43.675727 -19.674281 52.799676 -0.915460 -0.402408 0.000000 1.75027152803718e-38
-43.460868 -20.475616 51.729853 -0.905054 -0.425297 0.000000 1.75027152803718e-38
-43.353136 -21.878335 52.313720 -0.894075 -0.447918 0.000000 1.75027152803718e-38
-43.121455 -22.580397 52.603188 -0.882531 -0.470255 0.000000 1.75027152803718e-38
-41.864608 -23.990858 51.989865 -0.870429 -0.492295 0.000000 1.75027152803718e-38
-41.496473 -24.403216 52.328509 -0.857776 -0.514023 0.000000 1.75027152803718e-38
-40.826348 -26.038589 52.156651 -0.844581 -0.535427 0.000000 1.75027152803718e-38
-40.098718 -27.021587 52.428749 -0.830853 -0.556492 0.000000 1.75027152803718e-38
-39.452636 -27.890104 52.475049 -0.816599 -0.577206 0.000000 1.75027152803718e-38
-39.144438 -29.255462 52.294906 -0.801829 -0.597554 0.000000 1.75027152803718e-38
-38.153167 -30.106522 52.379992 -0.786552 -0.617525 0.000000 1.75027152803718e-38
-37.110079 -30.543208 52.731371 -0.770777 -0.637105 0.000000 1.75027152803718e-38
-36.988296 -32.178463 52.220799 -0.754515 -0.656282 0.000000 1.75027152803718e-38
-35.757945 -32.811067 52.141901 -0.737777 -0.675045 0.000000 1.75027152803718e-38
-35.038910 -33.483827 51.908806 -0.720572 -0.693381 0.000000 1.75027152803718e-38
-33.388037 -34.490542 52.622947 -0.702911 -0.711278 0.000000 1.75027152803718e-38
-33.386952 -35.170745 52.337720 -0.684806 -0.728726 0.000000 1.75027152803718e-38
-32.056817 -36.226510 52.773161 -0.666268 -0.745713 0.000000 1.75027152803718e-38
-31.841956 -36.683103 52.343308 -0.647309 -0.762228 0.000000 1.75027152803718e-38
-30.760469 -37.159924 52.862302 -0.627940 -0.778262 0.000000 1.75027152803718e-38
-30.118509 -38.446273 52.519391 -0.608175 -0.793803 0.000000 1.75027152803718e-38
-28.386566 -38.774075 52.699982 -0.588025 -0.808843 0.000000 1.75027152803718e-38
-27.444220 -39.250226 52.588746 -0.567503 -0.823371 0.000000 1.75027152803718e-38
-26.616499 -40.778439 52.680695 -0.546622 -0.837379 0.000000 1.75027152803718e-38
-25.719498 -41.389358 52.235821 -0.525396 -0.850858 0.000000 1.75027152803718e-38
-24.329343 -41.952086 51.912601 -0.503838 -0.863798 0.000000 1.75027152803718e-38
-23.026394 -42.616494 52.913673 -0.481961 -0.876193 0.000000 1.75027152803718e-38
-22.208021 -42.689272 52.496951 -0.459780 -0.888033 0.000000 1.75027152803718e-38
-20.814804 -43.445363 52.378243 -0.437307 -0.899312 0.000000 1.75027152803718e-38
-19.778044 -43.390129 52.226753 -0.414559 -0.910023 0.000000 1.75027152803718e-38
-18.751519 -44.629046 52.459510 -0.391548 -0.920158 0.000000 1.75027152803718e-38
-17.849326 -45.738134 52.247636 -0.368290 -0.929711 0.000000 1.75027152803718e-38
-16.422791 -45.755204 52.583976 -0.344798 -0.938677 0.000000 1.75027152803718e-38
-15.517686 -45.989137 52.579437 -0.321089 -0.947049 0.000000 1.75027152803718e-38
-14.208726 -46.182536 52.612462 -0.297177 -0.954822 0.000000 1.75027152803718e-38
-13.183260 -47.149833 52.194256 -0.273077 -0.961992 0.000000 1.75027152803718e-38
-12.608291 -46.777460 52.576552 -0.248804 -0.968554 0.000000 1.75027152803718e-38
-10.599611 -47.116479 52.598070 -0.224375 -0.974503 0.000000 1.75027152803718e-38
-10.163375 -47.554134 51.883218 -0.199803 -0.979836 0.000000 1.75027152803718e-38
-8.600039 -47.265602 52.635663 -0.175105 -0.984550 0.000000 1.75027152803718e-38
-7.090631 -48.003388 52.009614 -0.150296 -0.988641 0.000000 1.75027152803718e-38
-6.025376 -47.783809 52.430654 -0.125392 -0.992107 0.000000 1.75027152803718e-38
-5.345515 -48.223319 51.733694 -0.100409 -0.994946 0.000000 1.75027152803718e-38
-3.413797 -48.569787 51.940756 -0.075362 -0.997156 0.000000 1.75027152803718e-38
-2.192607 -48.270679 52.377412 -0.050268 -0.998736 0.000000 1.75027152803718e-38
-0.561866 -48.293976 52.114205 -0.025142 -0.999684 0.000000 1.75027152803718e-38
0.155761 -48.585630 52.687720 -0.000000 -1.000000 0.000000 1.75027152803718e-38
-48.824857 -4.165019 54.951905 -0.996195 -0.087156 0.000000 1.75027152803718e-38
-48.767702 -5.524193 55.077351 -0.993689 -0.112174 0.000000 1.75027152803718e-38
-48.698671 -6.601424 55.383311 -0.990554 -0.137122 0.000000 1.75027152803718e-38
-48.871219 -8.034694 55.244208 -0.986793 -0.161983 0.000000 1.75027152803718e-38
-48.174273 -9.142621 55.261131 -0.982409 -0.186742 0.000000 1.75027152803718e-38
-48.121771 -10.357869 55.673508 -0.977403 -0.211383 0.000000 1.75027152803718e-38
-47.626887 -11.154309 55.724573 -0.971780 -0.235890 0.000000 1.75027152803718e-38
-46.955219 -12.366514 55.853500 -0.965542 -0.260247 0.000000 1.75027152803718e-38
-47.413940 -13.770669 55.750112 -0.958694 -0.284441 0.000000 1.75027152803718e-38
-46.282306 -15.375078 55.581830 -0.951239 -0.308454 0.000000 1.75027152803718e-38
-46.283945 -15.759136 54.968428 -0.943183 -0.332273 0.000000 1.75027152803718e-38
-46.112508 -18.015522 55.428000 -0.934531 -0.355881 0.000000 1.75027152803718e-38
-44.748778 -18.633666 55.414925 -0.925288 -0.379265 0.000000 1.75027152803718e-38
-44.780346 -19.791510 55.494423 -0.915460 -0.402408 0.000000 1.75027152803718e-38
-44.316827 -21.134059 55.356401 -0.905054 -0.425297 0.000000 1.75027152803718e-38
-43.672892 -21.712388 55.774166 -0.894075 -0.447918 0.000000 1.75027152803718e-38
-43.228070 -22.980890 55.609671 -0.882531 -0.470255 0.000000 1.75027152803718e-38
-42.912968 -24.360428 55.347176 -0.870429 -0.492295 0.000000 1.75027152803718e-38
-42.495861 -25.114412 55.699340 -0.857776 -0.514023 0.000000 1.75027152803718e-38
-41.678562 -26.156771 55.195876 -0.844581 -0.535427 0.000000 1.75027152803718e-38
-41.096501 -26.704862 55.083945 -0.830853 -0.556492 0.000000 1.75027152803718e-38
-40.475513 -28.274056 55.465172 -0.816599 -0.577206 0.000000 1.75027152803718e-38
-39.166391 -28.737127 55.151476 -0.801829 -0.597554 0.000000 1.75027152803718e-38
-38.790046 -29.835331 55.666353 -0.786552 -0.617525 0.000000 1.75027152803718e-38
-37.602032 -31.456243 55.722382 -0.770777 -0.637105 0.000000 1.75027152803718e-38
-36.802718 -32.163956 55.209137 -0.754515 -0.656282 0.000000 1.75027152803718e-38
-36.189861 -32.647435 55.056425 -0.737777 -0.675045 0.000000 1.75027152803718e-38
-35.617106 -34.230533 55.261369 -0.720572 -0.693381 0.000000 1.75027152803718e-38
-34.514818 -34.633310 55.523040 -0.702911 -0.711278 0.000000 1.75027152803718e-38
-33.602958 -35.694395 55.571813 -0.684806 -0.728726 0.000000 1.75027152803718e-38
-33.215579 -36.290010 55.136692 -0.666268 -0.745713 0.000000 1.75027152803718e-38
-31.913297 -37.320201 55.361994 -0.647309 -0.762228 0.000000 1.75027152803718e-38
-30.683249 -38.166970 55.297816 -0.627940 -0.778262 0.000000 1.75027152803718e-38
-29.400295 -38.760129 55.475251 -0.608175 -0.793803 0.000000 1.75027152803718e-38
-28.661883 -39.922538 56.037047 -0.588025 -0.808843 0.000000 1.75027152803718e-38
-28.188394 -40.390274 55.298688 -0.567503 -0.823371 0.000000 1.75027152803718e-38
-26.934277 -41.248230 55.153102 -0.546622 -0.837379 0.000000 1.75027152803718e-38
-25.438333 -42.135101 55.679685 -0.525396 -0.850858 0.000000 1.75027152803718e-38
-24.541850 -42.523284 55.544398 -0.503838 -0.863798 0.000000 1.75027152803718e-38
-23.709717 -43.347834 55.057485 -0.481961 -0.876193 0.000000 1.75027152803718e-38
-22.376691 -43.417780 55.457219 -0.459780 -0.888033 0.000000 1.75027152803718e-38
-21.587484 -44.209735 55.286949 -0.437307 -0.899312 0.000000 1.75027152803718e-38
-20.877244 -44.660071 55.541352 -0.414559 -0.910023 0.000000 1.75027152803718e-38
-19.203142 -44.645296 55.083247 -0.391548 -0.920158 0.000000 1.75027152803718e-38
-18.279867 -45.605169 55.457745 -0.368290 -0.929711 0.000000 1.75027152803718e-38
-17.498578 -45.904441 55.459110 -0.344798 -0.938677 0.000000 1.75027152803718e-38
-16.400010 -46.531303 55.142053 -0.321089 -0.947049 0.000000 1.75027152803718e-38
-14.726199 -47.279365 55.509472 -0.297177 -0.954822 0.000000 1.75027152803718e-38
-12.878456 -47.150435 54.736800 -0.273077 -0.961992 0.000000 1.75027152803718e-38
-12.129620 -47.610481 55.054312 -0.248804 -0.968554 0.000000 1.75027152803718e-38
-10.909800 -47.580245 55.184067 -0.224375 -0.974503 0.000000 1.75027152803718e-38
-10.302630 -48.709512 55.184910 -0.199803 -0.979836 0.000000 1.75027152803718e-38
-8.643583 -48.492236 55.179631 -0.175105 -0.984550 0.000000 1.75027152803718e-38
-7.208548 -48.399450 55.444493 -0.150296 -0.988641 0.000000 1.75027152803718e-38
-5.911293 -48.905367 55.056248 -0.125392 -0.992107 0.000000 1.75027152803718e-38
-5.086368 -49.025248 54.769229 -0.100409 -0.994946 0.000000 1.75027152803718e-38
-3.863651 -48.624902 55.624871 -0.075362 -0.997156 0.000000 1.75027152803718e-38
-2.310399 -48.994421 55.819285 -0.050268 -0.998736 0.000000 1.75027152803718e-38
-1.552418 -49.369903 55.721904 -0.025142 -0.999684 0.000000 1.75027152803718e-38
0.008281 -49.297328 55.550193 -0.000000 -1.000000 0.000000 1.75027152803718e-38
-49.640430 -4.582724 58.201933 -0.996195 -0.087156 0.000000 1.75027152803718e-38
-49.287873 -5.513101 58.916562 -0.993689 -0.112174 0.000000 1.75027152803718e-38
-49.315592 -6.906846 58.893429 -0.990554 -0.137122 0.000000 1.75027152803718e-38
-48.745975 -8.006778 57.993235 -0.986793 -0.161983 0.000000 1.75027152803718e-38
-49.067324 -9.596933 58.472474 -0.982409 -0.186742 0.000000 1.75027152803718e-38
-48.727501 -10.024423 57.990107 -0.977403 -0.211383 0.000000 1.75027152803718e-38
-48.643923 -11.649854 58.617969 -0.971780 -0.235890 0.000000 1.75027152803718e-38
-48.761650 -13.454402 58.382457 -0.965542 -0.260247 0.000000 1.75027152803718e-38
-47.238347 -13.569811 58.337189 -0.958694 -0.284441 0.000000 1.75027152803718e-38
-47.325884 -15.580621 58.651500 -0.951239 -0.308454 0.000000 1.75027152803718e-38
-46.415772 -16.136486 58.452838 -0.943183 -0.332273 0.000000 1.75027152803718e-38
-46.695897 -17.684124 58.875774 -0.934531 -0.355881 0.000000 1.75027152803718e-38
-46.105137 -19.393321 58.353536 -0.925288 -0.379265 0.000000 1.75027152803718e-38
-45.580261 -20.545275 58.531150 -0.915460 -0.402408 0.000000 1.75027152803718e-38
-44.827559 -20.578466 58.061825 -0.905054 -0.425297 0.000000 1.75027152803718e-38
-44.214575 -21.970570 58.617425 -0.894075 -0.447918 0.000000 1.75027152803718e-38
-44.162052 -23.690211 58.490697 -0.882531 -0.470255 0.000000 1.75027152803718e-38
-43.231508 -24.633901 58.849030 -0.870429 -0.492295 0.000000 1.75027152803718e-38
-42.749988 -26.114050 58.394322 -0.857776 -0.514023 0.000000 1.75027152803718e-38
-41.829931 -26.507071 58.561805 -0.844581 -0.535427 0.000000 1.75027152803718e-38
-40.843530 -27.990992 58.334426 -0.830853 -0.556492 0.000000 1.75027152803718e-38
-40.119819 -29.276171 58.445430 -0.816599 -0.577206 0.000000 1.75027152803718e-38
-39.480610 -29.333037 58.659573 -0.801829 -0.597554 0.000000 1.75027152803718e-38
-38.884412 -31.002049 58.873492 -0.786552 -0.617525 0.000000 1.75027152803718e-38
-38.666106 -32.004963 58.577901 -0.770777 -0.637105 0.000000 1.75027152803718e-38
-37.645818 -32.553910 58.590769 -0.754515 -0.656282 0.000000 1.75027152803718e-38
-36.132601 -33.418261 58.275978 -0.737777 -0.675045 0.000000 1.75027152803718e-38
-35.608026 -34.709155 58.735485 -0.720572 -0.693381 0.000000 1.75027152803718e-38
-34.913883 -35.228929 57.927342 -0.702911 -0.711278 0.000000 1.75027152803718e-38
-34.708708 -36.666635 58.985270 -0.684806 -0.728726 0.000000 1.75027152803718e-38
-33.456627 -36.840734 58.268966 -0.666268 -0.745713 0.000000 1.75027152803718e-38
-32.241952 -37.894632 58.954672 -0.647309 -0.762228 0.000000 1.75027152803718e-38
-31.032016 -38.562545 58.850548 -0.627940 -0.778262 0.000000 1.75027152803718e-38
-30.415021 -39.129939 58.731929 -0.608175 -0.793803 0.000000 1.75027152803718e-38
-28.956677 -40.244393 58.330344 -0.588025 -0.808843 0.000000 1.75027152803718e-38
-28.464704 -41.162074 58.186435 -0.567503 -0.823371 0.000000 1.75027152803718e-38
-27.055982 -41.684582 58.590959 -0.546622 -0.837379 0.000000 1.75027152803718e-38
-25.964776 -42.603859 58.134608 -0.525396 -0.850858 0.000000 1.75027152803718e-38
-25.108335 -43.161586 58.197415 -0.503838 -0.863798 0.000000 1.75027152803718e-38
-23.443796 -44.005033 59.068458 -0.481961 -0.876193 0.000000 1.75027152803718e-38
-22.763462 -43.837602 58.722038 -0.459780 -0.888033 0.000000 1.75027152803718e-38
-21.548214 -44.195470 58.136813 -0.437307 -0.899312 0.000000 1.75027152803718e-38
-20.649651 -45.482162 57.952715 -0.414559 -0.910023 0.000000 1.75027152803718e-38
-19.657521 -45.168240 58.409498 -0.391548 -0.920158 0.000000 1.75027152803718e-38
-17.708203 -45.579041 59.360078 -0.368290 -0.929711 0.000000 1.75027152803718e-38
-16.564146 -45.942923 58.559089 -0.344798 -0.938677 0.000000 1.75027152803718e-38
-15.888999 -46.977991 58.461557 -0.321089 -0.947049 0.000000 1.75027152803718e-38
-14.724213 -47.227112 58.321793 -0.297177 -0.954822 0.000000 1.75027152803718e-38
-13.984677 -47.700005 58.253697 -0.273077 -0.961992 0.000000 1.75027152803718e-38
-12.541869 -48.178014 58.349895 -0.248804 -0.968554 0.000000 1.75027152803718e-38
-10.817954 -48.480877 58.809673 -0.224375 -0.974503 0.000000 1.75027152803718e-38
-9.867993 -48.722461 58.509005 -0.199803 -0.979836 0.000000 1.75027152803718e-38
-9.089839 -48.828740 58.716295 -0.175105 -0.984550 0.000000 1.75027152803718e-38
-7.172145 -49.539142 58.005844 -0.150296 -0.988641 0.000000 1.75027152803718e-38
-6.392774 -48.890355 58.527831 -0.125392 -0.992107 0.000000 1.75027152803718e-38
-5.222526 -49.882727 58.256342 -0.100409 -0.994946 0.000000 1.75027152803718e-38
-3.970817 -49.275990 58.765302 -0.075362 -0.997156 0.000000 1.75027152803718e-38
-2.813188 -49.409226 58.656766 -0.050268 -0.998736 0.000000 1.75027152803718e-38
-1.603408 -49.707441 58.563784 -0.025142 -0.999684 0.000000 1.75027152803718e-38
0.048971 -50.211168 58.500893 -0.000000 -1.000000 0.000000 1.75027152803718e-38
-49.919701 -3.910229 61.337824 -0.996195 -0.087156 0.000000 1.75027152803718e-38
-50.148151 -5.705258 61.625826 -0.993689 -0.112174 0.000000 1.75027152803718e-38
-49.797743 -6.716229 61.200906 -0.990554 -0.137122 0.000000 1.75027152803718e-38
-49.518625 -8.370749 61.495461 -0.986793 -0.161983 0.000000 1.75027152803718e-38
-48.904728 -9.812968 61.454621 -0.982409 -0.186742 0.000000 1.75027152803718e-38
-49.547734 -10.587047 61.852931 -0.977403 -0.211383 0.000000 1.75027152803718e-38
-48.831569 -11.900732 61.936982 -0.971780 -0.235890 0.000000 1.75027152803718e-38
-48.469535 -12.845096 61.753039 -0.965542 -0.260247 0.000000 1.75027152803718e-38
-49.087073 -14.330939 61.215039 -0.958694 -0.284441 0.000000 1.75027152803718e-38
-48.098023 -15.073489 61.426020 -0.951239 -0.308454 0.000000 1.75027152803718e-38
-46.876233 -17.136288 61.213360 -0.943183 -0.332273 0.000000 1.75027152803718e-38
-46.780079 -18.003943 61.630660 -0.934531 -0.355881 0.000000 1.75027152803718e-38
-46.577538 -19.120537 61.447191 -0.925288 -0.379265 0.000000 1.75027152803718e-38
-45.995633 -20.049444 62.022788 -0.915460 -0.402408 0.000000 1.75027152803718e-38
-45.586757 -21.511401 61.381723 -0.905054 -0.425297 0.000000 1.75027152803718e-38
-44.532808 -22.324061 60.968752 -0.894075 -0.447918 0.000000 1.75027152803718e-38
-44.975986 -23.903780 61.607505 -0.882531 -0.470255 0.000000 1.75027152803718e-38
-43.794332 -24.608978 61.485829 -0.870429 -0.492295 0.000000 1.75027152803718e-38
-42.728625 -25.624771 61.561735 -0.857776 -0.514023 0.000000 1.75027152803718e-38
-42.140529 -27.427723 61.512939 -0.844581 -0.535427 0.000000 1.75027152803718e-38
-41.752299 -27.812059 61.023912 -0.830853 -0.556492 0.000000 1.75027152803718e-38
-41.154674 -28.914454 61.681610 -0.816599 -0.577206 0.000000 1.75027152803718e-38
-39.977743 -29.829706 61.520208 -0.801829 -0.597554 0.000000 1.75027152803718e-38
-39.362620 -31.123129 61.582494 -0.786552 -0.617525 0.000000 1.75027152803718e-38
-38.533188 -32.061234 61.647058 -0.770777 -0.637105 0.000000 1.75027152803718e-38
-37.665241 -32.798657 61.908503 -0.754515 -0.656282 0.000000 1.75027152803718e-38
-36.413108 -33.745220 61.400074 -0.737777 -0.675045 0.000000 1.75027152803718e-38
-36.092643 -34.737777 61.722515 -0.720572 -0.693381 0.000000 1.75027152803718e-38
-34.909317 -36.283930 61.992613 -0.702911 -0.711278 0.000000 1.75027152803718e-38
-33.891974 -36.485929 61.716102 -0.684806 -0.728726 0.000000 1.75027152803718e-38
-33.587093 -37.508932 61.747847 -0.666268 -0.745713 0.000000 1.75027152803718e-38
-32.370845 -38.125380 61.726462 -0.647309 -0.762228 0.000000 1.75027152803718e-38
-31.317119 -38.912122 61.231157 -0.627940 -0.778262 0.000000 1.75027152803718e-38
-30.342712 -39.372315 61.530474 -0.608175 -0.793803 0.000000 1.75027152803718e-38
-29.128964 -40.961609 61.529533 -0.588025 -0.808843 0.000000 1.75027152803718e-38
-28.738870 -41.003461 62.030605 -0.567503 -0.823371 0.000000 1.75027152803718e-38
-27.525949 -41.770531 62.033650 -0.546622 -0.837379 0.000000 1.75027152803718e-38
-26.438350 -42.760916 61.758546 -0.525396 -0.850858 0.000000 1.75027152803718e-38
-25.596811 -43.417745 62.181298 -0.503838 -0.863798 0.000000 1.75027152803718e-38
-24.393606 -43.818090 61.695603 -0.481961 -0.876193 0.000000 1.75027152803718e-38
-23.176957 -44.603340 62.064248 -0.459780 -0.888033 0.000000 1.75027152803718e-38
-21.831351 -45.024248 62.018720 -0.437307 -0.899312 0.000000 1.75027152803718e-38
-20.939950 -46.090026 62.068966 -0.414559 -0.910023 0.000000 1.75027152803718e-38
-19.654683 -46.017689 61.309763 -0.391548 -0.920158 0.000000 1.75027152803718e-38
-18.409142 -47.095404 61.557583 -0.368290 -0.929711 0.000000 1.75027152803718e-38
-17.538426 -47.480609 61.447525 -0.344798 -0.938677 0.000000 1.75027152803718e-38
-16.839449 -47.986421 61.773186 -0.321089 -0.947049 0.000000 1.75027152803718e-38
-14.844304 -48.351725 61.702824 -0.297177 -0.954822 0.000000 1.75027152803718e-38
-13.999789 -48.173534 61.503770 -0.273077 -0.961992 0.000000 1.75027152803718e-38
-12.612899 -48.747503 62.306320 -0.248804 -0.968554 0.000000 1.75027152803718e-38
-11.514127 -48.951476 61.772872 -0.224375 -0.974503 0.000000 1.75027152803718e-38
-10.339200 -49.765990 61.358132 -0.199803 -0.979836 0.000000 1.75027152803718e-38
-8.580272 -49.627421 61.469130 -0.175105 -0.984550 0.000000 1.75027152803718e-38
-7.286947 -49.972521 61.511835 -0.150296 -0.988641 0.000000 1.75027152803718e-38
-6.761617 -49.808759 61.607314 -0.125392 -0.992107 0.000000 1.75027152803718e-38
-4.812102 -50.391358 61.480895 -0.100409 -0.994946 0.000000 1.75027152803718e-38
-4.174410 -50.232779 61.982998 -0.075362 -0.997156 0.000000 1.75027152803718e-38
-2.624804 -50.648177 61.334498 -0.050268 -0.998736 0.000000 1.75027152803718e-38
-1.747974 -50.674826 61.739758 -0.025142 -0.999684 0.000000 1.75027152803718e-38
-0.433885 -50.208296 61.546184 -0.000000 -1.000000 0.000000 1.75027152803718e-38
-50.869778 -4.368373 64.334086 -0.996195 -0.087156 0.000000 1.75027152803718e-38
-50.330493 -5.919633 64.499475 -0.993689 -0.112174 0.000000 1.75027152803718e-38
-50.574798 -6.773231 64.778718 -0.990554 -0.137122 0.000000 1.75027152803718e-38
-51.018271 -8.169330 64.092007 -0.986793 -0.161983 0.000000 1.75027152803718e-38
-50.110968 -9.538372 64.509767 -0.982409 -0.186742 0.000000 1.75027152803718e-38
-49.603521 -10.544203 64.383345 -0.977403 -0.211383 0.000000 1.75027152803718e-38
-49.710445 -12.018521 64.152265 -0.971780 -0.235890 0.000000 1.75027152803718e-38
-49.293065 -12.843220 64.163494 -0.965542 -0.260247 0.000000 1.75027152803718e-38
-48.903399 -14.656870 65.216965 -0.958694 -0.284441 0.000000 1.75027152803718e-38
-48.583261 -15.845507 64.306155 -0.951239 -0.308454 0.000000 1.75027152803718e-38
-48.009032 -16.832970 64.349639 -0.943183 -0.332273 0.000000 1.75027152803718e-38
-47.274784 -18.034464 64.870954 -0.934531 -0.355881 0.000000 1.75027152803718e-38
-47.199338 -19.233138 64.551456 -0.925288 -0.379265 0.000000 1.75027152803718e-38
-46.163312 -20.449318 64.618011 -0.915460 -0.402408 0.000000 1.75027152803718e-38
-46.208346 -21.804140 64.686701 -0.905054 -0.425297 0.000000 1.75027152803718e-38
-45.266127 -23.006186 64.653358 -0.894075 -0.447918 0.000000 1.75027152803718e-38
-44.869109 -23.830361 64.103136 -0.882531 -0.470255 0.000000 1.75027152803718e-38
-44.585735 -25.469541 64.625250 -0.870429 -0.492295 0.000000 1.75027152803718e-38
-43.934550 -26.314735 64.257100 -0.857776 -0.514023 0.000000 1.75027152803718e-38
-43.113566 -27.592626 64.842757 -0.844581 -0.535427 0.000000 1.75027152803718e-38
-42.149983 -28.282627 64.524802 -0.830853 -0.556492 0.000000 1.75027152803718e-38
-42.179475 -29.519549 64.386948 -0.816599 -0.577206 0.000000 1.75027152803718e-38
-40.742125 -30.231991 64.712774 -0.801829 -0.597554 0.000000 1.75027152803718e-38
-39.659729 -31.604983 64.432452 -0.786552 -0.617525 0.000000 1.75027152803718e-38
-38.924297 -32.381335 64.541285 -0.770777 -0.637105 0.000000 1.75027152803718e-38
-37.853918 -33.234089 64.558221 -0.754515 -0.656282 0.000000 1.75027152803718e-38
-37.761590 -33.964542 64.677484 -0.737777 -0.675045 0.000000 1.75027152803718e-38
-36.672641 -35.092976 64.879411 -0.720572 -0.693381 0.000000 1.75027152803718e-38
-35.616034 -35.941715 64.750797 -0.702911 -0.711278 0.000000 1.75027152803718e-38
-34.692906 -37.314557 65.158491 -0.684806 -0.728726 0.000000 1.75027152803718e-38
-34.285816 -37.866958 64.214354 -0.666268 -0.745713 0.000000 1.75027152803718e-38
-32.980049 -38.971866 64.656111 -0.647309 -0.762228 0.000000 1.75027152803718e-38
-31.862148 -39.903554 64.606560 -0.627940 -0.778262 0.000000 1.75027152803718e-38
-30.540430 -40.801464 64.359168 -0.608175 -0.793803 0.000000 1.75027152803718e-38
-29.674590 -41.150102 64.660731 -0.588025 -0.808843 0.000000 1.75027152803718e-38
-28.581486 -42.151142 64.459584 -0.567503 -0.823371 0.000000 1.75027152803718e-38
-28.018066 -42.730438 65.017241 -0.546622 -0.837379 0.000000 1.75027152803718e-38
-27.255102 -43.670349 64.205680 -0.525396 -0.850858 0.000000 1.75027152803718e-38
-25.226867 -44.155128 64.517383 -0.503838 -0.863798 0.000000 1.75027152803718e-38
-25.018147 -44.680448 64.875341 -0.481961 -0.876193 0.000000 1.75027152803718e-38
-23.328741 -45.236819 64.145919 -0.459780 -0.888033 0.000000 1.75027152803718e-38
-22.359088 -45.734533 64.317837 -0.437307 -0.899312 0.000000 1.75027152803718e-38
-20.906236 -46.058293 64.456790 -0.414559 -0.910023 0.000000 1.75027152803718e-38
-19.713614 -46.872654 64.959526 -0.391548 -0.920158 0.000000 1.75027152803718e-38
-18.137177 -47.654138 64.846230 -0.368290 -0.929711 0.000000 1.75027152803718e-38
-17.160138 -48.073629 64.442848 -0.344798 -0.938677 0.000000 1.75027152803718e-38
-16.520651 -48.248437 64.508475 -0.321089 -0.947049 0.000000 1.75027152803718e-38
-15.186999 -48.352905 64.046641 -0.297177 -0.954822 0.000000 1.75027152803718e-38
-14.192894 -48.768293 64.781217 -0.273077 -0.961992 0.000000 1.75027152803718e-38
-12.982713 -49.135373 65.013445 -0.248804 -0.968554 0.000000 1.75027152803718e-38
-11.436275 -49.908513 64.877871 -0.224375 -0.974503 0.000000 1.75027152803718e-38
-9.653850 -50.143446 64.627160 -0.199803 -0.979836 0.000000 1.75027152803718e-38
-8.586483 -50.082942 64.091196 -0.175105 -0.984550 0.000000 1.75027152803718e-38
-7.517635 -50.619453 64.234168 -0.150296 -0.988641 0.000000 1.75027152803718e-38
-6.901278 -50.145132 64.364971 -0.125392 -0.992107 0.000000 1.75027152803718e-38
-5.011212 -50.473083 64.663930 -0.100409 -0.994946 0.000000 1.75027152803718e-38
-3.747268 -50.644951 64.656814 -0.075362 -0.997156 0.000000 1.75027152803718e-38
-2.786889 -51.094472 64.583890 -0.050268 -0.998736 0.000000 1.75027152803718e-38
-1.317674 -50.759138 64.945880 -0.025142 -0.999684 0.000000 1.75027152803718e-38
0.103172 -51.147290 63.961038 -0.000000 -1.000000 0.000000 1.75027152803718e-38
-51.534900 -4.891885 67.473196 -0.996195 -0.087156 0.000000 1.75027152803718e-38
-51.102468 -5.751688 68.249761 -0.993689 -0.112174 0.000000 1.75027152803718e-38
-50.868804 -6.489071 67.906850 -0.990554 -0.137122 0.000000 1.75027152803718e-38
-50.494343 -8.449843 67.369955 -0.986793 -0.161983 0.000000 1.75027152803718e-38
-50.728940 -9.620810 67.503860 -0.982409 -0.186742 0.000000 1.75027152803718e-38
-50.636806 -10.761195 67.390689 -0.977403 -0.211383 0.000000 1.75027152803718e-38
-50.506898 -12.484986 67.622001 -0.971780 -0.235890 0.000000 1.75027152803718e-38
-50.022872 -13.471221 67.872441 -0.965542 -0.260247 0.000000 1.75027152803718e-38
-49.200573 -14.847002 67.301125 -0.958694 -0.284441 0.000000 1.75027152803718e-38
-49.161688 -15.688760 67.959067 -0.951239 -0.308454 0.000000 1.75027152803718e-38
-48.468257 -16.751679 68.211068 -0.943183 -0.332273 0.000000 1.75027152803718e-38
-48.273506 -17.881979 67.614143 -0.934531 -0.355881 0.000000 1.75027152803718e-38
-47.346570 -19.319626 67.099190 -0.925288 -0.379265 0.000000 1.75027152803718e-38
-47.436252 -21.090486 67.157694 -0.915460 -0.402408 0.000000 1.75027152803718e-38
-46.346642 -21.282268 67.615006 -0.905054 -0.425297 0.000000 1.75027152803718e-38
-45.788775 -22.622465 67.754807 -0.894075 -0.447918 0.000000 1.75027152803718e-38
-45.458090 -24.291927 67.853575 -0.882531 -0.470255 0.000000 1.75027152803718e-38
-44.564828 -25.214737 67.820547 -0.870429 -0.492295 0.000000 1.75027152803718e-38
-44.190997 -26.950193 67.961623 -0.857776 -0.514023 0.000000 1.75027152803718e-38
-43.881495 -27.388783 67.919029 -0.844581 -0.535427 0.000000 1.75027152803718e-38
-43.131209 -28.841799 68.328750 -0.830853 -0.556492 0.000000 1.75027152803718e-38
-42.078844 -30.092263 67.932571 -0.816599 -0.577206 0.000000 1.75027152803718e-38
-41.526134 -31.350303 67.848239 -0.801829 -0.597554 0.000000 1.75027152803718e-38
-40.782542 -31.706280 67.448501 -0.786552 -0.617525 0.000000 1.75027152803718e-38
-39.483011 -32.755972 66.915545 -0.770777 -0.637105 0.000000 1.75027152803718e-38
-38.743088 -33.885582 68.117323 -0.754515 -0.656282 0.000000 1.75027152803718e-38
-37.877083 -34.538088 67.479145 -0.737777 -0.675045 0.000000 1.75027152803718e-38
-37.346598 -35.716925 67.584123 -0.720572 -0.693381 0.000000 1.75027152803718e-38
-35.798645 -36.676944 67.324861 -0.702911 -0.711278 0.000000 1.75027152803718e-38
-35.515907 -37.239992 67.642130 -0.684806 -0.728726 0.000000 1.75027152803718e-38
-34.379133 -38.086284 67.417879 -0.666268 -0.745713 0.000000 1.75027152803718e-38
-34.007067 -39.510753 67.764934 -0.647309 -0.762228 0.000000 1.75027152803718e-38
-32.413886 -40.548758 67.997126 -0.627940 -0.778262 0.000000 1.75027152803718e-38
-31.272057 -40.764320 67.818191 -0.608175 -0.793803 0.000000 1.75027152803718e-38
-30.672935 -41.564711 67.964544 -0.588025 -0.808843 0.000000 1.75027152803718e-38
-28.884410 -42.187410 67.846247 -0.567503 -0.823371 0.000000 1.75027152803718e-38
-28.672378 -43.129676 67.405335 -0.546622 -0.837379 0.000000 1.75027152803718e-38
-26.673352 -43.480224 67.407149 -0.525396 -0.850858 0.000000 1.75027152803718e-38
-25.961540 -44.411223 67.962545 -0.503838 -0.863798 0.000000 1.75027152803718e-38
-25.323772 -45.786977 67.703752 -0.481961 -0.876193 0.000000 1.75027152803718e-38
-24.438159 -45.686304 67.869970 -0.459780 -0.888033 0.000000 1.75027152803718e-38
-22.150587 -46.501518 67.740662 -0.437307 -0.899312 0.000000 1.75027152803718e-38
-21.154397 -47.219055 67.966912 -0.414559 -0.910023 0.000000 1.75027152803718e-38
-20.082489 -47.569935 67.734722 -0.391548 -0.920158 0.000000 1.75027152803718e-38
-19.008784 -47.646280 67.584170 -0.368290 -0.929711 0.000000 1.75027152803718e-38
-17.689058 -48.528313 67.410955 -0.344798 -0.938677 0.000000 1.75027152803718e-38
-16.484701 -49.042232 67.932482 -0.321089 -0.947049 0.000000 1.75027152803718e-38
-15.127011 -49.403070 67.756442 -0.297177 -0.954822 0.000000 1.75027152803718e-38
-14.294436 -50.024074 67.513140 -0.273077 -0.961992 0.000000 1.75027152803718e-38
-12.828575 -49.724281 67.737152 -0.248804 -0.968554 0.000000 1.75027152803718e-38
-11.283030 -50.481441 67.579298 -0.224375 -0.974503 0.000000 1.75027152803718e-38
-9.796569 -51.041074 67.556721 -0.199803 -0.979836 0.000000 1.75027152803718e-38
-9.339369 -50.763126 67.561973 -0.175105 -0.984550 0.000000 1.75027152803718e-38
-7.559615 -50.838550 67.300622 -0.150296 -0.988641 0.000000 1.75027152803718e-38
-6.634157 -51.093751 67.914122 -0.125392 -0.992107 0.000000 1.75027152803718e-38
-4.441186 -51.029086 67.388558 -0.100409 -0.994946 0.000000 1.75027152803718e-38
-3.909322 -51.299445 67.536490 -0.075362 -0.997156 0.000000 1.75027152803718e-38
-2.447732 -52.116498 67.858253 -0.050268 -0.998736 0.000000 1.75027152803718e-38
-1.437730 -51.516825 68.132025 -0.025142 -0.999684 0.000000 1.75027152803718e-38
-0.378455 -51.418377 67.930484 -0.000000 -1.000000 0.000000 1.75027152803718e-38
-51.837325 -5.023907 71.174350 -0.996195 -0.087156 0.000000 1.75027152803718e-38
-51.821294 -6.001051 70.676086 -0.993689 -0.112174 0.000000 1.75027152803718e-38
-51.709272 -7.499289 70.818716 -0.990554 -0.137122 0.000000 1.75027152803718e-38
-51.577919 -8.235899 70.924509 -0.986793 -0.161983 0.000000 1.75027152803718e-38
-50.682674 -9.790252 70.528256 -0.982409 -0.186742 0.000000 1.75027152803718e-38
-51.350572 -10.352206 70.967863 -0.977403 -0.211383 0.000000 1.75027152803718e-38
-50.824465 -11.778748 71.176079 -0.971780 -0.235890 0.000000 1.75027152803718e-38
-50.697211 -13.781456 70.729533 -0.965542 -0.260247 0.000000 1.75027152803718e-38
-50.256146 -14.844535 70.982819 -0.958694 -0.284441 0.000000 1.75027152803718e-38
-49.958822 -15.978443 71.119780 -0.951239 -0.308454 0.000000 1.75027152803718e-38
-49.007177 -17.329652 70.568800 -0.943183 -0.332273 0.000000 1.75027152803718e-38
-48.427330 -18.889726 70.842068 -0.934531 -0.355881 0.000000 1.75027152803718e-38
-48.187494 -19.416930 70.594406 -0.925288 -0.379265 0.000000 1.75027152803718e-38
-47.832566 -21.332647 70.900416 -0.915460 -0.402408 0.000000 1.75027152803718e-38
-47.268340 -22.410933 70.539186 -0.905054 -0.425297 0.000000 1.75027152803718e-38
-46.408210 -23.661417 70.464981 -0.894075 -0.447918 0.000000 1.75027152803718e-38
-45.699138 -24.543832 71.055864 -0.882531 -0.470255 0.000000 1.75027152803718e-38
-45.445496 -25.642316 70.816121 -0.870429 -0.492295 0.000000 1.75027152803718e-38
-44.262483 -26.381988 71.115202 -0.857776 -0.514023 0.000000 1.75027152803718e-38
-44.180048 -28.184643 70.997468 -0.844581 -0.535427 0.000000 1.75027152803718e-38
-42.863295 -28.636961 70.773146 -0.830853 -0.556492 0.000000 1.75027152803718e-38
-42.315541 -29.841078 70.813914 -0.816599 -0.577206 0.000000 1.75027152803718e-38
-41.706842 -31.095116 70.532802 -0.801829 -0.597554 0.000000 1.75027152803718e-38
-41.174636 -32.375224 70.289460 -0.786552 -0.617525 0.000000 1.75027152803718e-38
-40.104328 -33.196816 70.997820 -0.770777 -0.637105 0.000000 1.75027152803718e-38
-38.921954 -33.786243 71.194770 -0.754515 -0.656282 0.000000 1.75027152803718e-38
-38.655430 -35.590396 71.048454 -0.737777 -0.675045 0.000000 1.75027152803718e-38
-37.117508 -35.649057 70.914730 -0.720572 -0.693381 0.000000 1.75027152803718e-38
-37.211273 -36.938386 70.935863 -0.702911 -0.711278 0.000000 1.75027152803718e-38
-35.293606 -37.527972 71.042121 -0.684806 -0.728726 0.000000 1.75027152803718e-38
-34.879829 -39.150390 70.929419 -0.666268 -0.745713 0.000000 1.75027152803718e-38
-33.953845 -39.259352 70.257863 -0.647309 -0.762228 0.000000 1.75027152803718e-38
-32.537215 -40.441171 70.707201 -0.627940 -0.778262 0.000000 1.75027152803718e-38
-31.955298 -41.965074 70.609802 -0.608175 -0.793803 0.000000 1.75027152803718e-38
-30.782383 -41.796390 70.534374 -0.588025 -0.808843 0.000000 1.75027152803718e-38
-29.423478 -43.274318 70.913305 -0.567503 -0.823371 0.000000 1.75027152803718e-38
-29.143022 -42.987678 70.726911 -0.546622 -0.837379 0.000000 1.75027152803718e-38
-28.204465 -44.533638 70.506532 -0.525396 -0.850858 0.000000 1.75027152803718e-38
-26.439962 -45.101733 70.570446 -0.503838 -0.863798 0.000000 1.75027152803718e-38
-25.348651 -45.985528 71.015768 -0.481961 -0.876193 0.000000 1.75027152803718e-38
-23.588026 -46.331025 70.763940 -0.459780 -0.888033 0.000000 1.75027152803718e-38
-23.115764 -46.820833 70.838220 -0.437307 -0.899312 0.000000 1.75027152803718e-38
-21.658783 -47.281189 70.861843 -0.414559 -0.910023 0.000000 1.75027152803718e-38
-20.710652 -47.570002 70.706937 -0.391548 -0.920158 0.000000 1.75027152803718e-38
-18.680292 -48.299394 71.360511 -0.368290 -0.929711 0.000000 1.75027152803718e-38
-17.606808 -48.824353 70.552299 -0.344798 -0.938677 0.000000 1.75027152803718e-38
-16.934930 -49.168678 70.812169 -0.321089 -0.947049 0.000000 1.75027152803718e-38
-15.655665 -49.483562 70.780862 -0.297177 -0.954822 0.000000 1.75027152803718e-38
-13.971966 -50.399570 71.069072 -0.273077 -0.961992 0.000000 1.75027152803718e-38
-12.809089 -50.089430 71.062460 -0.248804 -0.968554 0.000000 1.75027152803718e-38
-11.712400 -50.808190 71.304140 -0.224375 -0.974503 0.000000 1.75027152803718e-38
-10.494222 -50.811833 70.654815 -0.199803 -0.979836 0.000000 1.75027152803718e-38
-9.679174 -51.650086 70.891007 -0.175105 -0.984550 0.000000 1.75027152803718e-38
-7.618061 -51.372219 71.113016 -0.150296 -0.988641 0.000000 1.75027152803718e-38
-6.413865 -51.908096 70.947521 -0.125392 -0.992107 0.000000 1.75027152803718e-38
-5.179074 -51.996066 70.910987 -0.100409 -0.994946 0.000000 1.75027152803718e-38
-3.901552 -52.120009 70.715871 -0.075362 -0.997156 0.000000 1.75027152803718e-38
-2.194218 -51.606515 70.825674 -0.050268 -0.998736 0.000000 1.75027152803718e-38
-1.292378 -52.500080 71.285040 -0.025142 -0.999684 0.000000 1.75027152803718e-38
0.310903 -51.861046 70.086812 -0.000000 -1.000000 0.000000 1.75027152803718e-38
-52.446874 -4.627720 74.050998 -0.996195 -0.087156 0.000000 1.75027152803718e-38
-52.462487 -5.976567 74.031978 -0.993689 -0.112174 0.000000 1.75027152803718e-38
-52.394195 -7.393006 73.904152 -0.990554 -0.137122 0.000000 1.75027152803718e-38
-51.562543 -8.287426 74.168775 -0.986793 -0.161983 0.000000 1.75027152803718e-38
-51.714207 -9.385224 73.323799 -0.982409 -0.186742 0.000000 1.75027152803718e-38
-50.862938 -10.485783 73.983139 -0.977403 -0.211383 0.000000 1.75027152803718e-38
-50.923798 -12.433237 73.783283 -0.971780 -0.235890 0.000000 1.75027152803718e-38
-51.028253 -13.719214 74.012934 -0.965542 -0.260247 0.000000 1.75027152803718e-38
-50.358396 -14.382538 73.876236 -0.958694 -0.284441 0.000000 1.75027152803718e-38
-50.538463 -15.749765 73.479868 -0.951239 -0.308454 0.000000 1.75027152803718e-38
-49.835415 -17.415806 73.971306 -0.943183 -0.332273 0.000000 1.75027152803718e-38
-49.645613 -18.964478 73.401919 -0.934531 -0.355881 0.000000 1.75027152803718e-38
-48.538738 -19.616882 73.479602 -0.925288 -0.379265 0.000000 1.75027152803718e-38
-47.909019 -20.911396 73.648433 -0.915460 -0.402408 0.000000 1.75027152803718e-38
-48.254479 -22.717343 73.667577 -0.905054 -0.425297 0.000000 1.75027152803718e-38
-46.619061 -23.622634 73.544105 -0.894075 -0.447918 0.000000 1.75027152803718e-38
-46.429298 -25.152012 74.000456 -0.882531 -0.470255 0.000000 1.75027152803718e-38
-46.129662 -26.173774 73.958801 -0.870429 -0.492295 0.000000 1.75027152803718e-38
-44.645024 -26.408900 73.534194 -0.857776 -0.514023 0.000000 1.75027152803718e-38
-44.654249 -28.040684 74.196791 -0.844581 -0.535427 0.000000 1.75027152803718e-38
-44.401548 -29.278423 73.700011 -0.830853 -0.556492 0.000000 1.75027152803718e-38
-43.578925 -30.796529 73.675822 -0.816599 -0.577206 0.000000 1.75027152803718e-38
-42.206282 -31.164485 73.952458 -0.801829 -0.597554 0.000000 1.75027152803718e-38
-41.135179 -32.510543 73.634670 -0.786552 -0.617525 0.000000 1.75027152803718e-38
-40.643893 -33.340990 74.155922 -0.770777 -0.637105 0.000000 1.75027152803718e-38
-39.776798 -34.838254 73.946851 -0.754515 -0.656282 0.000000 1.75027152803718e-38
-38.707588 -35.177729 73.642525 -0.737777 -0.675045 0.000000 1.75027152803718e-38
-38.145307 -36.286248 73.723924 -0.720572 -0.693381 0.000000 1.75027152803718e-38
-37.149869 -37.079322 73.434852 -0.702911 -0.711278 0.000000 1.75027152803718e-38
-35.444697 -38.558142 74.106172 -0.684806 -0.728726 0.000000 1.75027152803718e-38
-35.117993 -39.187469 73.767318 -0.666268 -0.745713 0.000000 1.75027152803718e-38
-33.829995 -40.242775 73.674270 -0.647309 -0.762228 0.000000 1.75027152803718e-38
-32.523029 -40.974087 73.643445 -0.627940 -0.778262 0.000000 1.75027152803718e-38
-32.473276 -41.241642 73.680576 -0.608175 -0.793803 0.000000 1.75027152803718e-38
-30.346549 -42.473646 73.889019 -0.588025 -0.808843 0.000000 1.75027152803718e-38
-29.833481 -42.693575 73.188488 -0.567503 -0.823371 0.000000 1.75027152803718e-38
-28.720573 -44.175567 73.782226 -0.546622 -0.837379 0.000000 1.75027152803718e-38
-27.622324 -44.885651 73.902593 -0.525396 -0.850858 0.000000 1.75027152803718e-38
-26.538942 -45.881283 73.960564 -0.503838 -0.863798 0.000000 1.75027152803718e-38
-25.165029 -46.302518 74.406523 -0.481961 -0.876193 0.000000 1.75027152803718e-38
-23.811105 -46.510226 74.095700 -0.459780 -0.888033 0.000000 1.75027152803718e-38
-23.019372 -47.014948 74.317380 -0.437307 -0.899312 0.000000 1.75027152803718e-38
-21.588059 -48.092453 73.834249 -0.414559 -0.910023 0.000000 1.75027152803718e-38
-20.446629 -48.203756 73.822911 -0.391548 -0.920158 0.000000 1.75027152803718e-38
-19.564001 -48.482895 73.524458 -0.368290 -0.929711 0.000000 1.75027152803718e-38
-18.439325 -49.828421 73.563089 -0.344798 -0.938677 0.000000 1.75027152803718e-38
-16.534210 -49.486908 73.823940 -0.321089 -0.947049 0.000000 1.75027152803718e-38
-15.500317 -50.283654 73.488561 -0.297177 -0.954822 0.000000 1.75027152803718e-38
-13.714684 -50.245638 73.952480 -0.273077 -0.961992 0.000000 1.75027152803718e-38
-13.358696 -51.071071 73.638426 -0.248804 -0.968554 0.000000 1.75027152803718e-38
-11.786185 -51.223899 73.743816 -0.224375 -0.974503 0.000000 1.75027152803718e-38
-10.957843 -50.958100 73.917412 -0.199803 -0.979836 0.000000 1.75027152803718e-38
-9.083950 -51.972661 73.377551 -0.175105 -0.984550 0.000000 1.75027152803718e-38
-7.939496 -52.158348 74.059014 -0.150296 -0.988641 0.000000 1.75027152803718e-38
-6.331258 -52.014401 74.142636 -0.125392 -0.992107 0.000000 1.75027152803718e-38
-4.746381 -52.276454 74.175919 -0.100409 -0.994946 0.000000 1.75027152803718e-38
-3.820381 -53.079795 73.799798 -0.075362 -0.997156 0.000000 1.75027152803718e-38
-2.907401 -52.523533 73.608851 -0.050268 -0.998736 0.000000 1.75027152803718e-38
-1.142258 -52.348582 74.207225 -0.025142 -0.999684 0.000000 1.75027152803718e-38
0.485778 -53.162344 73.486454 -0.000000 -1.000000 0.000000 1.75027152803718e-38
-52.134350 -4.335153 76.990411 -0.996195 -0.087156 0.000000 1.75027152803718e-38
-52.869717 -5.986443 76.342953 -0.993689 -0.112174 0.000000 1.75027152803718e-38
-52.944229 -7.330540 76.708319 -0.990554 -0.137122 0.000000 1.75027152803718e-38
-52.687948 -7.852354 76.847581 -0.986793 -0.161983 0.000000 1.75027152803718e-38
-52.195649 -9.864751 77.099915 -0.982409 -0.186742 0.000000 1.75027152803718e-38
-52.155896 -10.874673 77.056146 -0.977403 -0.211383 0.000000 1.75027152803718e-38
-52.099603 -12.585162 76.871432 -0.971780 -0.235890 0.000000 1.75027152803718e-38
-51.446952 -13.696330 77.113494 -0.965542 -0.260247 0.000000 1.75027152803718e-38
-50.862071 -15.034896 76.948768 -0.958694 -0.284441 0.000000 1.75027152803718e-38
-51.265740 -16.181086 77.069583 -0.951239 -0.308454 0.000000 1.75027152803718e-38
-50.487113 -17.597784 77.117458 -0.943183 -0.332273 0.000000 1.75027152803718e-38
-49.379886 -18.785194 77.019557 -0.934531 -0.355881 0.000000 1.75027152803718e-38
-48.955363 -20.274600 77.046678 -0.925288 -0.379265 0.000000 1.75027152803718e-38
-48.902734 -21.081142 76.440164 -0.915460 -0.402408 0.000000 1.75027152803718e-38
-47.917584 -22.626973 77.212693 -0.905054 -0.425297 0.000000 1.75027152803718e-38
-47.812525 -23.809037 76.941266 -0.894075 -0.447918 0.000000 1.75027152803718e-38
-46.833873 -25.338977 77.113941 -0.882531 -0.470255 0.000000 1.75027152803718e-38
-46.873791 -26.397917 76.454258 -0.870429 -0.492295 0.000000 1.75027152803718e-38
-45.398258 -27.233819 77.059889 -0.857776 -0.514023 0.000000 1.75027152803718e-38
-44.502609 -28.587640 77.105953 -0.844581 -0.535427 0.000000 1.75027152803718e-38
-44.194186 -29.639714 77.315065 -0.830853 -0.556492 0.000000 1.75027152803718e-38
-42.830904 -30.845547 77.173193 -0.816599 -0.577206 0.000000 1.75027152803718e-38
-42.573734 -31.699618 76.997230 -0.801829 -0.597554 0.000000 1.75027152803718e-38
-41.956417 -33.937186 77.383520 -0.786552 -0.617525 0.000000 1.75027152803718e-38
-41.225476 -33.976124 76.856989 -0.770777 -0.637105 0.000000 1.75027152803718e-38
-40.386828 -34.852116 76.909783 -0.754515 -0.656282 0.000000 1.75027152803718e-38
-39.475895 -35.877848 76.913163 -0.737777 -0.675045 0.000000 1.75027152803718e-38
-38.067007 -37.300493 76.681460 -0.720572 -0.693381 0.000000 1.75027152803718e-38
-37.187952 -38.042714 76.652056 -0.702911 -0.711278 0.000000 1.75027152803718e-38
-36.619163 -38.809567 76.893923 -0.684806 -0.728726 0.000000 1.75027152803718e-38
-35.518558 -39.991808 77.155025 -0.666268 -0.745713 0.000000 1.75027152803718e-38
-34.048784 -41.135244 76.457015 -0.647309 -0.762228 0.000000 1.75027152803718e-38
-33.115094 -40.944410 76.284323 -0.627940 -0.778262 0.000000 1.75027152803718e-38
-32.119495 -41.751034 76.664353 -0.608175 -0.793803 0.000000 1.75027152803718e-38
-30.817940 -43.096140 77.017468 -0.588025 -0.808843 0.000000 1.75027152803718e-38
-30.415542 -43.515564 77.173413 -0.567503 -0.823371 0.000000 1.75027152803718e-38
-28.571197 -44.129120 76.920332 -0.546622 -0.837379 0.000000 1.75027152803718e-38
-27.026544 -44.873322 77.085232 -0.525396 -0.850858 0.000000 1.75027152803718e-38
-27.110976 -46.426201 76.489569 -0.503838 -0.863798 0.000000 1.75027152803718e-38
-25.927750 -46.213571 77.069204 -0.481961 -0.876193 0.000000 1.75027152803718e-38
-24.651268 -47.297615 76.845753 -0.459780 -0.888033 0.000000 1.75027152803718e-38
-23.031379 -48.120709 77.027983 -0.437307 -0.899312 0.000000 1.75027152803718e-38
-21.970793 -48.681690 77.399479 -0.414559 -0.910023 0.000000 1.75027152803718e-38
-20.924968 -49.264198 77.178941 -0.391548 -0.920158 0.000000 1.75027152803718e-38
-19.582253 -49.352230 76.567673 -0.368290 -0.929711 0.000000 1.75027152803718e-38
-18.104790 -49.300137 76.544227 -0.344798 -0.938677 0.000000 1.75027152803718e-38
-16.980566 -50.632985 77.729959 -0.321089 -0.947049 0.000000 1.75027152803718e-38
-15.442451 -50.726425 76.554717 -0.297177 -0.954822 0.000000 1.75027152803718e-38
-14.827670 -50.968716 76.514329 -0.273077 -0.961992 0.000000 1.75027152803718e-38
-13.639514 -51.539125 76.963102 -0.248804 -0.968554 0.000000 1.75027152803718e-38
-11.826125 -51.990223 77.199121 -0.224375 -0.974503 0.000000 1.75027152803718e-38
-10.891086 -51.954177 76.987313 -0.199803 -0.979836 0.000000 1.75027152803718e-38
-9.138031 -52.038411 76.786477 -0.175105 -0.984550 0.000000 1.75027152803718e-38
-8.196342 -53.117245 76.317376 -0.150296 -0.988641 0.000000 1.75027152803718e-38
-6.725548 -52.827439 76.597252 -0.125392 -0.992107 0.000000 1.75027152803718e-38
-5.604604 -52.489223 77.185829 -0.100409 -0.994946 0.000000 1.75027152803718e-38
-4.388896 -53.196567 77.044878 -0.075362 -0.997156 0.000000 1.75027152803718e-38
-2.862954 -53.390526 76.821603 -0.050268 -0.998736 0.000000 1.75027152803718e-38
-1.010734 -52.843952 76.702443 -0.025142 -0.999684 0.000000 1.75027152803718e-38
0.138165 -53.217118 76.620606 -0.000000 -1.000000 0.000000 1.75027152803718e-38
-53.634587 -5.063891 80.348917 -0.996195 -0.087156 0.000000 1.75027152803718e-38
-52.945017 -6.152548 79.805276 -0.993689 -0.112174 0.000000 1.75027152803718e-38
-52.925906 -7.005475 79.665677 -0.990554 -0.137122 0.000000 1.75027152803718e-38
-53.084564 -8.724285 79.768767 -0.986793 -0.161983 0.000000 1.75027152803718e-38
-52.688689 -10.247366 79.837922 -0.982409 -0.186742 0.000000 1.75027152803718e-38
-52.565835 -11.808535 79.383064 -0.977403 -0.211383 0.000000 1.75027152803718e-38
-51.957686 -12.901163 80.640459 -0.971780 -0.235890 0.000000 1.75027152803718e-38
-51.306329 -14.140244 80.701716 -0.965542 -0.260247 0.000000 1.75027152803718e-38
-51.248509 -15.482286 79.225448 -0.958694 -0.284441 0.000000 1.75027152803718e-38
-50.922659 -16.570028 80.129408 -0.951239 -0.308454 0.000000 1.75027152803718e-38
-50.764756 -18.202817 79.871892 -0.943183 -0.332273 0.000000 1.75027152803718e-38
-50.019062 -19.234924 79.891875 -0.934531 -0.355881 0.000000 1.75027152803718e-38
-50.190061 -20.358110 79.666420 -0.925288 -0.379265 0.000000 1.75027152803718e-38
-48.930435 -21.849671 79.911289 -0.915460 -0.402408 0.000000 1.75027152803718e-38
-47.997438 -22.951709 79.867828 -0.905054 -0.425297 0.000000 1.75027152803718e-38
-47.880831 -24.611159 80.375243 -0.894075 -0.447918 0.000000 1.75027152803718e-38
-47.137838 -25.118868 78.986871 -0.882531 -0.470255 0.000000 1.75027152803718e-38
-46.863356 -26.842706 80.337232 -0.870429 -0.492295 0.000000 1.75027152803718e-38
-45.789699 -27.512358 79.639067 -0.857776 -0.514023 0.000000 1.75027152803718e-38
-44.947964 -28.857885 80.541611 -0.844581 -0.535427 0.000000 1.75027152803718e-38
-44.578722 -29.759416 79.861909 -0.830853 -0.556492 0.000000 1.75027152803718e-38
-43.470103 -30.842270 80.432868 -0.816599 -0.577206 0.000000 1.75027152803718e-38
-43.045029 -32.132639 80.178539 -0.801829 -0.597554 0.000000 1.75027152803718e-38
-41.844384 -32.886928 80.041467 -0.786552 -0.617525 0.000000 1.75027152803718e-38
-41.986438 -34.001269 79.568389 -0.770777 -0.637105 0.000000 1.75027152803718e-38
-40.544705 -35.309901 79.574669 -0.754515 -0.656282 0.000000 1.75027152803718e-38
-39.543750 -35.637361 79.906218 -0.737777 -0.675045 0.000000 1.75027152803718e-38
-38.500961 -36.562496 80.258784 -0.720572 -0.693381 0.000000 1.75027152803718e-38
-37.974915 -38.160082 80.144234 -0.702911 -0.711278 0.000000 1.75027152803718e-38
-36.378170 -38.804785 79.169035 -0.684806 -0.728726 0.000000 1.75027152803718e-38
-36.068755 -40.103058 79.695414 -0.666268 -0.745713 0.000000 1.75027152803718e-38
-35.902861 -41.187445 79.998917 -0.647309 -0.762228 0.000000 1.75027152803718e-38
-33.909362 -42.130651 80.012439 -0.627940 -0.778262 0.000000 1.75027152803718e-38
-32.586455 -42.807508 80.411523 -0.608175 -0.793803 0.000000 1.75027152803718e-38
-31.589005 -43.736770 79.662639 -0.588025 -0.808843 0.000000 1.75027152803718e-38
-30.567166 -43.922190 79.752893 -0.567503 -0.823371 0.000000 1.75027152803718e-38
-29.202183 -44.980771 80.597970 -0.546622 -0.837379 0.000000 1.75027152803718e-38
-28.122967 -45.943071 80.220911 -0.525396 -0.850858 0.000000 1.75027152803718e-38
-26.850278 -46.548259 79.650801 -0.503838 -0.863798 0.000000 1.75027152803718e-38
-25.744595 -47.076300 79.545035 -0.481961 -0.876193 0.000000 1.75027152803718e-38
-24.636793 -47.922877 79.545319 -0.459780 -0.888033 0.000000 1.75027152803718e-38
-23.610903 -47.953151 80.362418 -0.437307 -0.899312 0.000000 1.75027152803718e-38
-21.998502 -48.832945 80.178739 -0.414559 -0.910023 0.000000 1.75027152803718e-38
-21.016105 -49.789993 79.728349 -0.391548 -0.920158 0.000000 1.75027152803718e-38
-19.977719 -49.551566 80.323007 -0.368290 -0.929711 0.000000 1.75027152803718e-38
-18.856879 -50.437858 79.879218 -0.344798 -0.938677 0.000000 1.75027152803718e-38
-17.305080 -51.064693 80.421707 -0.321089 -0.947049 0.000000 1.75027152803718e-38
-15.978944 -51.256855 80.067277 -0.297177 -0.954822 0.000000 1.75027152803718e-38
-14.986228 -51.674511 80.318695 -0.273077 -0.961992 0.000000 1.75027152803718e-38
-12.931434 -52.404107 79.544420 -0.248804 -0.968554 0.000000 1.75027152803718e-38
-12.041491 -52.046779 80.107879 -0.224375 -0.974503 0.000000 1.75027152803718e-38
-10.535308 -53.074267 79.828404 -0.199803 -0.979836 0.000000 1.75027152803718e-38
-10.070706 -52.962300 79.350734 -0.175105 -0.984550 0.000000 1.75027152803718e-38
-7.678600 -52.673011 80.042193 -0.150296 -0.988641 0.000000 1.75027152803718e-38
-7.193588 -53.213053 80.557740 -0.125392 -0.992107 0.000000 1.75027152803718e-38
-5.254253 -53.122867 79.854450 -0.100409 -0.994946 0.000000 1.75027152803718e-38
-4.312081 -53.618406 79.421988 -0.075362 -0.997156 0.000000 1.75027152803718e-38
-2.022676 -53.640152 80.260032 -0.050268 -0.998736 0.000000 1.75027152803718e-38
-1.489831 -54.195935 80.427744 -0.025142 -0.999684 0.000000 1.75027152803718e-38
-0.337230 -53.645348 80.132925 -0.000000 -1.000000 0.000000 1.75027152803718e-38
-54.031823 -4.964488 83.032033 -0.996195 -0.087156 0.000000 1.75027152803718e-38
-54.203037 -5.843886 83.248387 -0.993689 -0.112174 0.000000 1.75027152803718e-38
-53.754369 -7.610824 83.709118 -0.990554 -0.137122 0.000000 1.75027152803718e-38
-53.934513 -9.252677 83.052321 -0.986793 -0.161983 0.000000 1.75027152803718e-38
-53.383403 -9.803437 83.270758 -0.982409 -0.186742 0.000000 1.75027152803718e-38
-53.025525 -11.319622 83.221573 -0.977403 -0.211383 0.000000 1.75027152803718e-38
-52.098180 -12.723476 82.872600 -0.971780 -0.235890 0.000000 1.75027152803718e-38
-52.331225 -14.906757 83.067129 -0.965542 -0.260247 0.000000 1.75027152803718e-38
-51.691286 -15.253239 83.166490 -0.958694 -0.284441 0.000000 1.75027152803718e-38
-51.419928 -16.405901 83.504493 -0.951239 -0.308454 0.000000 1.75027152803718e-38
-51.043350 -18.124114 82.382866 -0.943183 -0.332273 0.000000 1.75027152803718e-38
-50.414666 -19.155723 83.122721 -0.934531 -0.355881 0.000000 1.75027152803718e-38
-50.413006 -20.289534 82.999752 -0.925288 -0.379265 0.000000 1.75027152803718e-38
-49.683649 -21.851661 83.211879 -0.915460 -0.402408 0.000000 1.75027152803718e-38
-49.453240 -22.908080 82.860657 -0.905054 -0.425297 0.000000 1.75027152803718e-38
-48.718671 -24.038665 82.778415 -0.894075 -0.447918 0.000000 1.75027152803718e-38
-47.621507 -25.485852 82.582440 -0.882531 -0.470255 0.000000 1.75027152803718e-38
-46.820531 -26.619080 83.195161 -0.870429 -0.492295 0.000000 1.75027152803718e-38
-46.241177 -27.441396 83.137231 -0.857776 -0.514023 0.000000 1.75027152803718e-38
-45.642213 -28.941179 82.974063 -0.844581 -0.535427 0.000000 1.75027152803718e-38
-45.557507 -30.131063 83.490604 -0.830853 -0.556492 0.000000 1.75027152803718e-38
-44.134051 -31.639682 83.406180 -0.816599 -0.577206 0.000000 1.75027152803718e-38
-43.600454 -33.051177 83.382294 -0.801829 -0.597554 0.000000 1.75027152803718e-38
-42.962284 -32.972967 83.421255 -0.786552 -0.617525 0.000000 1.75027152803718e-38
-41.891083 -34.431810 83.804099 -0.770777 -0.637105 0.000000 1.75027152803718e-38
-40.640374 -35.538734 83.943669 -0.754515 -0.656282 0.000000 1.75027152803718e-38
-39.996851 -36.453713 82.796059 -0.737777 -0.675045 0.000000 1.75027152803718e-38
-39.600982 -37.709504 83.088446 -0.720572 -0.693381 0.000000 1.75027152803718e-38
-38.041509 -39.020215 83.275125 -0.702911 -0.711278 0.000000 1.75027152803718e-38
-37.407013 -39.358384 83.357401 -0.684806 -0.728726 0.000000 1.75027152803718e-38
-36.270667 -40.751871 83.540018 -0.666268 -0.745713 0.000000 1.75027152803718e-38
-34.861402 -41.313273 83.517451 -0.647309 -0.762228 0.000000 1.75027152803718e-38
-34.047353 -42.415011 82.776412 -0.627940 -0.778262 0.000000 1.75027152803718e-38
-33.032186 -42.840638 83.493851 -0.608175 -0.793803 0.000000 1.75027152803718e-38
-31.899444 -43.524281 83.012642 -0.588025 -0.808843 0.000000 1.75027152803718e-38
-31.027457 -45.068430 82.925051 -0.567503 -0.823371 0.000000 1.75027152803718e-38
-30.040587 -44.833754 83.208712 -0.546622 -0.837379 0.000000 1.75027152803718e-38
-28.536934 -45.651354 82.686243 -0.525396 -0.850858 0.000000 1.75027152803718e-38
-27.379630 -46.270210 83.033711 -0.503838 -0.863798 0.000000 1.75027152803718e-38
-25.417396 -47.306957 83.468701 -0.481961 -0.876193 0.000000 1.75027152803718e-38
-24.547392 -48.184627 82.930460 -0.459780 -0.888033 0.000000 1.75027152803718e-38
-23.763140 -49.093193 83.057134 -0.437307 -0.899312 0.000000 1.75027152803718e-38
-22.495475 -48.871498 83.254906 -0.414559 -0.910023 0.000000 1.75027152803718e-38
-20.536793 -50.576069 82.711810 -0.391548 -0.920158 0.000000 1.75027152803718e-38
-20.090175 -49.998829 83.044050 -0.368290 -0.929711 0.000000 1.75027152803718e-38
-19.149278 -51.006594 82.717644 -0.344798 -0.938677 0.000000 1.75027152803718e-38
-17.840549 -50.787686 82.971440 -0.321089 -0.947049 0.000000 1.75027152803718e-38
-16.073031 -51.837012 83.001474 -0.297177 -0.954822 0.000000 1.75027152803718e-38
-15.069497 -52.291351 83.178094 -0.273077 -0.961992 0.000000 1.75027152803718e-38
-13.074662 -52.269965 82.711203 -0.248804 -0.968554 0.000000 1.75027152803718e-38
-11.878112 -52.734374 82.889507 -0.224375 -0.974503 0.000000 1.75027152803718e-38
-10.786764 -52.994699 83.091039 -0.199803 -0.979836 0.000000 1.75027152803718e-38
-9.357188 -53.681037 83.674773 -0.175105 -0.984550 0.000000 1.75027152803718e-38
-8.733907 -53.470790 83.186952 -0.150296 -0.988641 0.000000 1.75027152803718e-38
-6.610944 -54.044734 83.427682 -0.125392 -0.992107 0.000000 1.75027152803718e-38
-5.480625 -54.342132 82.748480 -0.100409 -0.994946 0.000000 1.75027152803718e-38
-4.051778 -54.585137 83.617075 -0.075362 -0.997156 0.000000 1.75027152803718e-38
-2.412887 -53.643834 83.593350 -0.050268 -0.998736 0.000000 1.75027152803718e-38
-1.469785 -54.504132 82.273591 -0.025142 -0.999684 0.000000 1.75027152803718e-38
-0.121870 -53.730790 82.828568 -0.000000 -1.000000 0.000000 1.75027152803718e-38
-54.598002 -4.937568 86.266345 -0.996195 -0.087156 0.000000 1.75027152803718e-38
-54.012004 -6.602567 85.749513 -0.993689 -0.112174 0.000000 1.75027152803718e-38
-53.780256 -7.286609 86.076032 -0.990554 -0.137122 0.000000 1.75027152803718e-38
-53.508247 -9.277017 86.433210 -0.986793 -0.161983 0.000000 1.75027152803718e-38
-53.800821 -10.040918 85.437701 -0.982409 -0.186742 0.000000 1.75027152803718e-38
-53.584537 -11.350752 86.134847 -0.977403 -0.211383 0.000000 1.75027152803718e-38
-52.821886 -12.546843 85.866277 -0.971780 -0.235890 0.000000 1.75027152803718e-38
-52.609794 -14.544614 86.170051 -0.965542 -0.260247 0.000000 1.75027152803718e-38
-52.285252 -15.821823 86.389924 -0.958694 -0.284441 0.000000 1.75027152803718e-38
-52.225617 -17.060026 86.365841 -0.951239 -0.308454 0.000000 1.75027152803718e-38
-51.883799 -18.455770 86.466193 -0.943183 -0.332273 0.000000 1.75027152803718e-38
-51.126794 -19.918359 86.410539 -0.934531 -0.355881 0.000000 1.75027152803718e-38
-50.775351 -21.183113 85.401652 -0.925288 -0.379265 0.000000 1.75027152803718e-38
-49.844333 -22.287145 85.780693 -0.915460 -0.402408 0.000000 1.75027152803718e-38
-49.353839 -23.040465 85.917715 -0.905054 -0.425297 0.000000 1.75027152803718e-38
-48.670846 -23.904048 86.557845 -0.894075 -0.447918 0.000000 1.75027152803718e-38
-47.955356 -25.649088 86.020731 -0.882531 -0.470255 0.000000 1.75027152803718e-38
-47.666931 -26.817640 85.776593 -0.870429 -0.492295 0.000000 1.75027152803718e-38
-47.188345 -28.567686 86.224402 -0.857776 -0.514023 0.000000 1.75027152803718e-38
-46.210293 -29.506881 86.399996 -0.844581 -0.535427 0.000000 1.75027152803718e-38
-45.797037 -30.671195 86.388004 -0.830853 -0.556492 0.000000 1.75027152803718e-38
-44.424705 -31.836880 86.223459 -0.816599 -0.577206 0.000000 1.75027152803718e-38
-44.128422 -32.771303 86.196997 -0.801829 -0.597554 0.000000 1.75027152803718e-38
-42.890350 -33.710092 86.235795 -0.786552 -0.617525 0.000000 1.75027152803718e-38
-42.518466 -34.760764 86.319166 -0.770777 -0.637105 0.000000 1.75027152803718e-38
-41.098017 -36.142939 86.428522 -0.754515 -0.656282 0.000000 1.75027152803718e-38
-40.783535 -37.083451 86.071190 -0.737777 -0.675045 0.000000 1.75027152803718e-38
-39.825220 -38.045179 86.220290 -0.720572 -0.693381 0.000000 1.75027152803718e-38
-39.027424 -39.056134 85.629326 -0.702911 -0.711278 0.000000 1.75027152803718e-38
-36.876097 -39.829125 86.191595 -0.684806 -0.728726 0.000000 1.75027152803718e-38
-36.404103 -40.641440 86.447293 -0.666268 -0.745713 0.000000 1.75027152803718e-38
-35.904898 -41.333858 86.527594 -0.647309 -0.762228 0.000000 1.75027152803718e-38
-34.395439 -42.640265 85.223018 -0.627940 -0.778262 0.000000 1.75027152803718e-38
-33.666703 -43.299791 86.514031 -0.608175 -0.793803 0.000000 1.75027152803718e-38
-31.971777 -44.301487 86.731608 -0.588025 -0.808843 0.000000 1.75027152803718e-38
-30.765446 -45.192252 86.808479 -0.567503 -0.823371 0.000000 1.75027152803718e-38
-30.252779 -46.282492 86.027515 -0.546622 -0.837379 0.000000 1.75027152803718e-38
-28.989532 -46.688274 86.393273 -0.525396 -0.850858 0.000000 1.75027152803718e-38
-27.591961 -47.289690 86.171491 -0.503838 -0.863798 0.000000 1.75027152803718e-38
-27.077855 -48.420290 86.038253 -0.481961 -0.876193 0.000000 1.75027152803718e-38
-25.422745 -48.683435 86.575085 -0.459780 -0.888033 0.000000 1.75027152803718e-38
-23.961998 -49.628000 85.915916 -0.437307 -0.899312 0.000000 1.75027152803718e-38
-22.181152 -49.357929 86.332609 -0.414559 -0.910023 0.000000 1.75027152803718e-38
-21.903384 -50.280467 86.268955 -0.391548 -0.920158 0.000000 1.75027152803718e-38
-20.153739 -51.066496 86.045057 -0.368290 -0.929711 0.000000 1.75027152803718e-38
-19.067332 -51.729823 86.563643 -0.344798 -0.938677 0.000000 1.75027152803718e-38
-17.312806 -51.930100 86.259500 -0.321089 -0.947049 0.000000 1.75027152803718e-38
-16.151560 -51.567300 86.415617 -0.297177 -0.954822 0.000000 1.75027152803718e-38
-14.698725 -52.651269 86.023519 -0.273077 -0.961992 0.000000 1.75027152803718e-38
-13.205576 -52.826185 85.904984 -0.248804 -0.968554 0.000000 1.75027152803718e-38
-12.146852 -53.096333 85.525097 -0.224375 -0.974503 0.000000 1.75027152803718e-38
-11.214585 -53.530674 85.576508 -0.199803 -0.979836 0.000000 1.75027152803718e-38
-10.115651 -53.978685 86.301309 -0.175105 -0.984550 0.000000 1.75027152803718e-38
-8.066358 -53.646795 86.178525 -0.150296 -0.988641 0.000000 1.75027152803718e-38
-6.976169 -54.703475 86.038458 -0.125392 -0.992107 0.000000 1.75027152803718e-38
-5.284455 -54.240865 86.233232 -0.100409 -0.994946 0.000000 1.75027152803718e-38
-3.961444 -54.204748 86.176428 -0.075362 -0.997156 0.000000 1.75027152803718e-38
-2.341640 -54.892126 86.131859 -0.050268 -0.998736 0.000000 1.75027152803718e-38
-1.520603 -54.488224 85.849501 -0.025142 -0.999684 0.000000 1.75027152803718e-38
-0.096530 -55.301243 86.332159 -0.000000 -1.000000 0.000000 1.75027152803718e-38
-54.611360 -4.537387 89.474558 -0.996195 -0.087156 0.000000 1.75027152803718e-38
-54.595248 -5.981609 89.415088 -0.993689 -0.112174 0.000000 1.75027152803718e-38
-54.470390 -7.765225 89.170711 -0.990554 -0.137122 0.000000 1.75027152803718e-38
-54.445421 -9.041451 88.760876 -0.986793 -0.161983 0.000000 1.75027152803718e-38
-54.594992 -10.238313 89.502502 -0.982409 -0.186742 0.000000 1.75027152803718e-38
-53.945400 -10.837909 88.954841 -0.977403 -0.211383 0.000000 1.75027152803718e-38
-53.504327 -12.632668 89.550472 -0.971780 -0.235890 0.000000 1.75027152803718e-38
-53.096986 -14.043395 89.247388 -0.965542 -0.260247 0.000000 1.75027152803718e-38
-52.416644 -15.314884 88.975101 -0.958694 -0.284441 0.000000 1.75027152803718e-38
-52.407587 -17.489455 89.687306 -0.951239 -0.308454 0.000000 1.75027152803718e-38
-51.992144 -17.935306 89.197962 -0.943183 -0.332273 0.000000 1.75027152803718e-38
-52.138735 -18.851804 89.270096 -0.934531 -0.355881 0.000000 1.75027152803718e-38
-51.371749 -20.589943 89.841526 -0.925288 -0.379265 0.000000 1.75027152803718e-38
-50.589961 -22.240868 89.302183 -0.915460 -0.402408 0.000000 1.75027152803718e-38
-50.288118 -23.681676 89.765347 -0.905054 -0.425297 0.000000 1.75027152803718e-38
-49.388505 -24.974283 89.095157 -0.894075 -0.447918 0.000000 1.75027152803718e-38
-48.389812 -26.548695 89.307164 -0.882531 -0.470255 0.000000 1.75027152803718e-38
-47.305013 -26.563107 89.402730 -0.870429 -0.492295 0.000000 1.75027152803718e-38
-46.950392 -27.979699 89.193014 -0.857776 -0.514023 0.000000 1.75027152803718e-38
-46.339600 -29.016556 88.851641 -0.844581 -0.535427 0.000000 1.75027152803718e-38
-45.686284 -30.607388 89.261719 -0.830853 -0.556492 0.000000 1.75027152803718e-38
-45.068138 -31.789611 89.325441 -0.816599 -0.577206 0.000000 1.75027152803718e-38
-43.921696 -32.839297 89.177406 -0.801829 -0.597554 0.000000 1.75027152803718e-38
-43.666030 -34.226271 89.309119 -0.786552 -0.617525 0.000000 1.75027152803718e-38
-42.755200 -34.881514 89.359786 -0.770777 -0.637105 0.000000 1.75027152803718e-38
-41.302750 -36.415429 88.981449 -0.754515 -0.656282 0.000000 1.75027152803718e-38
-40.381091 -37.220402 89.170014 -0.737777 -0.675045 0.000000 1.75027152803718e-38
-39.562664 -38.073003 88.854040 -0.720572 -0.693381 0.000000 1.75027152803718e-38
-38.382079 -39.382413 89.740775 -0.702911 -0.711278 0.000000 1.75027152803718e-38
-38.198219 -40.127104 89.175083 -0.684806 -0.728726 0.000000 1.75027152803718e-38
-37.367510 -40.962465 88.653588 -0.666268 -0.745713 0.000000 1.75027152803718e-38
-35.815975 -41.740226 89.071758 -0.647309 -0.762228 0.000000 1.75027152803718e-38
-34.930542 -42.716386 89.155914 -0.627940 -0.778262 0.000000 1.75027152803718e-38
-33.689975 -43.431821 88.880586 -0.608175 -0.793803 0.000000 1.75027152803718e-38
-32.594152 -44.384510 88.861185 -0.588025 -0.808843 0.000000 1.75027152803718e-38
-30.790958 -45.511399 89.493127 -0.567503 -0.823371 0.000000 1.75027152803718e-38
-29.909322 -46.265199 89.087066 -0.546622 -0.837379 0.000000 1.75027152803718e-38
-29.012357 -46.749656 88.934842 -0.525396 -0.850858 0.000000 1.75027152803718e-38
-28.170526 -47.232457 89.010313 -0.503838 -0.863798 0.000000 1.75027152803718e-38
-26.495823 -48.422493 89.183410 -0.481961 -0.876193 0.000000 1.75027152803718e-38
-24.948613 -49.040922 89.123721 -0.459780 -0.888033 0.000000 1.75027152803718e-38
-24.218281 -49.788960 89.029742 -0.437307 -0.899312 0.000000 1.75027152803718e-38
-23.031578 -49.730128 89.444216 -0.414559 -0.910023 0.000000 1.75027152803718e-38
-21.715214 -50.494008 88.754611 -0.391548 -0.920158 0.000000 1.75027152803718e-38
-19.915199 -50.927261 89.901669 -0.368290 -0.929711 0.000000 1.75027152803718e-38
-18.727833 -51.679499 89.618111 -0.344798 -0.938677 0.000000 1.75027152803718e-38
-17.910405 -52.391400 89.211496 -0.321089 -0.947049 0.000000 1.75027152803718e-38
-15.992158 -52.958597 88.942151 -0.297177 -0.954822 0.000000 1.75027152803718e-38
-15.001650 -52.882313 89.019845 -0.273077 -0.961992 0.000000 1.75027152803718e-38
-13.531746 -53.049222 89.590908 -0.248804 -0.968554 0.000000 1.75027152803718e-38
-12.278462 -53.815293 89.751456 -0.224375 -0.974503 0.000000 1.75027152803718e-38
-11.023577 -53.800373 89.818254 -0.199803 -0.979836 0.000000 1.75027152803718e-38
-9.414394 -54.641781 88.859062 -0.175105 -0.984550 0.000000 1.75027152803718e-38
-8.384929 -54.355622 89.364205 -0.150296 -0.988641 0.000000 1.75027152803718e-38
-6.258937 -54.629274 89.132537 -0.125392 -0.992107 0.000000 1.75027152803718e-38
-5.882110 -54.562358 89.228951 -0.100409 -0.994946 0.000000 1.75027152803718e-38
-4.611491 -55.031791 88.932048 -0.075362 -0.997156 0.000000 1.75027152803718e-38
-2.902253 -55.123795 88.959216 -0.050268 -0.998736 0.000000 1.75027152803718e-38
-1.534007 -55.401221 89.015582 -0.025142 -0.999684 0.000000 1.75027152803718e-38
-0.302406 -55.340262 88.962360 -0.000000 -1.000000 0.000000 1.75027152803718e-38
-55.226228 -4.786825 92.666107 -0.996195 -0.087156 0.000000 1.75027152803718e-38
-54.696815 -6.035253 92.442568 -0.993689 -0.112174 0.000000 1.75027152803718e-38
-54.866409 -7.485916 92.322752 -0.990554 -0.137122 0.000000 1.75027152803718e-38
-54.888164 -9.315014 92.559368 -0.986793 -0.161983 0.000000 1.75027152803718e-38
-54.644916 -9.950582 92.582233 -0.982409 -0.186742 0.000000 1.75027152803718e-38
-54.544932 -11.381790 91.539470 -0.977403 -0.211383 0.000000 1.75027152803718e-38
-53.465333 -13.520258 92.456226 -0.971780 -0.235890 0.000000 1.75027152803718e-38
-53.569262 -14.136243 92.209083 -0.965542 -0.260247 0.000000 1.75027152803718e-38
-53.960280 -15.917027 92.241944 -0.958694 -0.284441 0.000000 1.75027152803718e-38
-53.516812 -17.140711 91.984937 -0.951239 -0.308454 0.000000 1.75027152803718e-38
-52.259313 -18.552784 92.896021 -0.943183 -0.332273 0.000000 1.75027152803718e-38
-52.049715 -19.662797 92.243771 -0.934531 -0.355881 0.000000 1.75027152803718e-38
-51.945806 -21.153769 92.533716 -0.925288 -0.379265 0.000000 1.75027152803718e-38
-50.731659 -22.467442 91.870665 -0.915460 -0.402408 0.000000 1.75027152803718e-38
-50.140162 -23.526574 92.560716 -0.905054 -0.425297 0.000000 1.75027152803718e-38
-49.805155 -25.415736 92.467820 -0.894075 -0.447918 0.000000 1.75027152803718e-38
-49.083651 -25.735174 92.316312 -0.882531 -0.470255 0.000000 1.75027152803718e-38
-48.421504 -27.253224 92.128613 -0.870429 -0.492295 0.000000 1.75027152803718e-38
-47.897757 -28.616182 92.031570 -0.857776 -0.514023 0.000000 1.75027152803718e-38
-47.039138 -29.195284 92.620482 -0.844581 -0.535427 0.000000 1.75027152803718e-38
-46.114495 -30.483163 92.060223 -0.830853 -0.556492 0.000000 1.75027152803718e-38
-44.667059 -32.238764 92.908834 -0.816599 -0.577206 0.000000 1.75027152803718e-38
-43.992943 -33.758235 92.747820 -0.801829 -0.597554 0.000000 1.75027152803718e-38
-43.828318 -34.513300 92.465084 -0.786552 -0.617525 0.000000 1.75027152803718e-38
-43.168245 -35.281241 92.025454 -0.770777 -0.637105 0.000000 1.75027152803718e-38
-41.908372 -36.097762 92.423648 -0.754515 -0.656282 0.000000 1.75027152803718e-38
-41.138530 -37.379402 91.885748 -0.737777 -0.675045 0.000000 1.75027152803718e-38
-40.325406 -38.690627 92.543747 -0.720572 -0.693381 0.000000 1.75027152803718e-38
-38.969829 -39.396338 92.299478 -0.702911 -0.711278 0.000000 1.75027152803718e-38
-38.321106 -40.080786 92.098354 -0.684806 -0.728726 0.000000 1.75027152803718e-38
-36.927993 -41.505563 92.476590 -0.666268 -0.745713 0.000000 1.75027152803718e-38
-36.180953 -42.074621 92.721176 -0.647309 -0.762228 0.000000 1.75027152803718e-38
-34.624754 -43.234828 92.177155 -0.627940 -0.778262 0.000000 1.75027152803718e-38
-32.976282 -44.443931 92.572061 -0.608175 -0.793803 0.000000 1.75027152803718e-38
-32.602462 -45.001623 92.363241 -0.588025 -0.808843 0.000000 1.75027152803718e-38
-31.714069 -45.662725 92.402740 -0.567503 -0.823371 0.000000 1.75027152803718e-38
-29.596462 -46.248624 92.462457 -0.546622 -0.837379 0.000000 1.75027152803718e-38
-29.046624 -46.767597 92.016564 -0.525396 -0.850858 0.000000 1.75027152803718e-38
-28.075173 -48.611271 92.475324 -0.503838 -0.863798 0.000000 1.75027152803718e-38
-26.549248 -49.027109 92.738216 -0.481961 -0.876193 0.000000 1.75027152803718e-38
-25.785764 -49.489663 92.343562 -0.459780 -0.888033 0.000000 1.75027152803718e-38
-23.842076 -50.271652 92.395066 -0.437307 -0.899312 0.000000 1.75027152803718e-38
-22.822743 -50.439302 92.489313 -0.414559 -0.910023 0.000000 1.75027152803718e-38
-21.547028 -51.339913 92.814026 -0.391548 -0.920158 0.000000 1.75027152803718e-38
-20.515339 -51.777952 92.711980 -0.368290 -0.929711 0.000000 1.75027152803718e-38
-19.364731 -52.107326 92.090842 -0.344798 -0.938677 0.000000 1.75027152803718e-38
-17.101235 -51.976422 92.274620 -0.321089 -0.947049 0.000000 1.75027152803718e-38
-16.371203 -53.099769 92.203112 -0.297177 -0.954822 0.000000 1.75027152803718e-38
-15.150977 -53.512248 91.851492 -0.273077 -0.961992 0.000000 1.75027152803718e-38
-13.758064 -53.877671 92.401352 -0.248804 -0.968554 0.000000 1.75027152803718e-38
-12.501583 -54.303946 92.570165 -0.224375 -0.974503 0.000000 1.75027152803718e-38
-10.951855 -54.073627 92.456111 -0.199803 -0.979836 0.000000 1.75027152803718e-38
-9.797520 -54.569557 91.713508 -0.175105 -0.984550 0.000000 1.75027152803718e-38
-7.727420 -54.899803 92.963029 -0.150296 -0.988641 0.000000 1.75027152803718e-38
-7.234329 -55.510180 92.417442 -0.125392 -0.992107 0.000000 1.75027152803718e-38
-5.475358 -55.231300 92.363440 -0.100409 -0.994946 0.000000 1.75027152803718e-38
-4.379616 -55.901284 92.392637 -0.075362 -0.997156 0.000000 1.75027152803718e-38
-3.180371 -55.956624 92.193503 -0.050268 -0.998736 0.000000 1.75027152803718e-38
-1.269041 -54.999923 92.601470 -0.025142 -0.999684 0.000000 1.75027152803718e-38
0.429965 -55.417732 92.417748 -0.000000 -1.000000 0.000000 1.75027152803718e-38
-55.031003 -5.277214 95.260646 -0.996195 -0.087156 0.000000 1.75027152803718e-38
-55.742959 -6.013233 95.090982 -0.993689 -0.112174 0.000000 1.75027152803718e-38
-55.237863 -7.504377 95.628620 -0.990554 -0.137122 0.000000 1.75027152803718e-38
-55.017745 -8.608893 95.369853 -0.986793 -0.161983 0.000000 1.75027152803718e-38
-54.851750 -10.677736 95.095177 -0.982409 -0.186742 0.000000 1.75027152803718e-38
-54.201056 -12.080179 95.577009 -0.977403 -0.211383 0.000000 1.75027152803718e-38
-54.256298 -12.856338 94.887155 -0.971780 -0.235890 0.000000 1.75027152803718e-38
-53.798952 -14.590179 95.204643 -0.965542 -0.260247 0.000000 1.75027152803718e-38
-53.758081 -15.616463 95.603988 -0.958694 -0.284441 0.000000 1.75027152803718e-38
-53.303795 -17.613882 95.064052 -0.951239 -0.308454 0.000000 1.75027152803718e-38
-52.588417 -18.989207 95.349169 -0.943183 -0.332273 0.000000 1.75027152803718e-38
-51.525521 -19.789989 95.607290 -0.934531 -0.355881 0.000000 1.75027152803718e-38
-52.130587 -21.605421 95.623362 -0.925288 -0.379265 0.000000 1.75027152803718e-38
-51.346659 -22.181091 95.427555 -0.915460 -0.402408 0.000000 1.75027152803718e-38
-49.612313 -23.956575 95.501355 -0.905054 -0.425297 0.000000 1.75027152803718e-38
-50.302693 -24.741900 95.546769 -0.894075 -0.447918 0.000000 1.75027152803718e-38
-49.676383 -26.397498 95.826166 -0.882531 -0.470255 0.000000 1.75027152803718e-38
-48.334847 -27.960771 95.274824 -0.870429 -0.492295 0.000000 1.75027152803718e-38
-47.455459 -28.803318 95.469642 -0.857776 -0.514023 0.000000 1.75027152803718e-38
-46.954951 -30.351329 95.132706 -0.844581 -0.535427 0.000000 1.75027152803718e-38
-46.591394 -30.769854 95.720545 -0.830853 -0.556492 0.000000 1.75027152803718e-38
-45.480194 -32.332848 95.753486 -0.816599 -0.577206 0.000000 1.75027152803718e-38
-44.914848 -33.257136 95.688227 -0.801829 -0.597554 0.000000 1.75027152803718e-38
-43.504554 -34.565695 95.305832 -0.786552 -0.617525 0.000000 1.75027152803718e-38
-42.741777 -35.233652 95.251603 -0.770777 -0.637105 0.000000 1.75027152803718e-38
-42.551223 -36.353353 94.922097 -0.754515 -0.656282 0.000000 1.75027152803718e-38
-41.790256 -37.850175 95.415347 -0.737777 -0.675045 0.000000 1.75027152803718e-38
-40.666985 -38.759852 95.464556 -0.720572 -0.693381 0.000000 1.75027152803718e-38
-39.504190 -39.218550 95.513544 -0.702911 -0.711278 0.000000 1.75027152803718e-38
-38.007718 -41.242451 94.945163 -0.684806 -0.728726 0.000000 1.75027152803718e-38
-37.170193 -41.200330 95.081635 -0.666268 -0.745713 0.000000 1.75027152803718e-38
-36.203560 -43.052116 95.169029 -0.647309 -0.762228 0.000000 1.75027152803718e-38
-35.104084 -43.727187 94.992958 -0.627940 -0.778262 0.000000 1.75027152803718e-38
-34.453608 -45.015471 95.527591 -0.608175 -0.793803 0.000000 1.75027152803718e-38
-32.747643 -45.114066 95.111863 -0.588025 -0.808843 0.000000 1.75027152803718e-38
-31.476000 -45.893328 95.386804 -0.567503 -0.823371 0.000000 1.75027152803718e-38
-30.655611 -47.084476 95.442264 -0.546622 -0.837379 0.000000 1.75027152803718e-38
-28.934814 -47.303120 95.307752 -0.525396 -0.850858 0.000000 1.75027152803718e-38
-28.051228 -48.699521 95.603636 -0.503838 -0.863798 0.000000 1.75027152803718e-38
-27.237061 -48.856050 96.275337 -0.481961 -0.876193 0.000000 1.75027152803718e-38
-25.916735 -48.849301 95.531806 -0.459780 -0.888033 0.000000 1.75027152803718e-38
-24.712270 -50.596358 96.094102 -0.437307 -0.899312 0.000000 1.75027152803718e-38
-23.065655 -51.127308 95.323577 -0.414559 -0.910023 0.000000 1.75027152803718e-38
-21.795812 -51.527604 95.488385 -0.391548 -0.920158 0.000000 1.75027152803718e-38
-20.090594 -52.398329 95.578004 -0.368290 -0.929711 0.000000 1.75027152803718e-38
-19.329140 -52.711689 95.706268 -0.344798 -0.938677 0.000000 1.75027152803718e-38
-18.418086 -53.740712 95.451975 -0.321089 -0.947049 0.000000 1.75027152803718e-38
-16.682133 -53.871916 94.871450 -0.297177 -0.954822 0.000000 1.75027152803718e-38
-14.711989 -53.728635 95.390509 -0.273077 -0.961992 0.000000 1.75027152803718e-38
-13.273438 -53.928342 95.915398 -0.248804 -0.968554 0.000000 1.75027152803718e-38
-12.918023 -54.933312 95.569738 -0.224375 -0.974503 0.000000 1.75027152803718e-38
-11.063768 -54.491830 94.895379 -0.199803 -0.979836 0.000000 1.75027152803718e-38
-9.594047 -54.833895 95.665467 -0.175105 -0.984550 0.000000 1.75027152803718e-38
-8.537944 -55.204184 95.151918 -0.150296 -0.988641 0.000000 1.75027152803718e-38
-7.109308 -55.866743 95.157016 -0.125392 -0.992107 0.000000 1.75027152803718e-38
-5.694762 -55.860114 95.156978 -0.100409 -0.994946 0.000000 1.75027152803718e-38
-4.609848 -55.248253 95.234447 -0.075362 -0.997156 0.000000 1.75027152803718e-38
-2.715806 -56.452721 95.791910 -0.050268 -0.998736 0.000000 1.75027152803718e-38
-1.357694 -56.111282 95.254073 -0.025142 -0.999684 0.000000 1.75027152803718e-38
0.260823 -56.881749 95.137357 -0.000000 -1.000000 0.000000 1.75027152803718e-38
-56.160264 -4.949444 99.213132 -0.996195 -0.087156 0.000000 1.75027152803718e-38
-56.084622 -6.022720 99.005036 -0.993689 -0.112174 0.000000 1.75027152803718e-38
-55.605572 -7.927464 98.076192 -0.990554 -0.137122 0.000000 1.75027152803718e-38
-55.371259 -8.632459 98.625327 -0.986793 -0.161983 0.000000 1.75027152803718e-38
-54.977833 -9.743260 98.712751 -0.982409 -0.186742 0.000000 1.75027152803718e-38
-55.396047 -11.893752 98.872603 -0.977403 -0.211383 0.000000 1.75027152803718e-38
-54.823667 -12.838055 98.441457 -0.971780 -0.235890 0.000000 1.75027152803718e-38
-54.297292 -14.767284 98.509399 -0.965542 -0.260247 0.000000 1.75027152803718e-38
-53.948034 -16.507650 98.329060 -0.958694 -0.284441 0.000000 1.75027152803718e-38
-53.961756 -17.500114 98.222989 -0.951239 -0.308454 0.000000 1.75027152803718e-38
-52.834390 -18.412869 98.629627 -0.943183 -0.332273 0.000000 1.75027152803718e-38
-53.030780 -20.079402 98.057381 -0.934531 -0.355881 0.000000 1.75027152803718e-38
-52.173935 -21.173132 98.759170 -0.925288 -0.379265 0.000000 1.75027152803718e-38
-51.434199 -22.293704 98.539465 -0.915460 -0.402408 0.000000 1.75027152803718e-38
-51.059818 -23.698702 98.733481 -0.905054 -0.425297 0.000000 1.75027152803718e-38
-50.528462 -25.121512 98.373244 -0.894075 -0.447918 0.000000 1.75027152803718e-38
-50.323405 -26.361627 98.073182 -0.882531 -0.470255 0.000000 1.75027152803718e-38
-48.940540 -28.195953 98.245638 -0.870429 -0.492295 0.000000 1.75027152803718e-38
-48.456265 -28.599012 98.301484 -0.857776 -0.514023 0.000000 1.75027152803718e-38
-47.905302 -30.056084 98.396446 -0.844581 -0.535427 0.000000 1.75027152803718e-38
-46.572186 -31.655740 98.524795 -0.830853 -0.556492 0.000000 1.75027152803718e-38
-45.265433 -32.590926 98.517558 -0.816599 -0.577206 0.000000 1.75027152803718e-38
-45.672478 -33.921444 98.599455 -0.801829 -0.597554 0.000000 1.75027152803718e-38
-44.412439 -34.606343 98.589020 -0.786552 -0.617525 0.000000 1.75027152803718e-38
-43.820166 -35.589210 98.088733 -0.770777 -0.637105 0.000000 1.75027152803718e-38
-42.738068 -36.905392 98.931645 -0.754515 -0.656282 0.000000 1.75027152803718e-38
-41.866713 -37.986992 98.508345 -0.737777 -0.675045 0.000000 1.75027152803718e-38
-40.399023 -38.709104 98.340316 -0.720572 -0.693381 0.000000 1.75027152803718e-38
-39.297692 -39.673535 98.996726 -0.702911 -0.711278 0.000000 1.75027152803718e-38
-38.430648 -41.008385 98.319163 -0.684806 -0.728726 0.000000 1.75027152803718e-38
-37.974508 -42.096031 98.495240 -0.666268 -0.745713 0.000000 1.75027152803718e-38
-36.501515 -42.763796 98.025286 -0.647309 -0.762228 0.000000 1.75027152803718e-38
-35.432059 -43.247999 98.760218 -0.627940 -0.778262 0.000000 1.75027152803718e-38
-34.079043 -44.604822 98.351909 -0.608175 -0.793803 0.000000 1.75027152803718e-38
-33.654892 -45.432212 97.727010 -0.588025 -0.808843 0.000000 1.75027152803718e-38
-32.070165 -46.388962 98.327381 -0.567503 -0.823371 0.000000 1.75027152803718e-38
-30.144696 -46.629748 98.771382 -0.546622 -0.837379 0.000000 1.75027152803718e-38
-29.877852 -47.359986 98.647229 -0.525396 -0.850858 0.000000 1.75027152803718e-38
-28.668278 -48.655650 98.749111 -0.503838 -0.863798 0.000000 1.75027152803718e-38
-27.332831 -49.321593 98.556481 -0.481961 -0.876193 0.000000 1.75027152803718e-38
-26.233741 -50.111859 98.153900 -0.459780 -0.888033 0.000000 1.75027152803718e-38
-24.376824 -50.938696 98.549080 -0.437307 -0.899312 0.000000 1.75027152803718e-38
-23.772836 -51.609727 98.106974 -0.414559 -0.910023 0.000000 1.75027152803718e-38
-22.146260 -51.786584 98.570965 -0.391548 -0.920158 0.000000 1.75027152803718e-38
-21.280709 -52.429518 98.236367 -0.368290 -0.929711 0.000000 1.75027152803718e-38
-19.265319 -52.964331 98.437289 -0.344798 -0.938677 0.000000 1.75027152803718e-38
-18.313311 -52.838325 98.076465 -0.321089 -0.947049 0.000000 1.75027152803718e-38
-16.862562 -53.761386 98.386130 -0.297177 -0.954822 0.000000 1.75027152803718e-38
-15.614054 -54.741108 98.254086 -0.273077 -0.961992 0.000000 1.75027152803718e-38
-14.305193 -54.063509 99.140947 -0.248804 -0.968554 0.000000 1.75027152803718e-38
-12.656258 -55.323878 98.682952 -0.224375 -0.974503 0.000000 1.75027152803718e-38
-11.550994 -55.367667 98.272884 -0.199803 -0.979836 0.000000 1.75027152803718e-38
-10.015357 -55.574896 98.067488 -0.175105 -0.984550 0.000000 1.75027152803718e-38
-8.678107 -55.392993 98.451471 -0.150296 -0.988641 0.000000 1.75027152803718e-38
-7.026852 -56.563933 98.745874 -0.125392 -0.992107 0.000000 1.75027152803718e-38
-5.862580 -55.717013 98.507821 -0.100409 -0.994946 0.000000 1.75027152803718e-38
-4.414442 -56.682047 99.113992 -0.075362 -0.997156 0.000000 1.75027152803718e-38
-2.591068 -56.008778 99.007187 -0.050268 -0.998736 0.000000 1.75027152803718e-38
-1.349243 -55.915396 98.317966 -0.025142 -0.999684 0.000000 1.75027152803718e-38
0.221274 -56.527955 98.310381 -0.000000 -1.000000 0.000000 1.75027152803718e-38
-56.396284 -5.316801 101.637289 -0.996195 -0.087156 0.000000 1.75027152803718e-38
-56.377020 -6.949932 101.401163 -0.993689 -0.112174 0.000000 1.75027152803718e-38
-56.209414 -7.510878 101.624021 -0.990554 -0.137122 0.000000 1.75027152803718e-38
-55.458650 -9.018851 101.372273 -0.986793 -0.161983 0.000000 1.75027152803718e-38
-55.662057 -10.681653 101.684853 -0.982409 -0.186742 0.000000 1.75027152803718e-38
-55.343081 -12.161474 101.541042 -0.977403 -0.211383 0.000000 1.75027152803718e-38
-54.904151 -13.662931 101.633564 -0.971780 -0.235890 0.000000 1.75027152803718e-38
-55.162790 -14.408984 101.696616 -0.965542 -0.260247 0.000000 1.75027152803718e-38
-53.812504 -16.445966 101.878497 -0.958694 -0.284441 0.000000 1.75027152803718e-38
-53.598328 -17.525803 101.425469 -0.951239 -0.308454 0.000000 1.75027152803718e-38
-53.748317 -19.223977 101.313091 -0.943183 -0.332273 0.000000 1.75027152803718e-38
-53.309441 -19.678719 101.087846 -0.934531 -0.355881 0.000000 1.75027152803718e-38
-52.364511 -21.351182 101.645711 -0.925288 -0.379265 0.000000 1.75027152803718e-38
-51.718930 -22.508851 101.404685 -0.915460 -0.402408 0.000000 1.75027152803718e-38
-51.236806 -24.177307 101.929219 -0.905054 -0.425297 0.000000 1.75027152803718e-38
-50.011257 -25.728656 100.929131 -0.894075 -0.447918 0.000000 1.75027152803718e-38
-49.816606 -26.314561 102.125555 -0.882531 -0.470255 0.000000 1.75027152803718e-38
-49.080505 -27.465297 102.036480 -0.870429 -0.492295 0.000000 1.75027152803718e-38
-48.145796 -28.850413 101.153799 -0.857776 -0.514023 0.000000 1.75027152803718e-38
-47.840379 -30.237072 101.508519 -0.844581 -0.535427 0.000000 1.75027152803718e-38
-47.071699 -31.050065 101.311412 -0.830853 -0.556492 0.000000 1.75027152803718e-38
-46.013196 -32.598523 101.281202 -0.816599 -0.577206 0.000000 1.75027152803718e-38
-45.739295 -34.356402 101.684135 -0.801829 -0.597554 0.000000 1.75027152803718e-38
-44.569977 -35.224896 100.975630 -0.786552 -0.617525 0.000000 1.75027152803718e-38
-43.527715 -36.138322 101.324353 -0.770777 -0.637105 0.000000 1.75027152803718e-38
-43.025663 -37.244004 101.679460 -0.754515 -0.656282 0.000000 1.75027152803718e-38
-41.887350 -38.591715 101.521024 -0.737777 -0.675045 0.000000 1.75027152803718e-38
-40.500176 -39.261630 101.558989 -0.720572 -0.693381 0.000000 1.75027152803718e-38
-39.911222 -40.554333 101.261592 -0.702911 -0.711278 0.000000 1.75027152803718e-38
-39.286589 -40.921320 101.677198 -0.684806 -0.728726 0.000000 1.75027152803718e-38
-37.713275 -42.149171 101.640320 -0.666268 -0.745713 0.000000 1.75027152803718e-38
-36.884515 -43.270879 101.396199 -0.647309 -0.762228 0.000000 1.75027152803718e-38
-34.813674 -43.775400 101.588826 -0.627940 -0.778262 0.000000 1.75027152803718e-38
-34.037770 -44.589845 101.124304 -0.608175 -0.793803 0.000000 1.75027152803718e-38
-33.373108 -45.818514 101.721920 -0.588025 -0.808843 0.000000 1.75027152803718e-38
-32.211079 -46.666077 101.400057 -0.567503 -0.823371 0.000000 1.75027152803718e-38
-30.646507 -47.862937 101.410255 -0.546622 -0.837379 0.000000 1.75027152803718e-38
-30.312024 -48.502257 101.633615 -0.525396 -0.850858 0.000000 1.75027152803718e-38
-28.436994 -49.020285 101.875657 -0.503838 -0.863798 0.000000 1.75027152803718e-38
-26.892504 -49.649126 101.613591 -0.481961 -0.876193 0.000000 1.75027152803718e-38
-26.178099 -50.110946 101.180243 -0.459780 -0.888033 0.000000 1.75027152803718e-38
-24.230739 -50.595871 101.178784 -0.437307 -0.899312 0.000000 1.75027152803718e-38
-23.717689 -51.418143 101.436986 -0.414559 -0.910023 0.000000 1.75027152803718e-38
-22.014252 -52.226400 101.995905 -0.391548 -0.920158 0.000000 1.75027152803718e-38
-20.857768 -51.933528 101.719264 -0.368290 -0.929711 0.000000 1.75027152803718e-38
-19.934522 -52.541566 101.868065 -0.344798 -0.938677 0.000000 1.75027152803718e-38
-18.072749 -53.447733 101.181748 -0.321089 -0.947049 0.000000 1.75027152803718e-38
-17.373701 -54.094542 101.952093 -0.297177 -0.954822 0.000000 1.75027152803718e-38
-15.348628 -53.975368 101.934828 -0.273077 -0.961992 0.000000 1.75027152803718e-38
-14.086333 -54.504647 101.995240 -0.248804 -0.968554 0.000000 1.75027152803718e-38
-12.732835 -55.260878 101.580597 -0.224375 -0.974503 0.000000 1.75027152803718e-38
-12.040583 -55.414691 101.754593 -0.199803 -0.979836 0.000000 1.75027152803718e-38
-9.874733 -55.662406 101.525419 -0.175105 -0.984550 0.000000 1.75027152803718e-38
-9.111998 -55.498762 101.428113 -0.150296 -0.988641 0.000000 1.75027152803718e-38
-7.287645 -55.786475 101.832072 -0.125392 -0.992107 0.000000 1.75027152803718e-38
-5.605327 -56.123861 101.191965 -0.100409 -0.994946 0.000000 1.75027152803718e-38
-4.292853 -56.091411 101.335319 -0.075362 -0.997156 0.000000 1.75027152803718e-38
-3.146723 -56.545732 101.569079 -0.050268 -0.998736 0.000000 1.75027152803718e-38
-1.229790 -57.036461 100.773649 -0.025142 -0.999684 0.000000 1.75027152803718e-38
0.276370 -56.965815 101.355464 -0.000000 -1.000000 0.000000 1.75027152803718e-38
-57.338295 -4.652275 104.720486 -0.996195 -0.087156 0.000000 1.75027152803718e-38
-56.447666 -6.291672 103.997336 -0.993689 -0.112174 0.000000 1.75027152803718e-38
-56.657927 -7.937752 104.390762 -0.990554 -0.137122 0.000000 1.75027152803718e-38
-56.229851 -9.142966 104.917316 -0.986793 -0.161983 0.000000 1.75027152803718e-38
-56.342981 -10.628242 104.828848 -0.982409 -0.186742 0.000000 1.75027152803718e-38
-55.891327 -12.085489 104.755350 -0.977403 -0.211383 0.000000 1.75027152803718e-38
-55.290761 -13.219823 104.643794 -0.971780 -0.235890 0.000000 1.75027152803718e-38
-55.032747 -15.159853 104.689535 -0.965542 -0.260247 0.000000 1.75027152803718e-38
-54.519527 -16.482486 104.790001 -0.958694 -0.284441 0.000000 1.75027152803718e-38
-53.744985 -17.749028 104.397095 -0.951239 -0.308454 0.000000 1.75027152803718e-38
-53.896232 -19.409866 105.216729 -0.943183 -0.332273 0.000000 1.75027152803718e-38
-53.309348 -20.507119 104.277352 -0.934531 -0.355881 0.000000 1.75027152803718e-38
-52.765150 -21.788658 105.046807 -0.925288 -0.379265 0.000000 1.75027152803718e-38
-52.464174 -23.358525 104.780920 -0.915460 -0.402408 0.000000 1.75027152803718e-38
-51.529575 -24.266242 104.783275 -0.905054 -0.425297 0.000000 1.75027152803718e-38
-50.831702 -25.500498 104.193691 -0.894075 -0.447918 0.000000 1.75027152803718e-38
-50.716284 -26.967563 104.290075 -0.882531 -0.470255 0.000000 1.75027152803718e-38
-49.446487 -28.551114 104.481237 -0.870429 -0.492295 0.000000 1.75027152803718e-38
-48.859252 -29.259752 104.735074 -0.857776 -0.514023 0.000000 1.75027152803718e-38
-48.154516 -30.665967 104.988729 -0.844581 -0.535427 0.000000 1.75027152803718e-38
-47.371406 -31.238584 104.517846 -0.830853 -0.556492 0.000000 1.75027152803718e-38
-46.469231 -32.884533 104.684750 -0.816599 -0.577206 0.000000 1.75027152803718e-38
-45.749883 -33.971889 105.074629 -0.801829 -0.597554 0.000000 1.75027152803718e-38
-44.440007 -34.820334 104.212805 -0.786552 -0.617525 0.000000 1.75027152803718e-38
-44.211138 -36.185841 104.846606 -0.770777 -0.637105 0.000000 1.75027152803718e-38
-43.087555 -37.551635 105.033538 -0.754515 -0.656282 0.000000 1.75027152803718e-38
-41.773621 -38.092547 104.482950 -0.737777 -0.675045 0.000000 1.75027152803718e-38
-41.156420 -39.168577 104.536567 -0.720572 -0.693381 0.000000 1.75027152803718e-38
-40.178780 -40.745561 104.461996 -0.702911 -0.711278 0.000000 1.75027152803718e-38
-38.702821 -41.917273 104.804100 -0.684806 -0.728726 0.000000 1.75027152803718e-38
-38.123001 -42.494020 104.571511 -0.666268 -0.745713 0.000000 1.75027152803718e-38
-36.897979 -43.456799 104.482078 -0.647309 -0.762228 0.000000 1.75027152803718e-38
-35.901119 -43.887040 104.622899 -0.627940 -0.778262 0.000000 1.75027152803718e-38
-34.642822 -45.360683 104.493001 -0.608175 -0.793803 0.000000 1.75027152803718e-38
-33.650858 -45.793443 104.389305 -0.588025 -0.808843 0.000000 1.75027152803718e-38
-32.964695 -46.832217 104.531567 -0.567503 -0.823371 0.000000 1.75027152803718e-38
-31.278459 -47.373287 103.795329 -0.546622 -0.837379 0.000000 1.75027152803718e-38
-29.422086 -48.097271 104.426969 -0.525396 -0.850858 0.000000 1.75027152803718e-38
-28.803532 -48.998671 104.774749 -0.503838 -0.863798 0.000000 1.75027152803718e-38
-27.613674 -50.340260 105.249492 -0.481961 -0.876193 0.000000 1.75027152803718e-38
-25.874547 -50.481891 104.668117 -0.459780 -0.888033 0.000000 1.75027152803718e-38
-24.696324 -50.948403 103.989475 -0.437307 -0.899312 0.000000 1.75027152803718e-38
-23.693585 -51.916595 104.566954 -0.414559 -0.910023 0.000000 1.75027152803718e-38
-22.047776 -52.893857 104.210642 -0.391548 -0.920158 0.000000 1.75027152803718e-38
-21.160143 -52.854117 104.865022 -0.368290 -0.929711 0.000000 1.75027152803718e-38
-19.129580 -53.496469 104.864529 -0.344798 -0.938677 0.000000 1.75027152803718e-38
-18.056883 -53.724437 104.608100 -0.321089 -0.947049 0.000000 1.75027152803718e-38
-17.029194 -54.648865 104.275907 -0.297177 -0.954822 0.000000 1.75027152803718e-38
-15.433923 -54.753531 104.490732 -0.273077 -0.961992 0.000000 1.75027152803718e-38
-13.957495 -55.170705 104.341431 -0.248804 -0.968554 0.000000 1.75027152803718e-38
-12.846826 -55.202881 104.308331 -0.224375 -0.974503 0.000000 1.75027152803718e-38
-11.305962 -55.769153 104.387142 -0.199803 -0.979836 0.000000 1.75027152803718e-38
-10.051431 -56.492239 104.648277 -0.175105 -0.984550 0.000000 1.75027152803718e-38
-8.961227 -55.931794 104.587793 -0.150296 -0.988641 0.000000 1.75027152803718e-38
-7.306326 -56.102584 104.305830 -0.125392 -0.992107 0.000000 1.75027152803718e-38
-5.937550 -57.161063 105.008237 -0.100409 -0.994946 0.000000 1.75027152803718e-38
-3.726238 -57.240114 104.370653 -0.075362 -0.997156 0.000000 1.75027152803718e-38
-2.839295 -56.982619 104.605990 -0.050268 -0.998736 0.000000 1.75027152803718e-38
-1.465851 -56.759594 104.327095 -0.025142 -0.999684 0.000000 1.75027152803718e-38
0.057798 -57.234684 104.491827 -0.000000 -1.000000 0.000000 1.75027152803718e-38
-57.417713 -5.099180 107.520486 -0.996195 -0.087156 0.000000 1.75027152803718e-38
-56.470476 -6.424512 107.729059 -0.993689 -0.112174 0.000000 1.75027152803718e-38
-56.581268 -8.470335 107.093224 -0.990554 -0.137122 0.000000 1.75027152803718e-38
-56.455350 -9.167951 107.621848 -0.986793 -0.161983 0.000000 1.75027152803718e-38
-56.368548 -10.737681 107.594182 -0.982409 -0.186742 0.000000 1.75027152803718e-38
-55.589739 -11.856006 107.526283 -0.977403 -0.211383 0.000000 1.75027152803718e-38
-55.517235 -13.389745 107.819701 -0.971780 -0.235890 0.000000 1.75027152803718e-38
-54.650206 -14.872224 108.042931 -0.965542 -0.260247 0.000000 1.75027152803718e-38
-55.102874 -16.436859 107.051560 -0.958694 -0.284441 0.000000 1.75027152803718e-38
-54.283704 -17.422807 106.925692 -0.951239 -0.308454 0.000000 1.75027152803718e-38
-53.812510 -18.796170 107.856479 -0.943183 -0.332273 0.000000 1.75027152803718e-38
-53.733596 -20.093868 107.695099 -0.934531 -0.355881 0.000000 1.75027152803718e-38
-52.669625 -21.699083 107.806619 -0.925288 -0.379265 0.000000 1.75027152803718e-38
-51.952853 -23.044358 107.777539 -0.915460 -0.402408 0.000000 1.75027152803718e-38
-51.316324 -24.330417 107.354689 -0.905054 -0.425297 0.000000 1.75027152803718e-38
-50.861393 -25.151924 108.078943 -0.894075 -0.447918 0.000000 1.75027152803718e-38
-50.190378 -27.561400 107.501558 -0.882531 -0.470255 0.000000 1.75027152803718e-38
-49.889055 -28.103477 108.198787 -0.870429 -0.492295 0.000000 1.75027152803718e-38
-49.315208 -28.685287 107.577609 -0.857776 -0.514023 0.000000 1.75027152803718e-38
-48.467515 -30.326835 107.969599 -0.844581 -0.535427 0.000000 1.75027152803718e-38
-47.258362 -32.014348 107.842916 -0.830853 -0.556492 0.000000 1.75027152803718e-38
-46.949314 -33.205707 107.663847 -0.816599 -0.577206 0.000000 1.75027152803718e-38
-46.041651 -33.812888 107.518857 -0.801829 -0.597554 0.000000 1.75027152803718e-38
-44.989261 -35.533375 108.003591 -0.786552 -0.617525 0.000000 1.75027152803718e-38
-44.222023 -36.045017 108.012871 -0.770777 -0.637105 0.000000 1.75027152803718e-38
-43.227197 -37.474020 107.550195 -0.754515 -0.656282 0.000000 1.75027152803718e-38
-41.973683 -38.612864 107.567063 -0.737777 -0.675045 0.000000 1.75027152803718e-38
-41.140891 -40.076415 107.669553 -0.720572 -0.693381 0.000000 1.75027152803718e-38
-39.951187 -40.582525 107.977805 -0.702911 -0.711278 0.000000 1.75027152803718e-38
-39.225206 -41.758237 107.357112 -0.684806 -0.728726 0.000000 1.75027152803718e-38
-38.174958 -42.000877 107.774971 -0.666268 -0.745713 0.000000 1.75027152803718e-38
-37.146056 -43.835755 107.212748 -0.647309 -0.762228 0.000000 1.75027152803718e-38
-36.113300 -44.221900 107.564198 -0.627940 -0.778262 0.000000 1.75027152803718e-38
-35.022746 -45.591757 107.887152 -0.608175 -0.793803 0.000000 1.75027152803718e-38
-33.608827 -46.384444 107.599791 -0.588025 -0.808843 0.000000 1.75027152803718e-38
-31.750603 -46.660170 108.132895 -0.567503 -0.823371 0.000000 1.75027152803718e-38
-31.745428 -47.871432 107.498871 -0.546622 -0.837379 0.000000 1.75027152803718e-38
-29.844336 -48.277967 107.790236 -0.525396 -0.850858 0.000000 1.75027152803718e-38
-29.037948 -49.533297 107.878479 -0.503838 -0.863798 0.000000 1.75027152803718e-38
-27.310712 -50.000602 107.731245 -0.481961 -0.876193 0.000000 1.75027152803718e-38
-26.244822 -50.638414 107.907096 -0.459780 -0.888033 0.000000 1.75027152803718e-38
-24.787331 -51.356258 107.677593 -0.437307 -0.899312 0.000000 1.75027152803718e-38
-23.703302 -52.209151 107.454399 -0.414559 -0.910023 0.000000 1.75027152803718e-38
-22.199688 -52.767771 107.936488 -0.391548 -0.920158 0.000000 1.75027152803718e-38
-21.049902 -52.853665 107.883395 -0.368290 -0.929711 0.000000 1.75027152803718e-38
-19.439946 -53.754516 107.814978 -0.344798 -0.938677 0.000000 1.75027152803718e-38
-18.117335 -54.555172 108.202816 -0.321089 -0.947049 0.000000 1.75027152803718e-38
-16.293197 -54.249560 107.934072 -0.297177 -0.954822 0.000000 1.75027152803718e-38
-15.419907 -55.040271 107.659257 -0.273077 -0.961992 0.000000 1.75027152803718e-38
-13.920904 -55.609965 107.374093 -0.248804 -0.968554 0.000000 1.75027152803718e-38
-12.934132 -55.460910 107.432527 -0.224375 -0.974503 0.000000 1.75027152803718e-38
-11.479163 -55.994387 107.388747 -0.199803 -0.979836 0.000000 1.75027152803718e-38
-10.732859 -56.539556 107.770574 -0.175105 -0.984550 0.000000 1.75027152803718e-38
-8.438154 -56.316961 107.875179 -0.150296 -0.988641 0.000000 1.75027152803718e-38
-7.349556 -56.915421 107.804825 -0.125392 -0.992107 0.000000 1.75027152803718e-38
-5.798276 -56.553261 107.806720 -0.100409 -0.994946 0.000000 1.75027152803718e-38
-3.919092 -57.091265 108.012568 -0.075362 -0.997156 0.000000 1.75027152803718e-38
-2.260602 -57.025695 107.842100 -0.050268 -0.998736 0.000000 1.75027152803718e-38
-1.715115 -56.827752 108.031025 -0.025142 -0.999684 0.000000 1.75027152803718e-38
-0.148336 -56.938175 107.776450 -0.000000 -1.000000 0.000000 1.75027152803718e-38
-56.946852 -4.748855 110.924901 -0.996195 -0.087156 0.000000 1.75027152803718e-38
-56.962226 -6.175595 111.102788 -0.993689 -0.112174 0.000000 1.75027152803718e-38
-56.907243 -7.855184 110.238623 -0.990554 -0.137122 0.000000 1.75027152803718e-38
-56.350488 -8.911803 110.692042 -0.986793 -0.161983 0.000000 1.75027152803718e-38
-56.234383 -10.763026 110.654062 -0.982409 -0.186742 0.000000 1.75027152803718e-38
-55.918032 -12.343706 110.698648 -0.977403 -0.211383 0.000000 1.75027152803718e-38
-55.936921 -13.335520 110.841002 -0.971780 -0.235890 0.000000 1.75027152803718e-38
-55.437607 -14.896388 110.703013 -0.965542 -0.260247 0.000000 1.75027152803718e-38
-54.572780 -16.425658 110.959744 -0.958694 -0.284441 0.000000 1.75027152803718e-38
-54.700505 -17.424625 111.080422 -0.951239 -0.308454 0.000000 1.75027152803718e-38
-53.702137 -18.591963 110.856964 -0.943183 -0.332273 0.000000 1.75027152803718e-38
-53.160493 -19.898353 110.432615 -0.934531 -0.355881 0.000000 1.75027152803718e-38
-53.183393 -22.173767 111.087574 -0.925288 -0.379265 0.000000 1.75027152803718e-38
-52.892017 -23.584725 110.440013 -0.915460 -0.402408 0.000000 1.75027152803718e-38
-52.364834 -24.280267 110.443868 -0.905054 -0.425297 0.000000 1.75027152803718e-38
-51.721532 -25.670217 110.774364 -0.894075 -0.447918 0.000000 1.75027152803718e-38
-51.114109 -27.151285 110.746839 -0.882531 -0.470255 0.000000 1.75027152803718e-38
-49.966989 -28.298508 111.123017 -0.870429 -0.492295 0.000000 1.75027152803718e-38
-48.491224 -29.538314 110.372666 -0.857776 -0.514023 0.000000 1.75027152803718e-38
-48.449743 -30.612082 110.753247 -0.844581 -0.535427 0.000000 1.75027152803718e-38
-47.409755 -31.213452 110.255295 -0.830853 -0.556492 0.000000 1.75027152803718e-38
-46.928592 -32.601184 110.612617 -0.816599 -0.577206 0.000000 1.75027152803718e-38
-45.693553 -34.039856 111.140295 -0.801829 -0.597554 0.000000 1.75027152803718e-38
-44.481294 -35.273162 110.245482 -0.786552 -0.617525 0.000000 1.75027152803718e-38
-44.361829 -35.838864 110.344971 -0.770777 -0.637105 0.000000 1.75027152803718e-38
-43.071161 -38.347555 110.363863 -0.754515 -0.656282 0.000000 1.75027152803718e-38
-41.995294 -38.657169 110.656298 -0.737777 -0.675045 0.000000 1.75027152803718e-38
-41.520136 -40.317229 110.977253 -0.720572 -0.693381 0.000000 1.75027152803718e-38
-40.349133 -41.200025 110.778288 -0.702911 -0.711278 0.000000 1.75027152803718e-38
-39.052717 -41.803107 110.804029 -0.684806 -0.728726 0.000000 1.75027152803718e-38
-38.153756 -42.927993 110.785509 -0.666268 -0.745713 0.000000 1.75027152803718e-38
-36.858604 -43.351605 111.006450 -0.647309 -0.762228 0.000000 1.75027152803718e-38
-36.172230 -44.389574 110.908871 -0.627940 -0.778262 0.000000 1.75027152803718e-38
-35.050405 -45.609987 110.973139 -0.608175 -0.793803 0.000000 1.75027152803718e-38
-33.270187 -46.875702 111.261249 -0.588025 -0.808843 0.000000 1.75027152803718e-38
-32.158483 -47.104681 110.697016 -0.567503 -0.823371 0.000000 1.75027152803718e-38
-31.194521 -48.158984 110.715922 -0.546622 -0.837379 0.000000 1.75027152803718e-38
-30.538283 -49.261344 111.468923 -0.525396 -0.850858 0.000000 1.75027152803718e-38
-28.841950 -49.419039 110.760011 -0.503838 -0.863798 0.000000 1.75027152803718e-38
-27.856055 -50.282242 110.796587 -0.481961 -0.876193 0.000000 1.75027152803718e-38
-26.396111 -51.094030 110.913077 -0.459780 -0.888033 0.000000 1.75027152803718e-38
-24.993356 -51.396582 110.980744 -0.437307 -0.899312 0.000000 1.75027152803718e-38
-23.797932 -52.178639 111.213967 -0.414559 -0.910023 0.000000 1.75027152803718e-38
-22.711875 -53.270623 110.935892 -0.391548 -0.920158 0.000000 1.75027152803718e-38
-21.285192 -53.578978 111.034802 -0.368290 -0.929711 0.000000 1.75027152803718e-38
-19.794196 -54.148411 111.349715 -0.344798 -0.938677 0.000000 1.75027152803718e-38
-18.875863 -54.274920 110.202448 -0.321089 -0.947049 0.000000 1.75027152803718e-38
-16.941724 -54.886528 111.015013 -0.297177 -0.954822 0.000000 1.75027152803718e-38
-15.647639 -54.699712 110.640317 -0.273077 -0.961992 0.000000 1.75027152803718e-38
-14.733398 -55.409501 110.693464 -0.248804 -0.968554 0.000000 1.75027152803718e-38
-13.398415 -56.138156 110.548091 -0.224375 -0.974503 0.000000 1.75027152803718e-38
-10.978498 -55.914803 110.664910 -0.199803 -0.979836 0.000000 1.75027152803718e-38
-9.889092 -57.008884 110.599759 -0.175105 -0.984550 0.000000 1.75027152803718e-38
-8.488954 -56.581788 110.607424 -0.150296 -0.988641 0.000000 1.75027152803718e-38
-7.194201 -56.728520 110.766424 -0.125392 -0.992107 0.000000 1.75027152803718e-38
-5.493322 -56.896965 110.922603 -0.100409 -0.994946 0.000000 1.75027152803718e-38
-3.802836 -56.870914 111.291518 -0.075362 -0.997156 0.000000 1.75027152803718e-38
-3.081026 -57.687370 110.727147 -0.050268 -0.998736 0.000000 1.75027152803718e-38
-1.507860 -56.826132 110.430217 -0.025142 -0.999684 0.000000 1.75027152803718e-38
-0.023664 -57.160510 110.799262 -0.000000 -1.000000 0.000000 1.75027152803718e-38
-57.235901 -4.895420 114.169883 -0.996195 -0.087156 0.000000 1.75027152803718e-38
-56.579857 -6.429294 113.601400 -0.993689 -0.112174 0.000000 1.75027152803718e-38
-56.400297 -8.194500 114.383327 -0.990554 -0.137122 0.000000 1.75027152803718e-38
-56.241545 -8.851489 114.051771 -0.986793 -0.161983 0.000000 1.75027152803718e-38
-57.026849 -11.031264 113.938220 -0.982409 -0.186742 0.000000 1.75027152803718e-38
-56.308461 -12.228555 114.029996 -0.977403 -0.211383 0.000000 1.75027152803718e-38
-55.833952 -13.906448 114.111851 -0.971780 -0.235890 0.000000 1.75027152803718e-38
-55.270415 -15.013651 114.059534 -0.965542 -0.260247 0.000000 1.75027152803718e-38
-55.003258 -15.928310 113.891516 -0.958694 -0.284441 0.000000 1.75027152803718e-38
-54.206687 -18.268258 113.983920 -0.951239 -0.308454 0.000000 1.75027152803718e-38
-54.260796 -19.331126 114.193704 -0.943183 -0.332273 0.000000 1.75027152803718e-38
-53.378055 -21.030545 114.060803 -0.934531 -0.355881 0.000000 1.75027152803718e-38
-52.935965 -21.987799 113.595563 -0.925288 -0.379265 0.000000 1.75027152803718e-38
-53.027230 -23.200648 113.792908 -0.915460 -0.402408 0.000000 1.75027152803718e-38
-51.713584 -24.332482 113.528181 -0.905054 -0.425297 0.000000 1.75027152803718e-38
-51.250801 -25.787983 113.565706 -0.894075 -0.447918 0.000000 1.75027152803718e-38
-51.136648 -26.806546 113.980073 -0.882531 -0.470255 0.000000 1.75027152803718e-38
-49.798071 -28.477612 113.897478 -0.870429 -0.492295 0.000000 1.75027152803718e-38
-49.651427 -29.802400 113.856274 -0.857776 -0.514023 0.000000 1.75027152803718e-38
-48.402699 -31.223702 113.528890 -0.844581 -0.535427 0.000000 1.75027152803718e-38
-47.802959 -31.656701 113.602223 -0.830853 -0.556492 0.000000 1.75027152803718e-38
-46.832952 -33.059643 113.771246 -0.816599 -0.577206 0.000000 1.75027152803718e-38
-45.946867 -34.704793 113.649418 -0.801829 -0.597554 0.000000 1.75027152803718e-38
-44.720014 -34.996260 114.099030 -0.786552 -0.617525 0.000000 1.75027152803718e-38
-43.914709 -37.119423 113.561545 -0.770777 -0.637105 0.000000 1.75027152803718e-38
-43.404689 -36.947797 113.752229 -0.754515 -0.656282 0.000000 1.75027152803718e-38
-42.127038 -38.636000 113.952991 -0.737777 -0.675045 0.000000 1.75027152803718e-38
-41.369943 -40.162046 113.035805 -0.720572 -0.693381 0.000000 1.75027152803718e-38
-39.964557 -41.014346 113.286020 -0.702911 -0.711278 0.000000 1.75027152803718e-38
-39.178437 -41.705308 114.076522 -0.684806 -0.728726 0.000000 1.75027152803718e-38
-37.910974 -43.081742 113.583659 -0.666268 -0.745713 0.000000 1.75027152803718e-38
-37.252983 -43.507593 113.215362 -0.647309 -0.762228 0.000000 1.75027152803718e-38
-36.007103 -44.394825 114.113411 -0.627940 -0.778262 0.000000 1.75027152803718e-38
-34.698400 -45.247695 113.021999 -0.608175 -0.793803 0.000000 1.75027152803718e-38
-33.270260 -46.330798 114.246549 -0.588025 -0.808843 0.000000 1.75027152803718e-38
-32.928684 -47.790039 114.382067 -0.567503 -0.823371 0.000000 1.75027152803718e-38
-31.655647 -48.161236 114.004390 -0.546622 -0.837379 0.000000 1.75027152803718e-38
-29.927384 -48.518157 113.913170 -0.525396 -0.850858 0.000000 1.75027152803718e-38
-29.238035 -49.372515 114.062921 -0.503838 -0.863798 0.000000 1.75027152803718e-38
-28.210461 -49.870373 113.100031 -0.481961 -0.876193 0.000000 1.75027152803718e-38
-26.082343 -51.165888 114.057807 -0.459780 -0.888033 0.000000 1.75027152803718e-38
-24.949640 -51.634240 113.981480 -0.437307 -0.899312 0.000000 1.75027152803718e-38
-23.822794 -52.023730 114.501735 -0.414559 -0.910023 0.000000 1.75027152803718e-38
-22.878347 -53.776145 113.721452 -0.391548 -0.920158 0.000000 1.75027152803718e-38
-21.286089 -53.481364 113.568222 -0.368290 -0.929711 0.000000 1.75027152803718e-38
-19.530691 -54.297145 113.981386 -0.344798 -0.938677 0.000000 1.75027152803718e-38
-18.239910 -54.268393 113.992297 -0.321089 -0.947049 0.000000 1.75027152803718e-38
-16.774044 -54.793481 113.742205 -0.297177 -0.954822 0.000000 1.75027152803718e-38
-15.529503 -55.041006 114.113058 -0.273077 -0.961992 0.000000 1.75027152803718e-38
-14.795812 -55.652830 113.526543 -0.248804 -0.968554 0.000000 1.75027152803718e-38
-12.711455 -55.721262 113.763830 -0.224375 -0.974503 0.000000 1.75027152803718e-38
-11.688032 -56.066325 113.806181 -0.199803 -0.979836 0.000000 1.75027152803718e-38
-9.623568 -55.984107 114.146367 -0.175105 -0.984550 0.000000 1.75027152803718e-38
-8.557613 -56.203170 113.918370 -0.150296 -0.988641 0.000000 1.75027152803718e-38
-7.341616 -57.152415 113.635103 -0.125392 -0.992107 0.000000 1.75027152803718e-38
-5.765665 -56.973852 113.421607 -0.100409 -0.994946 0.000000 1.75027152803718e-38
-4.460685 -57.175781 114.039242 -0.075362 -0.997156 0.000000 1.75027152803718e-38
-2.893302 -57.256954 113.474597 -0.050268 -0.998736 0.000000 1.75027152803718e-38
-1.716755 -57.402990 113.999319 -0.025142 -0.999684 0.000000 1.75027152803718e-38
0.069391 -57.657524 113.775185 -0.000000 -1.000000 0.000000 1.75027152803718e-38
-56.803416 -4.846058 116.874317 -0.996195 -0.087156 0.000000 1.75027152803718e-38
-57.420675 -6.661314 116.925054 -0.993689 -0.112174 0.000000 1.75027152803718e-38
-56.849988 -7.711524 117.039473 -0.990554 -0.137122 0.000000 1.75027152803718e-38
-56.827698 -9.463433 117.537174 -0.986793 -0.161983 0.000000 1.75027152803718e-38
-56.631565 -11.120635 116.431462 -0.982409 -0.186742 0.000000 1.75027152803718e-38
-56.282881 -11.867365 116.750293 -0.977403 -0.211383 0.000000 1.75027152803718e-38
-55.410454 -13.560100 117.255944 -0.971780 -0.235890 0.000000 1.75027152803718e-38
-55.722496 -15.180564 116.950391 -0.965542 -0.260247 0.000000 1.75027152803718e-38
-54.956801 -16.402114 117.010817 -0.958694 -0.284441 0.000000 1.75027152803718e-38
-54.496573 -18.154770 116.820796 -0.951239 -0.308454 0.000000 1.75027152803718e-38
-54.365709 -19.238638 117.045140 -0.943183 -0.332273 0.000000 1.75027152803718e-38
-53.864254 -21.056034 116.852121 -0.934531 -0.355881 0.000000 1.75027152803718e-38
-53.500894 -21.649589 117.164786 -0.925288 -0.379265 0.000000 1.75027152803718e-38
-53.269154 -23.360955 117.029089 -0.915460 -0.402408 0.000000 1.75027152803718e-38
-52.441236 -24.209461 117.237872 -0.905054 -0.425297 0.000000 1.75027152803718e-38
-51.436159 -25.976553 116.229907 -0.894075 -0.447918 0.000000 1.75027152803718e-38
-50.479839 -26.427462 117.461772 -0.882531 -0.470255 0.000000 1.75027152803718e-38
-50.086963 -28.622782 117.174364 -0.870429 -0.492295 0.000000 1.75027152803718e-38
-49.339327 -29.400408 117.013902 -0.857776 -0.514023 0.000000 1.75027152803718e-38
-48.514992 -30.465483 117.242777 -0.844581 -0.535427 0.000000 1.75027152803718e-38
-47.910636 -32.261704 116.173342 -0.830853 -0.556492 0.000000 1.75027152803718e-38
-47.038424 -33.503281 117.048836 -0.816599 -0.577206 0.000000 1.75027152803718e-38
-46.186408 -34.413050 117.166667 -0.801829 -0.597554 0.000000 1.75027152803718e-38
-45.088409 -35.527654 117.429005 -0.786552 -0.617525 0.000000 1.75027152803718e-38
-44.079497 -36.742791 116.811701 -0.770777 -0.637105 0.000000 1.75027152803718e-38
-43.129776 -37.659415 116.586729 -0.754515 -0.656282 0.000000 1.75027152803718e-38
-42.135807 -38.421488 117.277494 -0.737777 -0.675045 0.000000 1.75027152803718e-38
-40.952519 -39.231757 117.442065 -0.720572 -0.693381 0.000000 1.75027152803718e-38
-40.298085 -40.943708 116.374196 -0.702911 -0.711278 0.000000 1.75027152803718e-38
-39.356420 -41.728257 116.936143 -0.684806 -0.728726 0.000000 1.75027152803718e-38
-38.860661 -42.946323 117.116677 -0.666268 -0.745713 0.000000 1.75027152803718e-38
-37.512273 -43.759870 117.052565 -0.647309 -0.762228 0.000000 1.75027152803718e-38
-35.755890 -44.217340 116.809729 -0.627940 -0.778262 0.000000 1.75027152803718e-38
-34.900118 -45.559865 117.117889 -0.608175 -0.793803 0.000000 1.75027152803718e-38
-33.635890 -46.061304 116.223688 -0.588025 -0.808843 0.000000 1.75027152803718e-38
-32.492203 -47.177612 116.852508 -0.567503 -0.823371 0.000000 1.75027152803718e-38
-32.096689 -48.147244 116.709909 -0.546622 -0.837379 0.000000 1.75027152803718e-38
-29.694114 -48.791040 116.684431 -0.525396 -0.850858 0.000000 1.75027152803718e-38
-29.574217 -49.470206 117.131922 -0.503838 -0.863798 0.000000 1.75027152803718e-38
-27.765772 -50.178665 116.818596 -0.481961 -0.876193 0.000000 1.75027152803718e-38
-26.105976 -50.742501 116.431399 -0.459780 -0.888033 0.000000 1.75027152803718e-38
-25.553093 -51.079192 117.202736 -0.437307 -0.899312 0.000000 1.75027152803718e-38
-24.205754 -52.775281 116.985409 -0.414559 -0.910023 0.000000 1.75027152803718e-38
-22.847175 -52.981704 116.908893 -0.391548 -0.920158 0.000000 1.75027152803718e-38
-21.194825 -53.097818 117.473504 -0.368290 -0.929711 0.000000 1.75027152803718e-38
-19.961199 -54.290282 117.039731 -0.344798 -0.938677 0.000000 1.75027152803718e-38
-17.965381 -54.553245 117.178185 -0.321089 -0.947049 0.000000 1.75027152803718e-38
-17.331600 -54.872683 116.574494 -0.297177 -0.954822 0.000000 1.75027152803718e-38
-15.692045 -55.326088 117.105514 -0.273077 -0.961992 0.000000 1.75027152803718e-38
-13.766789 -55.784953 116.323158 -0.248804 -0.968554 0.000000 1.75027152803718e-38
-12.956710 -55.920426 116.983647 -0.224375 -0.974503 0.000000 1.75027152803718e-38
-11.531025 -55.870434 116.963941 -0.199803 -0.979836 0.000000 1.75027152803718e-38
-10.095695 -56.820983 116.399064 -0.175105 -0.984550 0.000000 1.75027152803718e-38
-8.539583 -56.749193 116.605278 -0.150296 -0.988641 0.000000 1.75027152803718e-38
-7.220298 -57.065196 116.735727 -0.125392 -0.992107 0.000000 1.75027152803718e-38
-6.009058 -57.063688 116.855333 -0.100409 -0.994946 0.000000 1.75027152803718e-38
-4.508792 -57.570734 116.884081 -0.075362 -0.997156 0.000000 1.75027152803718e-38
-2.611840 -57.341025 116.851940 -0.050268 -0.998736 0.000000 1.75027152803718e-38
-1.352502 -57.048196 117.070201 -0.025142 -0.999684 0.000000 1.75027152803718e-38
0.078060 -57.284121 116.875673 -0.000000 -1.000000 0.000000 1.75027152803718e-38
-57.225975 -5.158142 119.534834 -0.996195 -0.087156 0.000000 1.75027152803718e-38
-57.034240 -6.346027 119.913686 -0.993689 -0.112174 0.000000 1.75027152803718e-38
-56.646116 -8.101009 119.468585 -0.990554 -0.137122 0.000000 1.75027152803718e-38
-56.949761 -9.776323 120.101411 -0.986793 -0.161983 0.000000 1.75027152803718e-38
-56.714140 -10.442258 120.289140 -0.982409 -0.186742 0.000000 1.75027152803718e-38
-56.478187 -12.396933 120.160332 -0.977403 -0.211383 0.000000 1.75027152803718e-38
-55.583390 -14.167439 120.084501 -0.971780 -0.235890 0.000000 1.75027152803718e-38
-56.177939 -15.128784 120.328097 -0.965542 -0.260247 0.000000 1.75027152803718e-38
-54.221952 -16.426992 119.625865 -0.958694 -0.284441 0.000000 1.75027152803718e-38
-54.850300 -17.716299 119.798928 -0.951239 -0.308454 0.000000 1.75027152803718e-38
-54.510490 -19.233737 120.118673 -0.943183 -0.332273 0.000000 1.75027152803718e-38
-53.786368 -20.727647 119.798981 -0.934531 -0.355881 0.000000 1.75027152803718e-38
-53.328233 -22.107540 119.787857 -0.925288 -0.379265 0.000000 1.75027152803718e-38
-52.445879 -23.207568 119.473954 -0.915460 -0.402408 0.000000 1.75027152803718e-38
-51.733100 -24.329587 119.585060 -0.905054 -0.425297 0.000000 1.75027152803718e-38
-51.518912 -25.992902 120.203072 -0.894075 -0.447918 0.000000 1.75027152803718e-38
-50.857006 -27.061492 119.943242 -0.882531 -0.470255 0.000000 1.75027152803718e-38
-50.493680 -27.885333 120.198699 -0.870429 -0.492295 0.000000 1.75027152803718e-38
-49.546343 -29.498790 120.292235 -0.857776 -0.514023 0.000000 1.75027152803718e-38
-48.546711 -30.320032 120.875355 -0.844581 -0.535427 0.000000 1.75027152803718e-38
-47.811872 -32.173064 119.703177 -0.830853 -0.556492 0.000000 1.75027152803718e-38
-47.618507 -32.814878 119.893952 -0.816599 -0.577206 0.000000 1.75027152803718e-38
-45.842542 -34.036419 119.675709 -0.801829 -0.597554 0.000000 1.75027152803718e-38
-45.505959 -34.984259 119.978980 -0.786552 -0.617525 0.000000 1.75027152803718e-38
-44.517773 -36.947080 119.957563 -0.770777 -0.637105 0.000000 1.75027152803718e-38
-42.932271 -37.530598 120.054529 -0.754515 -0.656282 0.000000 1.75027152803718e-38
-41.945608 -38.396342 120.100237 -0.737777 -0.675045 0.000000 1.75027152803718e-38
-40.600032 -39.943606 120.329409 -0.720572 -0.693381 0.000000 1.75027152803718e-38
-40.535277 -40.627624 119.925484 -0.702911 -0.711278 0.000000 1.75027152803718e-38
-39.237925 -41.184680 120.285556 -0.684806 -0.728726 0.000000 1.75027152803718e-38
-38.167346 -43.110883 120.056469 -0.666268 -0.745713 0.000000 1.75027152803718e-38
-37.522642 -43.562022 120.258563 -0.647309 -0.762228 0.000000 1.75027152803718e-38
-36.160443 -44.250990 120.456869 -0.627940 -0.778262 0.000000 1.75027152803718e-38
-34.925142 -45.474038 119.823463 -0.608175 -0.793803 0.000000 1.75027152803718e-38
-33.893066 -46.831879 119.856499 -0.588025 -0.808843 0.000000 1.75027152803718e-38
-32.662728 -47.841970 120.173044 -0.567503 -0.823371 0.000000 1.75027152803718e-38
-31.124142 -48.151685 119.190827 -0.546622 -0.837379 0.000000 1.75027152803718e-38
-30.286176 -49.342336 119.817114 -0.525396 -0.850858 0.000000 1.75027152803718e-38
-28.535096 -50.398741 119.755091 -0.503838 -0.863798 0.000000 1.75027152803718e-38
-27.463889 -50.591655 119.766471 -0.481961 -0.876193 0.000000 1.75027152803718e-38
-25.827601 -50.948387 120.280291 -0.459780 -0.888033 0.000000 1.75027152803718e-38
-24.996770 -51.661938 120.379207 -0.437307 -0.899312 0.000000 1.75027152803718e-38
-23.265518 -52.831354 119.989405 -0.414559 -0.910023 0.000000 1.75027152803718e-38
-22.526963 -53.037853 120.294318 -0.391548 -0.920158 0.000000 1.75027152803718e-38
-21.099584 -52.880748 120.330080 -0.368290 -0.929711 0.000000 1.75027152803718e-38
-19.416499 -54.333662 119.758174 -0.344798 -0.938677 0.000000 1.75027152803718e-38
-18.679742 -54.058378 119.709847 -0.321089 -0.947049 0.000000 1.75027152803718e-38
-17.369067 -55.238692 120.825908 -0.297177 -0.954822 0.000000 1.75027152803718e-38
-15.744606 -55.155581 119.657815 -0.273077 -0.961992 0.000000 1.75027152803718e-38
-14.018481 -56.223939 119.706299 -0.248804 -0.968554 0.000000 1.75027152803718e-38
-13.120948 -55.968260 119.762075 -0.224375 -0.974503 0.000000 1.75027152803718e-38
-11.031458 -56.189611 119.793119 -0.199803 -0.979836 0.000000 1.75027152803718e-38
-9.769230 -56.729601 119.822869 -0.175105 -0.984550 0.000000 1.75027152803718e-38
-8.373263 -57.582709 120.220445 -0.150296 -0.988641 0.000000 1.75027152803718e-38
-7.423964 -57.260551 120.587441 -0.125392 -0.992107 0.000000 1.75027152803718e-38
-5.932870 -56.922636 120.083773 -0.100409 -0.994946 0.000000 1.75027152803718e-38
-4.218429 -57.411646 119.909185 -0.075362 -0.997156 0.000000 1.75027152803718e-38
-2.432011 -57.148169 119.850096 -0.050268 -0.998736 0.000000 1.75027152803718e-38
-1.759423 -57.657166 120.294449 -0.025142 -0.999684 0.000000 1.75027152803718e-38
0.353608 -57.333517 119.514969 -0.000000 -1.000000 0.000000 1.75027152803718e-38
