# .PCD v0.7 - Point Cloud Data file format
VERSION 0.7
FIELDS x y z normal_x normal_y normal_z rgb
SIZE 4 4 4 4 4 4 4
TYPE F F F F F F F
COUNT 1 1 1 1 1 1 1
WIDTH 2400
HEIGHT 1
VIEWPOINT 0 0 0 1 0 0 0
POINTS 2400
DATA ascii
42.591415 -0.311995 0.225135 1.000000 0.000000 0.000000 1.6580765988230895e-38
42.765388 0.608900 -0.390654 0.999605 0.028099 0.000000 1.6580765988230895e-38
42.471240 2.292604 -0.005040 0.998421 0.056176 0.000000 1.6580765988230895e-38
42.093134 3.842678 0.233338 0.996448 0.084208 0.000000 1.6580765988230895e-38
42.251572 5.105586 0.140253 0.993689 0.112174 0.000000 1.6580765988230895e-38
41.823339 6.062829 -0.287665 0.990144 0.140052 0.000000 1.6580765988230895e-38
42.160795 7.117316 -0.055459 0.985818 0.167819 0.000000 1.6580765988230895e-38
41.476027 8.673514 -0.046359 0.980713 0.195453 0.000000 1.6580765988230895e-38
41.301938 9.369009 0.159693 0.974834 0.222933 0.000000 1.6580765988230895e-38
41.257481 10.758884 0.129246 0.968185 0.250237 0.000000 1.6580765988230895e-38
41.475260 11.665156 -0.153673 0.960771 0.277343 0.000000 1.6580765988230895e-38
40.241305 13.114583 0.338692 0.952599 0.304230 0.000000 1.6580765988230895e-38
40.071951 13.810239 -0.247344 0.943674 0.330877 0.000000 1.6580765988230895e-38
39.890340 15.406654 0.162946 0.934004 0.357263 0.000000 1.6580765988230895e-38
39.053188 16.362728 0.035006 0.923596 0.383367 0.000000 1.6580765988230895e-38
38.845128 17.651043 0.067079 0.912459 0.409167 0.000000 1.6580765988230895e-38
38.479252 18.492690 0.086736 0.900602 0.434645 0.000000 1.6580765988230895e-38
37.930793 19.103483 -0.095901 0.888033 0.459780 0.000000 1.6580765988230895e-38
37.036319 20.401749 -0.082543 0.874763 0.484551 0.000000 1.6580765988230895e-38
37.032578 21.370182 0.290484 0.860802 0.508940 0.000000 1.6580765988230895e-38
35.457009 22.548904 0.048826 0.846162 0.532926 0.000000 1.6580765988230895e-38
35.487111 23.864289 0.238004 0.830853 0.556492 0.000000 1.6580765988230895e-38
34.528115 24.495089 0.257393 0.814888 0.579619 0.000000 1.6580765988230895e-38
33.869480 25.214509 -0.339986 0.798279 0.602287 0.000000 1.6580765988230895e-38
32.918381 26.689570 0.042728 0.781040 0.624481 0.000000 1.6580765988230895e-38
32.642495 27.334492 0.047562 0.763185 0.646180 0.000000 1.6580765988230895e-38
31.838544 28.270423 0.137033 0.744726 0.667370 0.000000 1.6580765988230895e-38
30.642811 29.132471 -0.114521 0.725680 0.688033 0.000000 1.6580765988230895e-38
29.648804 30.242547 -0.140821 0.706060 0.708152 0.000000 1.6580765988230895e-38
29.153773 31.071979 0.133959 0.685883 0.727712 0.000000 1.6580765988230895e-38
28.469089 31.705086 -0.126989 0.665164 0.746697 0.000000 1.6580765988230895e-38
27.342683 32.010246 -0.434134 0.643920 0.765093 0.000000 1.6580765988230895e-38
26.045301 32.973409 0.119932 0.622167 0.782884 0.000000 1.6580765988230895e-38
25.225098 33.888995 0.389768 0.599923 0.800057 0.000000 1.6580765988230895e-38
24.424358 34.926707 -0.280085 0.577206 0.816599 0.000000 1.6580765988230895e-38
23.484729 35.096046 -0.101710 0.554032 0.832495 0.000000 1.6580765988230895e-38
22.794981 35.510517 0.130327 0.530421 0.847734 0.000000 1.6580765988230895e-38
21.592935 36.469676 -0.433817 0.506391 0.862304 0.000000 1.6580765988230895e-38
20.504983 37.079340 0.069803 0.481961 0.876193 0.000000 1.6580765988230895e-38
19.435454 38.279580 -0.071807 0.457151 0.889389 0.000000 1.6580765988230895e-38
18.052060 38.383838 0.065999 0.431979 0.901884 0.000000 1.6580765988230895e-38
17.682577 39.081327 0.107061 0.406466 0.913666 0.000000 1.6580765988230895e-38
16.615882 38.944239 -0.191925 0.380633 0.924726 0.000000 1.6580765988230895e-38
14.788214 39.622962 -0.413006 0.354499 0.935057 0.000000 1.6580765988230895e-38
14.134129 40.080892 -0.441242 0.328084 0.944648 0.000000 1.6580765988230895e-38
12.505295 40.617562 0.251438 0.301411 0.953494 0.000000 1.6580765988230895e-38
12.265258 41.741614 0.124323 0.274500 0.961587 0.000000 1.6580765988230895e-38
10.216433 40.539515 0.080313 0.247372 0.968921 0.000000 1.6580765988230895e-38
9.108166 41.333675 -0.183629 0.220048 0.975489 0.000000 1.6580765988230895e-38
8.141180 42.024490 0.047115 0.192551 0.981287 0.000000 1.6580765988230895e-38
6.960733 41.607479 -0.502405 0.164902 0.986310 0.000000 1.6580765988230895e-38
5.681802 42.082416 0.530379 0.137122 0.990554 0.000000 1.6580765988230895e-38
4.681546 42.540502 -0.149789 0.109234 0.994016 0.000000 1.6580765988230895e-38
3.098084 42.069913 -0.217568 0.081260 0.996693 0.000000 1.6580765988230895e-38
2.900483 42.193349 0.251547 0.053222 0.998583 0.000000 1.6580765988230895e-38
0.797654 42.766037 0.115485 0.025142 0.999684 0.000000 1.6580765988230895e-38
-0.172714 42.487585 -0.196436 -0.002958 0.999996 0.000000 1.6580765988230895e-38
-1.186056 42.343005 -0.367682 -0.031056 0.999518 0.000000 1.6580765988230895e-38
-2.896372 42.477416 0.473727 -0.059129 0.998250 0.000000 1.6580765988230895e-38
-3.656122 42.302683 0.085748 -0.087156 0.996195 0.000000 1.6580765988230895e-38
42.916121 0.065815 2.953645 1.000000 0.000000 0.000000 1.6580765988230895e-38
42.839416 1.323520 3.537650 0.999605 0.028099 0.000000 1.6580765988230895e-38
42.512140 2.021503 2.666475 0.998421 0.056176 0.000000 1.6580765988230895e-38
42.868559 4.098006 3.023067 0.996448 0.084208 0.000000 1.6580765988230895e-38
42.140973 5.208575 2.744809 0.993689 0.112174 0.000000 1.6580765988230895e-38
41.836790 6.148608 2.958542 0.990144 0.140052 0.000000 1.6580765988230895e-38
41.919699 7.087343 3.178195 0.985818 0.167819 0.000000 1.6580765988230895e-38
42.126401 8.338680 3.270105 0.980713 0.195453 0.000000 1.6580765988230895e-38
40.839093 9.465455 2.823954 0.974834 0.222933 0.000000 1.6580765988230895e-38
40.805751 10.377704 2.976686 0.968185 0.250237 0.000000 1.6580765988230895e-38
41.130902 11.395908 3.086113 0.960771 0.277343 0.000000 1.6580765988230895e-38
40.363353 12.838886 3.377750 0.952599 0.304230 0.000000 1.6580765988230895e-38
40.290521 14.471553 3.030571 0.943674 0.330877 0.000000 1.6580765988230895e-38
39.509095 15.125209 3.149672 0.934004 0.357263 0.000000 1.6580765988230895e-38
39.328275 15.977087 3.104070 0.923596 0.383367 0.000000 1.6580765988230895e-38
38.870182 18.154807 3.639976 0.912459 0.409167 0.000000 1.6580765988230895e-38
38.041508 18.396772 2.637890 0.900602 0.434645 0.000000 1.6580765988230895e-38
37.585792 19.646493 3.438679 0.888033 0.459780 0.000000 1.6580765988230895e-38
36.979980 20.408952 2.432736 0.874763 0.484551 0.000000 1.6580765988230895e-38
36.556231 21.323585 2.918091 0.860802 0.508940 0.000000 1.6580765988230895e-38
35.719390 22.634052 2.549605 0.846162 0.532926 0.000000 1.6580765988230895e-38
34.891337 24.303229 2.690696 0.830853 0.556492 0.000000 1.6580765988230895e-38
34.323515 25.198965 3.948443 0.814888 0.579619 0.000000 1.6580765988230895e-38
33.594815 25.501388 3.179390 0.798279 0.602287 0.000000 1.6580765988230895e-38
33.731821 26.259552 3.003340 0.781040 0.624481 0.000000 1.6580765988230895e-38
32.687111 27.608813 2.964076 0.763185 0.646180 0.000000 1.6580765988230895e-38
31.628832 27.966989 3.005471 0.744726 0.667370 0.000000 1.6580765988230895e-38
30.779121 29.327771 2.910325 0.725680 0.688033 0.000000 1.6580765988230895e-38
30.166189 30.417492 3.123552 0.706060 0.708152 0.000000 1.6580765988230895e-38
29.272233 30.961400 3.076948 0.685883 0.727712 0.000000 1.6580765988230895e-38
28.069183 31.847740 3.047737 0.665164 0.746697 0.000000 1.6580765988230895e-38
28.010209 33.007060 3.192677 0.643920 0.765093 0.000000 1.6580765988230895e-38
26.228325 32.957899 3.434266 0.622167 0.782884 0.000000 1.6580765988230895e-38
25.590157 34.165944 2.553547 0.599923 0.800057 0.000000 1.6580765988230895e-38
24.823507 34.861638 2.743794 0.577206 0.816599 0.000000 1.6580765988230895e-38
23.418377 35.480415 3.092663 0.554032 0.832495 0.000000 1.6580765988230895e-38
22.468137 36.018284 3.001330 0.530421 0.847734 0.000000 1.6580765988230895e-38
21.579699 37.110340 2.306926 0.506391 0.862304 0.000000 1.6580765988230895e-38
20.424011 37.312450 3.165721 0.481961 0.876193 0.000000 1.6580765988230895e-38
19.328442 37.293660 3.175322 0.457151 0.889389 0.000000 1.6580765988230895e-38
18.887820 37.891831 3.336071 0.431979 0.901884 0.000000 1.6580765988230895e-38
17.186149 38.834617 2.761054 0.406466 0.913666 0.000000 1.6580765988230895e-38
16.085812 39.713370 3.251720 0.380633 0.924726 0.000000 1.6580765988230895e-38
15.594501 40.115869 3.208649 0.354499 0.935057 0.000000 1.6580765988230895e-38
14.474743 40.302231 3.325320 0.328084 0.944648 0.000000 1.6580765988230895e-38
12.728328 40.566661 2.867696 0.301411 0.953494 0.000000 1.6580765988230895e-38
11.969789 40.537350 3.311628 0.274500 0.961587 0.000000 1.6580765988230895e-38
10.462116 41.554067 3.302184 0.247372 0.968921 0.000000 1.6580765988230895e-38
9.903594 41.701239 2.605311 0.220048 0.975489 0.000000 1.6580765988230895e-38
8.168014 41.376959 2.921439 0.192551 0.981287 0.000000 1.6580765988230895e-38
7.465702 42.133423 2.867244 0.164902 0.986310 0.000000 1.6580765988230895e-38
5.526914 42.132476 2.711955 0.137122 0.990554 0.000000 1.6580765988230895e-38
4.443778 42.363458 3.423517 0.109234 0.994016 0.000000 1.6580765988230895e-38
3.638171 41.696301 3.168233 0.081260 0.996693 0.000000 1.6580765988230895e-38
2.284847 42.588217 3.561786 0.053222 0.998583 0.000000 1.6580765988230895e-38
0.450172 42.333547 3.254195 0.025142 0.999684 0.000000 1.6580765988230895e-38
-0.600273 42.966919 3.187430 -0.002958 0.999996 0.000000 1.6580765988230895e-38
-1.066658 42.332525 3.321052 -0.031056 0.999518 0.000000 1.6580765988230895e-38
-2.193887 42.519780 3.147243 -0.059129 0.998250 0.000000 1.6580765988230895e-38
-3.625136 42.103499 3.032664 -0.087156 0.996195 0.000000 1.6580765988230895e-38
42.551366 0.115018 6.453793 1.000000 0.000000 0.000000 1.6580765988230895e-38
42.262742 1.159436 6.598283 0.999605 0.028099 0.000000 1.6580765988230895e-38
42.306781 2.146258 6.214538 0.998421 0.056176 0.000000 1.6580765988230895e-38
42.699140 3.590465 6.552534 0.996448 0.084208 0.000000 1.6580765988230895e-38
42.585311 5.030855 6.320081 0.993689 0.112174 0.000000 1.6580765988230895e-38
42.875589 5.904258 5.552789 0.990144 0.140052 0.000000 1.6580765988230895e-38
42.474282 7.011283 6.186210 0.985818 0.167819 0.000000 1.6580765988230895e-38
42.168421 7.845057 5.778352 0.980713 0.195453 0.000000 1.6580765988230895e-38
41.044731 9.258060 6.285737 0.974834 0.222933 0.000000 1.6580765988230895e-38
41.399138 10.742250 5.730016 0.968185 0.250237 0.000000 1.6580765988230895e-38
40.233047 11.830323 6.012313 0.960771 0.277343 0.000000 1.6580765988230895e-38
40.715771 13.169923 6.195319 0.952599 0.304230 0.000000 1.6580765988230895e-38
40.425828 14.163185 6.312866 0.943674 0.330877 0.000000 1.6580765988230895e-38
39.574474 15.164493 6.212879 0.934004 0.357263 0.000000 1.6580765988230895e-38
39.588702 16.212191 6.310196 0.923596 0.383367 0.000000 1.6580765988230895e-38
38.788391 17.394091 6.402702 0.912459 0.409167 0.000000 1.6580765988230895e-38
37.765129 18.125688 5.709191 0.900602 0.434645 0.000000 1.6580765988230895e-38
37.127570 19.381806 6.378676 0.888033 0.459780 0.000000 1.6580765988230895e-38
37.176926 20.699810 6.480611 0.874763 0.484551 0.000000 1.6580765988230895e-38
37.066005 21.658620 6.559922 0.860802 0.508940 0.000000 1.6580765988230895e-38
36.071689 22.449909 5.975526 0.846162 0.532926 0.000000 1.6580765988230895e-38
34.947778 23.438529 6.046441 0.830853 0.556492 0.000000 1.6580765988230895e-38
34.952952 25.206320 5.739192 0.814888 0.579619 0.000000 1.6580765988230895e-38
34.122250 25.343548 6.296255 0.798279 0.602287 0.000000 1.6580765988230895e-38
33.230748 26.051801 6.432335 0.781040 0.624481 0.000000 1.6580765988230895e-38
32.327972 27.365257 5.832920 0.763185 0.646180 0.000000 1.6580765988230895e-38
31.526912 28.556411 6.097073 0.744726 0.667370 0.000000 1.6580765988230895e-38
31.010468 29.416788 6.550045 0.725680 0.688033 0.000000 1.6580765988230895e-38
29.973294 29.722176 6.474013 0.706060 0.708152 0.000000 1.6580765988230895e-38
29.117193 31.332811 6.268859 0.685883 0.727712 0.000000 1.6580765988230895e-38
28.294735 31.911786 6.739150 0.665164 0.746697 0.000000 1.6580765988230895e-38
28.052232 32.611569 6.201903 0.643920 0.765093 0.000000 1.6580765988230895e-38
26.825410 33.094921 6.253767 0.622167 0.782884 0.000000 1.6580765988230895e-38
25.547249 34.174320 5.903836 0.599923 0.800057 0.000000 1.6580765988230895e-38
24.110427 34.162868 5.818631 0.577206 0.816599 0.000000 1.6580765988230895e-38
23.462567 35.373950 6.735016 0.554032 0.832495 0.000000 1.6580765988230895e-38
22.926203 35.822420 6.258159 0.530421 0.847734 0.000000 1.6580765988230895e-38
21.448673 36.646361 6.209444 0.506391 0.862304 0.000000 1.6580765988230895e-38
20.715905 37.221508 6.473002 0.481961 0.876193 0.000000 1.6580765988230895e-38
19.130717 37.887328 6.933148 0.457151 0.889389 0.000000 1.6580765988230895e-38
18.467988 38.847613 6.181302 0.431979 0.901884 0.000000 1.6580765988230895e-38
17.488532 38.902497 6.102724 0.406466 0.913666 0.000000 1.6580765988230895e-38
15.980015 39.519770 5.898385 0.380633 0.924726 0.000000 1.6580765988230895e-38
15.300292 40.156306 6.263806 0.354499 0.935057 0.000000 1.6580765988230895e-38
13.889573 40.375496 6.061244 0.328084 0.944648 0.000000 1.6580765988230895e-38
13.119907 40.066692 6.053164 0.301411 0.953494 0.000000 1.6580765988230895e-38
11.095655 40.512329 6.563005 0.274500 0.961587 0.000000 1.6580765988230895e-38
10.805876 41.057389 5.703095 0.247372 0.968921 0.000000 1.6580765988230895e-38
8.484062 41.389976 6.879971 0.220048 0.975489 0.000000 1.6580765988230895e-38
8.332584 41.632130 6.293370 0.192551 0.981287 0.000000 1.6580765988230895e-38
6.556051 41.924772 6.183689 0.164902 0.986310 0.000000 1.6580765988230895e-38
5.815182 42.431998 6.257240 0.137122 0.990554 0.000000 1.6580765988230895e-38
4.853571 42.135711 6.423191 0.109234 0.994016 0.000000 1.6580765988230895e-38
3.950140 42.165205 5.887537 0.081260 0.996693 0.000000 1.6580765988230895e-38
2.667847 42.479347 6.574993 0.053222 0.998583 0.000000 1.6580765988230895e-38
0.938213 43.020171 6.193292 0.025142 0.999684 0.000000 1.6580765988230895e-38
-0.048541 43.066352 6.045315 -0.002958 0.999996 0.000000 1.6580765988230895e-38
-1.605231 42.442007 6.289546 -0.031056 0.999518 0.000000 1.6580765988230895e-38
-2.988461 42.713834 5.992215 -0.059129 0.998250 0.000000 1.6580765988230895e-38
-3.368240 41.716750 5.917876 -0.087156 0.996195 0.000000 1.6580765988230895e-38
42.211996 -0.247869 9.305069 1.000000 0.000000 0.000000 1.6580765988230895e-38
42.647301 1.124321 9.183014 0.999605 0.028099 0.000000 1.6580765988230895e-38
42.711496 2.097159 9.442824 0.998421 0.056176 0.000000 1.6580765988230895e-38
42.765009 3.712722 9.397729 0.996448 0.084208 0.000000 1.6580765988230895e-38
42.537249 5.402383 9.204641 0.993689 0.112174 0.000000 1.6580765988230895e-38
42.204791 5.756668 8.921090 0.990144 0.140052 0.000000 1.6580765988230895e-38
41.738764 6.902229 9.209565 0.985818 0.167819 0.000000 1.6580765988230895e-38
41.994327 8.364690 9.001109 0.980713 0.195453 0.000000 1.6580765988230895e-38
41.912943 9.745058 9.182875 0.974834 0.222933 0.000000 1.6580765988230895e-38
41.162976 10.854128 9.287161 0.968185 0.250237 0.000000 1.6580765988230895e-38
40.607714 11.827130 9.309380 0.960771 0.277343 0.000000 1.6580765988230895e-38
40.423134 13.053045 8.794322 0.952599 0.304230 0.000000 1.6580765988230895e-38
40.712652 14.508781 9.155014 0.943674 0.330877 0.000000 1.6580765988230895e-38
40.007752 14.538562 8.883865 0.934004 0.357263 0.000000 1.6580765988230895e-38
39.365993 16.054989 9.445088 0.923596 0.383367 0.000000 1.6580765988230895e-38
39.577569 17.125802 8.979530 0.912459 0.409167 0.000000 1.6580765988230895e-38
38.542486 19.050476 8.864057 0.900602 0.434645 0.000000 1.6580765988230895e-38
38.009652 20.187222 8.735241 0.888033 0.459780 0.000000 1.6580765988230895e-38
36.983753 20.571931 9.074593 0.874763 0.484551 0.000000 1.6580765988230895e-38
37.015476 21.813346 8.698281 0.860802 0.508940 0.000000 1.6580765988230895e-38
36.300902 22.592252 9.613103 0.846162 0.532926 0.000000 1.6580765988230895e-38
35.304041 23.581216 9.393109 0.830853 0.556492 0.000000 1.6580765988230895e-38
35.039204 24.894545 8.725090 0.814888 0.579619 0.000000 1.6580765988230895e-38
34.262255 25.418183 9.301352 0.798279 0.602287 0.000000 1.6580765988230895e-38
32.937314 26.810415 8.988790 0.781040 0.624481 0.000000 1.6580765988230895e-38
32.216884 27.817640 9.303263 0.763185 0.646180 0.000000 1.6580765988230895e-38
31.628976 28.944025 9.098574 0.744726 0.667370 0.000000 1.6580765988230895e-38
31.009173 29.472009 9.044869 0.725680 0.688033 0.000000 1.6580765988230895e-38
30.302773 30.090751 9.107278 0.706060 0.708152 0.000000 1.6580765988230895e-38
29.708296 30.774174 8.506935 0.685883 0.727712 0.000000 1.6580765988230895e-38
28.897718 32.662163 9.109188 0.665164 0.746697 0.000000 1.6580765988230895e-38
26.925880 32.590043 9.144902 0.643920 0.765093 0.000000 1.6580765988230895e-38
26.520726 33.109186 9.404638 0.622167 0.782884 0.000000 1.6580765988230895e-38
25.784839 33.728484 9.440528 0.599923 0.800057 0.000000 1.6580765988230895e-38
25.272837 34.935007 9.129572 0.577206 0.816599 0.000000 1.6580765988230895e-38
23.624503 35.747061 8.711568 0.554032 0.832495 0.000000 1.6580765988230895e-38
22.707804 36.096326 9.785117 0.530421 0.847734 0.000000 1.6580765988230895e-38
21.579724 37.336215 8.899647 0.506391 0.862304 0.000000 1.6580765988230895e-38
20.764559 37.524962 8.970055 0.481961 0.876193 0.000000 1.6580765988230895e-38
19.581747 38.356632 9.133632 0.457151 0.889389 0.000000 1.6580765988230895e-38
17.945664 38.521339 8.960042 0.431979 0.901884 0.000000 1.6580765988230895e-38
17.260703 39.005439 8.719074 0.406466 0.913666 0.000000 1.6580765988230895e-38
15.775148 39.647019 9.073954 0.380633 0.924726 0.000000 1.6580765988230895e-38
14.374021 40.179141 9.312480 0.354499 0.935057 0.000000 1.6580765988230895e-38
13.800922 39.958383 9.481512 0.328084 0.944648 0.000000 1.6580765988230895e-38
12.980463 41.446090 9.356826 0.301411 0.953494 0.000000 1.6580765988230895e-38
11.842373 41.026941 9.475802 0.274500 0.961587 0.000000 1.6580765988230895e-38
10.754732 41.765809 9.074372 0.247372 0.968921 0.000000 1.6580765988230895e-38
9.269383 41.527146 9.468010 0.220048 0.975489 0.000000 1.6580765988230895e-38
8.674893 41.780902 9.103337 0.192551 0.981287 0.000000 1.6580765988230895e-38
7.138484 42.059399 9.516385 0.164902 0.986310 0.000000 1.6580765988230895e-38
5.182045 42.066417 8.996044 0.137122 0.990554 0.000000 1.6580765988230895e-38
3.970163 42.173221 8.956222 0.109234 0.994016 0.000000 1.6580765988230895e-38
3.410945 42.910554 9.157251 0.081260 0.996693 0.000000 1.6580765988230895e-38
1.964297 42.640306 9.545521 0.053222 0.998583 0.000000 1.6580765988230895e-38
0.781223 42.431260 9.398334 0.025142 0.999684 0.000000 1.6580765988230895e-38
-0.192828 42.911995 9.226675 -0.002958 0.999996 0.000000 1.6580765988230895e-38
-1.116147 42.386808 9.227144 -0.031056 0.999518 0.000000 1.6580765988230895e-38
-2.589084 42.278427 8.761726 -0.059129 0.998250 0.000000 1.6580765988230895e-38
-3.517389 42.450096 8.924085 -0.087156 0.996195 0.000000 1.6580765988230895e-38
42.857123 0.338406 11.623471 1.000000 0.000000 0.000000 1.6580765988230895e-38
42.420051 0.928190 12.746046 0.999605 0.028099 0.000000 1.6580765988230895e-38
42.903031 2.639355 11.965644 0.998421 0.056176 0.000000 1.6580765988230895e-38
42.397792 3.745705 12.325175 0.996448 0.084208 0.000000 1.6580765988230895e-38
42.779925 4.754409 12.391135 0.993689 0.112174 0.000000 1.6580765988230895e-38
42.510735 6.239591 12.549795 0.990144 0.140052 0.000000 1.6580765988230895e-38
41.791801 6.522888 12.608216 0.985818 0.167819 0.000000 1.6580765988230895e-38
42.415156 8.076005 11.749742 0.980713 0.195453 0.000000 1.6580765988230895e-38
41.836410 9.839947 12.846971 0.974834 0.222933 0.000000 1.6580765988230895e-38
41.676434 10.620135 12.039753 0.968185 0.250237 0.000000 1.6580765988230895e-38
41.207036 11.804349 12.003172 0.960771 0.277343 0.000000 1.6580765988230895e-38
41.467744 13.582765 12.648507 0.952599 0.304230 0.000000 1.6580765988230895e-38
40.194117 14.446503 12.499580 0.943674 0.330877 0.000000 1.6580765988230895e-38
40.188430 15.696473 12.498304 0.934004 0.357263 0.000000 1.6580765988230895e-38
39.831332 16.632122 12.409930 0.923596 0.383367 0.000000 1.6580765988230895e-38
38.596627 17.572630 12.140835 0.912459 0.409167 0.000000 1.6580765988230895e-38
38.239237 19.144724 12.826391 0.900602 0.434645 0.000000 1.6580765988230895e-38
38.491933 19.794658 12.712880 0.888033 0.459780 0.000000 1.6580765988230895e-38
37.518685 20.841277 11.979651 0.874763 0.484551 0.000000 1.6580765988230895e-38
37.035443 21.844486 11.916897 0.860802 0.508940 0.000000 1.6580765988230895e-38
36.273109 22.831148 12.846961 0.846162 0.532926 0.000000 1.6580765988230895e-38
35.900198 23.869148 12.382329 0.830853 0.556492 0.000000 1.6580765988230895e-38
34.960524 24.796640 11.982964 0.814888 0.579619 0.000000 1.6580765988230895e-38
34.189672 25.605855 11.932598 0.798279 0.602287 0.000000 1.6580765988230895e-38
33.649047 26.898836 11.771680 0.781040 0.624481 0.000000 1.6580765988230895e-38
32.693115 28.010789 12.625459 0.763185 0.646180 0.000000 1.6580765988230895e-38
32.246065 28.632490 12.054179 0.744726 0.667370 0.000000 1.6580765988230895e-38
30.796375 29.610333 12.421476 0.725680 0.688033 0.000000 1.6580765988230895e-38
30.666278 30.699779 12.268024 0.706060 0.708152 0.000000 1.6580765988230895e-38
29.041498 31.112903 12.372862 0.685883 0.727712 0.000000 1.6580765988230895e-38
28.465587 31.849471 12.383558 0.665164 0.746697 0.000000 1.6580765988230895e-38
27.463949 32.623335 12.401128 0.643920 0.765093 0.000000 1.6580765988230895e-38
26.561655 33.647989 12.389654 0.622167 0.782884 0.000000 1.6580765988230895e-38
25.386469 34.166875 12.739025 0.599923 0.800057 0.000000 1.6580765988230895e-38
24.405401 34.385644 11.749139 0.577206 0.816599 0.000000 1.6580765988230895e-38
23.768937 35.711652 12.272409 0.554032 0.832495 0.000000 1.6580765988230895e-38
23.111876 35.554069 12.426472 0.530421 0.847734 0.000000 1.6580765988230895e-38
22.185501 36.642416 12.193750 0.506391 0.862304 0.000000 1.6580765988230895e-38
20.443502 37.308074 12.209814 0.481961 0.876193 0.000000 1.6580765988230895e-38
20.033593 38.693546 12.206911 0.457151 0.889389 0.000000 1.6580765988230895e-38
19.097361 38.688834 12.833800 0.431979 0.901884 0.000000 1.6580765988230895e-38
17.403718 39.222765 12.417335 0.406466 0.913666 0.000000 1.6580765988230895e-38
17.277463 39.913176 12.095513 0.380633 0.924726 0.000000 1.6580765988230895e-38
15.493714 39.992265 12.160767 0.354499 0.935057 0.000000 1.6580765988230895e-38
14.342797 40.521497 12.391265 0.328084 0.944648 0.000000 1.6580765988230895e-38
12.930502 40.992509 12.435182 0.301411 0.953494 0.000000 1.6580765988230895e-38
11.191099 41.438577 12.013086 0.274500 0.961587 0.000000 1.6580765988230895e-38
10.176085 41.535586 12.332887 0.247372 0.968921 0.000000 1.6580765988230895e-38
9.228930 42.084108 11.905040 0.220048 0.975489 0.000000 1.6580765988230895e-38
8.135654 41.907988 12.293716 0.192551 0.981287 0.000000 1.6580765988230895e-38
7.155631 41.996500 12.524977 0.164902 0.986310 0.000000 1.6580765988230895e-38
5.899521 41.913298 11.720115 0.137122 0.990554 0.000000 1.6580765988230895e-38
4.680930 42.563057 12.276666 0.109234 0.994016 0.000000 1.6580765988230895e-38
3.476537 42.811817 12.591987 0.081260 0.996693 0.000000 1.6580765988230895e-38
1.949153 42.473603 11.979695 0.053222 0.998583 0.000000 1.6580765988230895e-38
1.164911 43.245904 12.178290 0.025142 0.999684 0.000000 1.6580765988230895e-38
-0.877374 42.374591 12.057781 -0.002958 0.999996 0.000000 1.6580765988230895e-38
-1.499183 42.742774 12.319267 -0.031056 0.999518 0.000000 1.6580765988230895e-38
-2.629337 43.125743 12.104887 -0.059129 0.998250 0.000000 1.6580765988230895e-38
-3.996455 42.866445 11.847000 -0.087156 0.996195 0.000000 1.6580765988230895e-38
43.217062 0.030766 15.340383 1.000000 0.000000 0.000000 1.6580765988230895e-38
43.559619 1.024412 16.002705 0.999605 0.028099 0.000000 1.6580765988230895e-38
42.964465 2.038086 15.405591 0.998421 0.056176 0.000000 1.6580765988230895e-38
42.624196 3.403870 15.503725 0.996448 0.084208 0.000000 1.6580765988230895e-38
42.994803 4.648086 15.680837 0.993689 0.112174 0.000000 1.6580765988230895e-38
43.022619 6.467147 15.543439 0.990144 0.140052 0.000000 1.6580765988230895e-38
42.897931 6.668772 15.289243 0.985818 0.167819 0.000000 1.6580765988230895e-38
42.008783 8.459821 15.213181 0.980713 0.195453 0.000000 1.6580765988230895e-38
41.965639 10.173096 15.333699 0.974834 0.222933 0.000000 1.6580765988230895e-38
41.853046 10.715564 15.407329 0.968185 0.250237 0.000000 1.6580765988230895e-38
41.411181 12.088027 15.734208 0.960771 0.277343 0.000000 1.6580765988230895e-38
41.551361 13.205260 15.561479 0.952599 0.304230 0.000000 1.6580765988230895e-38
40.327226 14.234500 15.666702 0.943674 0.330877 0.000000 1.6580765988230895e-38
40.515499 15.461574 15.650534 0.934004 0.357263 0.000000 1.6580765988230895e-38
39.954372 16.883251 15.471423 0.923596 0.383367 0.000000 1.6580765988230895e-38
39.220429 17.735930 14.505437 0.912459 0.409167 0.000000 1.6580765988230895e-38
38.930943 17.638746 14.867576 0.900602 0.434645 0.000000 1.6580765988230895e-38
38.409894 19.959827 15.035887 0.888033 0.459780 0.000000 1.6580765988230895e-38
37.488793 21.295380 15.239406 0.874763 0.484551 0.000000 1.6580765988230895e-38
37.773586 21.934798 15.507026 0.860802 0.508940 0.000000 1.6580765988230895e-38
36.954759 23.008516 15.083912 0.846162 0.532926 0.000000 1.6580765988230895e-38
35.776965 23.974219 14.975193 0.830853 0.556492 0.000000 1.6580765988230895e-38
35.045041 24.758998 15.661923 0.814888 0.579619 0.000000 1.6580765988230895e-38
34.416345 25.873842 15.352761 0.798279 0.602287 0.000000 1.6580765988230895e-38
33.729898 27.100250 15.084702 0.781040 0.624481 0.000000 1.6580765988230895e-38
32.580901 28.181880 15.260914 0.763185 0.646180 0.000000 1.6580765988230895e-38
31.672765 28.896896 15.523626 0.744726 0.667370 0.000000 1.6580765988230895e-38
30.817694 29.723157 15.605290 0.725680 0.688033 0.000000 1.6580765988230895e-38
30.543616 30.711050 14.963335 0.706060 0.708152 0.000000 1.6580765988230895e-38
29.660972 31.273709 15.239778 0.685883 0.727712 0.000000 1.6580765988230895e-38
28.929842 32.626547 15.922926 0.665164 0.746697 0.000000 1.6580765988230895e-38
28.147492 32.942700 15.490431 0.643920 0.765093 0.000000 1.6580765988230895e-38
27.045554 33.778788 15.423845 0.622167 0.782884 0.000000 1.6580765988230895e-38
26.103914 34.464817 15.165829 0.599923 0.800057 0.000000 1.6580765988230895e-38
24.753308 35.385710 15.385513 0.577206 0.816599 0.000000 1.6580765988230895e-38
23.980928 36.081702 15.272163 0.554032 0.832495 0.000000 1.6580765988230895e-38
23.088097 36.651137 15.014171 0.530421 0.847734 0.000000 1.6580765988230895e-38
22.258218 37.015213 14.888087 0.506391 0.862304 0.000000 1.6580765988230895e-38
20.459082 37.457725 15.400267 0.481961 0.876193 0.000000 1.6580765988230895e-38
19.621104 38.231768 15.570526 0.457151 0.889389 0.000000 1.6580765988230895e-38
18.720326 38.966139 15.507564 0.431979 0.901884 0.000000 1.6580765988230895e-38
17.703604 38.746748 15.275284 0.406466 0.913666 0.000000 1.6580765988230895e-38
15.751267 39.866664 15.383225 0.380633 0.924726 0.000000 1.6580765988230895e-38
15.592600 40.657373 15.445448 0.354499 0.935057 0.000000 1.6580765988230895e-38
13.990376 40.860042 15.226240 0.328084 0.944648 0.000000 1.6580765988230895e-38
12.990444 41.391592 15.217284 0.301411 0.953494 0.000000 1.6580765988230895e-38
12.072684 41.647776 15.098178 0.274500 0.961587 0.000000 1.6580765988230895e-38
10.953924 41.970200 15.415193 0.247372 0.968921 0.000000 1.6580765988230895e-38
9.255415 41.785964 15.223317 0.220048 0.975489 0.000000 1.6580765988230895e-38
8.461756 42.006932 15.515869 0.192551 0.981287 0.000000 1.6580765988230895e-38
6.734763 42.448893 15.417510 0.164902 0.986310 0.000000 1.6580765988230895e-38
6.643528 42.279841 15.826220 0.137122 0.990554 0.000000 1.6580765988230895e-38
4.752974 42.965595 15.420120 0.109234 0.994016 0.000000 1.6580765988230895e-38
3.635754 42.911512 15.820830 0.081260 0.996693 0.000000 1.6580765988230895e-38
2.156943 43.378739 15.191305 0.053222 0.998583 0.000000 1.6580765988230895e-38
1.065545 42.764941 15.521123 0.025142 0.999684 0.000000 1.6580765988230895e-38
0.306040 43.076759 15.325550 -0.002958 0.999996 0.000000 1.6580765988230895e-38
-1.672901 43.010577 14.906777 -0.031056 0.999518 0.000000 1.6580765988230895e-38
-2.822341 43.092779 15.780319 -0.059129 0.998250 0.000000 1.6580765988230895e-38
-2.913663 42.760170 15.815205 -0.087156 0.996195 0.000000 1.6580765988230895e-38
43.432206 -0.045374 18.591317 1.000000 0.000000 0.000000 1.6580765988230895e-38
43.360534 1.251468 18.339039 0.999605 0.028099 0.000000 1.6580765988230895e-38
42.871178 1.972649 18.657512 0.998421 0.056176 0.000000 1.6580765988230895e-38
43.122065 3.472374 18.464090 0.996448 0.084208 0.000000 1.6580765988230895e-38
43.323900 4.917890 18.264722 0.993689 0.112174 0.000000 1.6580765988230895e-38
43.299628 6.546276 18.609905 0.990144 0.140052 0.000000 1.6580765988230895e-38
43.036255 7.649052 18.800568 0.985818 0.167819 0.000000 1.6580765988230895e-38
42.707046 8.654165 18.617437 0.980713 0.195453 0.000000 1.6580765988230895e-38
41.938695 9.876383 18.054794 0.974834 0.222933 0.000000 1.6580765988230895e-38
41.741216 11.241107 18.713605 0.968185 0.250237 0.000000 1.6580765988230895e-38
42.104364 11.943838 18.115864 0.960771 0.277343 0.000000 1.6580765988230895e-38
41.231663 13.221756 18.485235 0.952599 0.304230 0.000000 1.6580765988230895e-38
41.256931 14.238155 18.567149 0.943674 0.330877 0.000000 1.6580765988230895e-38
40.200958 15.625691 18.462471 0.934004 0.357263 0.000000 1.6580765988230895e-38
39.821340 16.551673 18.406286 0.923596 0.383367 0.000000 1.6580765988230895e-38
39.482351 18.272524 18.432005 0.912459 0.409167 0.000000 1.6580765988230895e-38
38.976098 18.216575 18.193276 0.900602 0.434645 0.000000 1.6580765988230895e-38
38.425376 19.729861 18.876051 0.888033 0.459780 0.000000 1.6580765988230895e-38
37.879441 21.396213 18.480050 0.874763 0.484551 0.000000 1.6580765988230895e-38
37.334762 22.040512 18.462677 0.860802 0.508940 0.000000 1.6580765988230895e-38
37.204428 22.411312 17.861075 0.846162 0.532926 0.000000 1.6580765988230895e-38
35.862061 24.133351 18.668570 0.830853 0.556492 0.000000 1.6580765988230895e-38
35.474712 25.016460 18.767252 0.814888 0.579619 0.000000 1.6580765988230895e-38
34.921715 26.169846 18.750336 0.798279 0.602287 0.000000 1.6580765988230895e-38
33.946987 26.908455 18.670884 0.781040 0.624481 0.000000 1.6580765988230895e-38
33.124170 28.018190 18.903425 0.763185 0.646180 0.000000 1.6580765988230895e-38
31.555384 28.511246 18.105417 0.744726 0.667370 0.000000 1.6580765988230895e-38
31.355828 29.756080 18.009341 0.725680 0.688033 0.000000 1.6580765988230895e-38
30.318570 30.446562 19.198766 0.706060 0.708152 0.000000 1.6580765988230895e-38
30.279776 31.429393 18.352463 0.685883 0.727712 0.000000 1.6580765988230895e-38
28.496142 31.803665 18.426474 0.665164 0.746697 0.000000 1.6580765988230895e-38
27.620421 33.148267 17.981477 0.643920 0.765093 0.000000 1.6580765988230895e-38
26.748010 33.989731 18.571401 0.622167 0.782884 0.000000 1.6580765988230895e-38
26.137365 34.293610 18.717944 0.599923 0.800057 0.000000 1.6580765988230895e-38
24.787039 35.596833 18.458347 0.577206 0.816599 0.000000 1.6580765988230895e-38
23.609402 36.001374 18.571148 0.554032 0.832495 0.000000 1.6580765988230895e-38
23.182452 36.714688 18.921072 0.530421 0.847734 0.000000 1.6580765988230895e-38
22.258898 37.311713 18.686575 0.506391 0.862304 0.000000 1.6580765988230895e-38
21.477525 38.579052 18.093138 0.481961 0.876193 0.000000 1.6580765988230895e-38
19.543667 39.008578 18.144054 0.457151 0.889389 0.000000 1.6580765988230895e-38
18.333451 38.958987 18.587606 0.431979 0.901884 0.000000 1.6580765988230895e-38
17.593289 39.420537 18.259275 0.406466 0.913666 0.000000 1.6580765988230895e-38
16.290184 39.831428 19.146028 0.380633 0.924726 0.000000 1.6580765988230895e-38
15.459982 40.809221 18.314815 0.354499 0.935057 0.000000 1.6580765988230895e-38
14.169647 40.745021 17.666026 0.328084 0.944648 0.000000 1.6580765988230895e-38
12.655502 40.799450 17.786603 0.301411 0.953494 0.000000 1.6580765988230895e-38
11.543448 42.091022 18.448208 0.274500 0.961587 0.000000 1.6580765988230895e-38
11.112976 42.134804 18.696306 0.247372 0.968921 0.000000 1.6580765988230895e-38
9.270819 42.453491 18.680153 0.220048 0.975489 0.000000 1.6580765988230895e-38
8.175840 42.715562 18.631395 0.192551 0.981287 0.000000 1.6580765988230895e-38
6.985121 42.428664 18.106300 0.164902 0.986310 0.000000 1.6580765988230895e-38
5.971445 43.047619 18.223781 0.137122 0.990554 0.000000 1.6580765988230895e-38
4.744281 43.270781 18.646996 0.109234 0.994016 0.000000 1.6580765988230895e-38
3.988940 43.598781 18.161151 0.081260 0.996693 0.000000 1.6580765988230895e-38
2.812740 43.138334 18.775000 0.053222 0.998583 0.000000 1.6580765988230895e-38
1.110527 43.221729 17.919229 0.025142 0.999684 0.000000 1.6580765988230895e-38
-0.179733 42.891075 18.751728 -0.002958 0.999996 0.000000 1.6580765988230895e-38
-0.891520 43.099092 18.552130 -0.031056 0.999518 0.000000 1.6580765988230895e-38
-2.781405 43.094671 18.693887 -0.059129 0.998250 0.000000 1.6580765988230895e-38
-3.790554 43.715980 18.316869 -0.087156 0.996195 0.000000 1.6580765988230895e-38
43.960875 0.029224 21.777195 1.000000 0.000000 0.000000 1.6580765988230895e-38
43.509687 1.211968 21.503812 0.999605 0.028099 0.000000 1.6580765988230895e-38
43.341311 2.651326 21.733536 0.998421 0.056176 0.000000 1.6580765988230895e-38
43.684064 4.137721 21.973265 0.996448 0.084208 0.000000 1.6580765988230895e-38
43.273025 5.009572 21.351381 0.993689 0.112174 0.000000 1.6580765988230895e-38
43.237765 5.934890 22.024483 0.990144 0.140052 0.000000 1.6580765988230895e-38
43.150977 7.261735 21.896547 0.985818 0.167819 0.000000 1.6580765988230895e-38
42.167802 7.929456 21.777213 0.980713 0.195453 0.000000 1.6580765988230895e-38
42.580431 9.808625 21.140543 0.974834 0.222933 0.000000 1.6580765988230895e-38
42.265012 11.526660 21.785721 0.968185 0.250237 0.000000 1.6580765988230895e-38
41.999204 11.977380 21.420090 0.960771 0.277343 0.000000 1.6580765988230895e-38
40.952715 13.360315 21.792106 0.952599 0.304230 0.000000 1.6580765988230895e-38
40.729125 14.248034 21.191222 0.943674 0.330877 0.000000 1.6580765988230895e-38
40.490005 15.614532 20.913141 0.934004 0.357263 0.000000 1.6580765988230895e-38
40.509486 16.964353 21.463131 0.923596 0.383367 0.000000 1.6580765988230895e-38
39.094743 17.565762 21.908332 0.912459 0.409167 0.000000 1.6580765988230895e-38
38.487845 18.872814 21.184461 0.900602 0.434645 0.000000 1.6580765988230895e-38
39.013850 19.871934 21.659648 0.888033 0.459780 0.000000 1.6580765988230895e-38
38.362734 21.706879 21.477579 0.874763 0.484551 0.000000 1.6580765988230895e-38
37.696365 21.775331 21.895586 0.860802 0.508940 0.000000 1.6580765988230895e-38
36.716174 23.099910 21.531787 0.846162 0.532926 0.000000 1.6580765988230895e-38
35.807060 24.365681 21.828701 0.830853 0.556492 0.000000 1.6580765988230895e-38
35.666758 24.830106 21.501319 0.814888 0.579619 0.000000 1.6580765988230895e-38
35.076341 25.733119 21.216032 0.798279 0.602287 0.000000 1.6580765988230895e-38
34.364026 27.346518 21.662053 0.781040 0.624481 0.000000 1.6580765988230895e-38
33.879312 28.353497 21.735828 0.763185 0.646180 0.000000 1.6580765988230895e-38
33.328773 29.073952 21.299097 0.744726 0.667370 0.000000 1.6580765988230895e-38
31.812296 30.171942 21.380447 0.725680 0.688033 0.000000 1.6580765988230895e-38
30.517625 31.611625 21.636515 0.706060 0.708152 0.000000 1.6580765988230895e-38
29.726700 32.047462 21.505718 0.685883 0.727712 0.000000 1.6580765988230895e-38
28.965914 32.770285 21.150897 0.665164 0.746697 0.000000 1.6580765988230895e-38
28.220025 33.978663 21.678315 0.643920 0.765093 0.000000 1.6580765988230895e-38
27.051630 34.029438 21.415360 0.622167 0.782884 0.000000 1.6580765988230895e-38
26.117108 34.818028 21.813355 0.599923 0.800057 0.000000 1.6580765988230895e-38
24.681453 35.912184 21.424556 0.577206 0.816599 0.000000 1.6580765988230895e-38
24.302717 36.009546 21.937051 0.554032 0.832495 0.000000 1.6580765988230895e-38
23.532437 37.300873 21.084035 0.530421 0.847734 0.000000 1.6580765988230895e-38
22.358308 37.770577 21.056880 0.506391 0.862304 0.000000 1.6580765988230895e-38
21.035648 38.364873 21.705284 0.481961 0.876193 0.000000 1.6580765988230895e-38
20.012862 38.919063 21.980545 0.457151 0.889389 0.000000 1.6580765988230895e-38
19.228479 38.517093 21.443230 0.431979 0.901884 0.000000 1.6580765988230895e-38
17.697364 39.365998 21.566716 0.406466 0.913666 0.000000 1.6580765988230895e-38
16.993462 40.048573 21.639382 0.380633 0.924726 0.000000 1.6580765988230895e-38
15.203038 40.624001 21.981680 0.354499 0.935057 0.000000 1.6580765988230895e-38
14.161746 41.383030 20.977096 0.328084 0.944648 0.000000 1.6580765988230895e-38
13.718625 41.811381 21.483712 0.301411 0.953494 0.000000 1.6580765988230895e-38
12.157617 41.560983 21.893221 0.274500 0.961587 0.000000 1.6580765988230895e-38
10.703316 42.242897 21.390965 0.247372 0.968921 0.000000 1.6580765988230895e-38
9.433346 42.799299 21.615234 0.220048 0.975489 0.000000 1.6580765988230895e-38
8.602508 42.841405 21.692421 0.192551 0.981287 0.000000 1.6580765988230895e-38
7.074132 43.732274 21.068082 0.164902 0.986310 0.000000 1.6580765988230895e-38
6.365185 43.659030 21.282814 0.137122 0.990554 0.000000 1.6580765988230895e-38
5.438075 43.698454 21.829803 0.109234 0.994016 0.000000 1.6580765988230895e-38
3.556323 43.451515 21.475639 0.081260 0.996693 0.000000 1.6580765988230895e-38
2.440897 44.019549 21.592856 0.053222 0.998583 0.000000 1.6580765988230895e-38
0.824290 43.894601 21.814807 0.025142 0.999684 0.000000 1.6580765988230895e-38
0.067241 43.884533 21.457183 -0.002958 0.999996 0.000000 1.6580765988230895e-38
-1.634633 43.379556 21.047823 -0.031056 0.999518 0.000000 1.6580765988230895e-38
-2.510560 43.559648 21.406465 -0.059129 0.998250 0.000000 1.6580765988230895e-38
-4.691999 43.120736 21.874714 -0.087156 0.996195 0.000000 1.6580765988230895e-38
43.804791 0.108178 24.198179 1.000000 0.000000 0.000000 1.6580765988230895e-38
44.418416 1.193268 24.702397 0.999605 0.028099 0.000000 1.6580765988230895e-38
44.632426 2.926908 24.523415 0.998421 0.056176 0.000000 1.6580765988230895e-38
43.669917 3.607860 24.768354 0.996448 0.084208 0.000000 1.6580765988230895e-38
43.694881 4.817571 25.055539 0.993689 0.112174 0.000000 1.6580765988230895e-38
43.536219 6.852744 24.642607 0.990144 0.140052 0.000000 1.6580765988230895e-38
43.915702 7.491919 24.904273 0.985818 0.167819 0.000000 1.6580765988230895e-38
42.938091 8.344620 24.753296 0.980713 0.195453 0.000000 1.6580765988230895e-38
43.193327 9.822057 24.229467 0.974834 0.222933 0.000000 1.6580765988230895e-38
42.196094 10.583324 24.085098 0.968185 0.250237 0.000000 1.6580765988230895e-38
42.310783 12.541768 24.611360 0.960771 0.277343 0.000000 1.6580765988230895e-38
41.240191 13.330178 24.566545 0.952599 0.304230 0.000000 1.6580765988230895e-38
42.154390 14.122844 24.498181 0.943674 0.330877 0.000000 1.6580765988230895e-38
41.611827 15.856059 24.784379 0.934004 0.357263 0.000000 1.6580765988230895e-38
40.676471 16.968715 24.848667 0.923596 0.383367 0.000000 1.6580765988230895e-38
39.909178 18.268493 24.203484 0.912459 0.409167 0.000000 1.6580765988230895e-38
39.728755 19.179822 24.430497 0.900602 0.434645 0.000000 1.6580765988230895e-38
39.070362 20.045458 24.293874 0.888033 0.459780 0.000000 1.6580765988230895e-38
38.387147 20.991067 24.712224 0.874763 0.484551 0.000000 1.6580765988230895e-38
37.533871 22.609061 24.260941 0.860802 0.508940 0.000000 1.6580765988230895e-38
37.064760 23.263605 25.012929 0.846162 0.532926 0.000000 1.6580765988230895e-38
36.660082 24.424465 24.765000 0.830853 0.556492 0.000000 1.6580765988230895e-38
35.226312 25.492705 25.214639 0.814888 0.579619 0.000000 1.6580765988230895e-38
35.167330 26.523538 24.779823 0.798279 0.602287 0.000000 1.6580765988230895e-38
34.637723 26.880512 24.110687 0.781040 0.624481 0.000000 1.6580765988230895e-38
33.646403 28.220176 25.008992 0.763185 0.646180 0.000000 1.6580765988230895e-38
32.676516 28.786712 24.234980 0.744726 0.667370 0.000000 1.6580765988230895e-38
31.108039 30.206074 24.558869 0.725680 0.688033 0.000000 1.6580765988230895e-38
30.942258 31.485306 24.974941 0.706060 0.708152 0.000000 1.6580765988230895e-38
30.130599 31.381956 24.800569 0.685883 0.727712 0.000000 1.6580765988230895e-38
29.436608 32.950616 24.909829 0.665164 0.746697 0.000000 1.6580765988230895e-38
27.985721 34.269910 24.327556 0.643920 0.765093 0.000000 1.6580765988230895e-38
27.602729 33.943977 24.336305 0.622167 0.782884 0.000000 1.6580765988230895e-38
26.854044 35.127604 24.867361 0.599923 0.800057 0.000000 1.6580765988230895e-38
25.470545 35.902276 25.024540 0.577206 0.816599 0.000000 1.6580765988230895e-38
24.308726 36.099054 24.374413 0.554032 0.832495 0.000000 1.6580765988230895e-38
23.506094 37.422510 24.145267 0.530421 0.847734 0.000000 1.6580765988230895e-38
22.066014 37.770464 24.505744 0.506391 0.862304 0.000000 1.6580765988230895e-38
20.795526 38.367627 24.396801 0.481961 0.876193 0.000000 1.6580765988230895e-38
20.347995 39.379584 24.571641 0.457151 0.889389 0.000000 1.6580765988230895e-38
18.891271 39.728627 24.370412 0.431979 0.901884 0.000000 1.6580765988230895e-38
17.542170 39.923045 24.424941 0.406466 0.913666 0.000000 1.6580765988230895e-38
16.400389 40.740440 24.834299 0.380633 0.924726 0.000000 1.6580765988230895e-38
15.123286 41.153936 24.549404 0.354499 0.935057 0.000000 1.6580765988230895e-38
14.539534 41.564598 24.179305 0.328084 0.944648 0.000000 1.6580765988230895e-38
12.884628 41.966561 24.924019 0.301411 0.953494 0.000000 1.6580765988230895e-38
11.414879 42.417573 24.972271 0.274500 0.961587 0.000000 1.6580765988230895e-38
10.839478 42.801620 24.404464 0.247372 0.968921 0.000000 1.6580765988230895e-38
9.647231 42.439319 23.912082 0.220048 0.975489 0.000000 1.6580765988230895e-38
8.755878 42.885229 24.478726 0.192551 0.981287 0.000000 1.6580765988230895e-38
6.840432 42.978771 24.563233 0.164902 0.986310 0.000000 1.6580765988230895e-38
5.815078 43.701913 24.751146 0.137122 0.990554 0.000000 1.6580765988230895e-38
4.903027 43.812439 25.088715 0.109234 0.994016 0.000000 1.6580765988230895e-38
3.255519 43.842173 24.955192 0.081260 0.996693 0.000000 1.6580765988230895e-38
2.721360 43.515283 24.521678 0.053222 0.998583 0.000000 1.6580765988230895e-38
1.513786 44.142693 24.673964 0.025142 0.999684 0.000000 1.6580765988230895e-38
-0.195478 43.888846 24.701850 -0.002958 0.999996 0.000000 1.6580765988230895e-38
-1.442304 43.970180 24.638964 -0.031056 0.999518 0.000000 1.6580765988230895e-38
-2.805353 44.086826 25.489658 -0.059129 0.998250 0.000000 1.6580765988230895e-38
-4.368313 43.933934 24.387328 -0.087156 0.996195 0.000000 1.6580765988230895e-38
44.559390 0.013967 27.920864 1.000000 0.000000 0.000000 1.6580765988230895e-38
44.721295 1.304936 28.031923 0.999605 0.028099 0.000000 1.6580765988230895e-38
43.612789 2.970570 27.804826 0.998421 0.056176 0.000000 1.6580765988230895e-38
44.551870 3.371727 27.443077 0.996448 0.084208 0.000000 1.6580765988230895e-38
44.149809 4.973883 27.777228 0.993689 0.112174 0.000000 1.6580765988230895e-38
44.274061 5.686800 27.984453 0.990144 0.140052 0.000000 1.6580765988230895e-38
43.759164 7.387694 27.250973 0.985818 0.167819 0.000000 1.6580765988230895e-38
43.681011 7.951177 27.886826 0.980713 0.195453 0.000000 1.6580765988230895e-38
42.821506 9.911176 27.656557 0.974834 0.222933 0.000000 1.6580765988230895e-38
43.324870 11.053457 27.484066 0.968185 0.250237 0.000000 1.6580765988230895e-38
42.492961 12.692062 27.853197 0.960771 0.277343 0.000000 1.6580765988230895e-38
42.166510 13.432685 27.222155 0.952599 0.304230 0.000000 1.6580765988230895e-38
42.002606 14.158432 27.917847 0.943674 0.330877 0.000000 1.6580765988230895e-38
41.495438 16.573622 27.362267 0.934004 0.357263 0.000000 1.6580765988230895e-38
40.964102 17.555660 28.049725 0.923596 0.383367 0.000000 1.6580765988230895e-38
40.291711 18.228563 27.692907 0.912459 0.409167 0.000000 1.6580765988230895e-38
40.058852 19.082626 27.665512 0.900602 0.434645 0.000000 1.6580765988230895e-38
38.936972 20.448389 27.827314 0.888033 0.459780 0.000000 1.6580765988230895e-38
38.759157 21.022842 27.988867 0.874763 0.484551 0.000000 1.6580765988230895e-38
38.317072 22.372073 27.608128 0.860802 0.508940 0.000000 1.6580765988230895e-38
37.107673 23.346936 27.530964 0.846162 0.532926 0.000000 1.6580765988230895e-38
37.246899 24.508709 27.884372 0.830853 0.556492 0.000000 1.6580765988230895e-38
36.008254 25.801438 27.649889 0.814888 0.579619 0.000000 1.6580765988230895e-38
35.694478 26.572788 27.220549 0.798279 0.602287 0.000000 1.6580765988230895e-38
34.252807 27.558734 27.317590 0.781040 0.624481 0.000000 1.6580765988230895e-38
33.997908 28.541743 28.404690 0.763185 0.646180 0.000000 1.6580765988230895e-38
32.534232 29.683090 27.353922 0.744726 0.667370 0.000000 1.6580765988230895e-38
32.062124 30.581559 26.994696 0.725680 0.688033 0.000000 1.6580765988230895e-38
31.410352 32.003022 27.556276 0.706060 0.708152 0.000000 1.6580765988230895e-38
30.521659 32.607820 27.643122 0.685883 0.727712 0.000000 1.6580765988230895e-38
29.349798 32.460308 27.884605 0.665164 0.746697 0.000000 1.6580765988230895e-38
28.547190 33.655736 27.730287 0.643920 0.765093 0.000000 1.6580765988230895e-38
27.440520 34.590708 27.874195 0.622167 0.782884 0.000000 1.6580765988230895e-38
26.226784 35.825682 27.273002 0.599923 0.800057 0.000000 1.6580765988230895e-38
25.421134 36.822580 28.030514 0.577206 0.816599 0.000000 1.6580765988230895e-38
24.620640 36.669121 27.533526 0.554032 0.832495 0.000000 1.6580765988230895e-38
23.565335 37.638941 27.665046 0.530421 0.847734 0.000000 1.6580765988230895e-38
22.467504 38.210060 27.259714 0.506391 0.862304 0.000000 1.6580765988230895e-38
21.237451 39.165222 27.281807 0.481961 0.876193 0.000000 1.6580765988230895e-38
20.234295 39.230659 27.725713 0.457151 0.889389 0.000000 1.6580765988230895e-38
19.057305 40.474378 27.844283 0.431979 0.901884 0.000000 1.6580765988230895e-38
17.647945 40.755491 27.459912 0.406466 0.913666 0.000000 1.6580765988230895e-38
16.721730 41.139204 27.544783 0.380633 0.924726 0.000000 1.6580765988230895e-38
16.002687 41.271227 27.506624 0.354499 0.935057 0.000000 1.6580765988230895e-38
14.365495 41.759634 28.022065 0.328084 0.944648 0.000000 1.6580765988230895e-38
13.567120 42.834943 28.372601 0.301411 0.953494 0.000000 1.6580765988230895e-38
11.874776 42.702297 27.339448 0.274500 0.961587 0.000000 1.6580765988230895e-38
10.746598 42.817652 27.375161 0.247372 0.968921 0.000000 1.6580765988230895e-38
9.451531 43.254935 27.327292 0.220048 0.975489 0.000000 1.6580765988230895e-38
8.799239 43.280244 28.535178 0.192551 0.981287 0.000000 1.6580765988230895e-38
7.183940 43.800128 27.303705 0.164902 0.986310 0.000000 1.6580765988230895e-38
6.598158 44.302754 27.781382 0.137122 0.990554 0.000000 1.6580765988230895e-38
4.444458 44.183763 27.355878 0.109234 0.994016 0.000000 1.6580765988230895e-38
4.045544 44.482139 27.720939 0.081260 0.996693 0.000000 1.6580765988230895e-38
1.631416 44.028236 27.898636 0.053222 0.998583 0.000000 1.6580765988230895e-38
1.479819 44.704890 27.214704 0.025142 0.999684 0.000000 1.6580765988230895e-38
-0.040837 44.690630 27.194807 -0.002958 0.999996 0.000000 1.6580765988230895e-38
-1.380826 44.446912 27.602078 -0.031056 0.999518 0.000000 1.6580765988230895e-38
-3.180167 44.210799 27.594116 -0.059129 0.998250 0.000000 1.6580765988230895e-38
-3.912931 44.048225 27.559404 -0.087156 0.996195 0.000000 1.6580765988230895e-38
44.792655 0.132736 30.677903 1.000000 0.000000 0.000000 1.6580765988230895e-38
44.663981 1.286672 30.192956 0.999605 0.028099 0.000000 1.6580765988230895e-38
44.876926 2.516769 30.781139 0.998421 0.056176 0.000000 1.6580765988230895e-38
44.933649 3.187078 30.177081 0.996448 0.084208 0.000000 1.6580765988230895e-38
44.603926 5.023792 30.820284 0.993689 0.112174 0.000000 1.6580765988230895e-38
44.224343 6.474269 31.049022 0.990144 0.140052 0.000000 1.6580765988230895e-38
44.314338 7.440795 30.136924 0.985818 0.167819 0.000000 1.6580765988230895e-38
44.171196 9.123705 30.962598 0.980713 0.195453 0.000000 1.6580765988230895e-38
43.413113 10.190551 31.027390 0.974834 0.222933 0.000000 1.6580765988230895e-38
43.846740 10.948919 30.701294 0.968185 0.250237 0.000000 1.6580765988230895e-38
43.271108 12.443459 30.434032 0.960771 0.277343 0.000000 1.6580765988230895e-38
42.805149 13.804507 30.795620 0.952599 0.304230 0.000000 1.6580765988230895e-38
42.346771 14.747203 31.212714 0.943674 0.330877 0.000000 1.6580765988230895e-38
41.577429 15.830819 30.772526 0.934004 0.357263 0.000000 1.6580765988230895e-38
41.645017 16.727362 30.376142 0.923596 0.383367 0.000000 1.6580765988230895e-38
40.271027 18.342377 30.433739 0.912459 0.409167 0.000000 1.6580765988230895e-38
40.235710 19.672498 30.576768 0.900602 0.434645 0.000000 1.6580765988230895e-38
39.857324 20.510421 30.970865 0.888033 0.459780 0.000000 1.6580765988230895e-38
39.335920 21.502512 30.718635 0.874763 0.484551 0.000000 1.6580765988230895e-38
38.880996 22.920830 30.350142 0.860802 0.508940 0.000000 1.6580765988230895e-38
38.108592 23.552151 31.192985 0.846162 0.532926 0.000000 1.6580765988230895e-38
37.533230 25.020360 30.816401 0.830853 0.556492 0.000000 1.6580765988230895e-38
36.447986 26.173122 30.657997 0.814888 0.579619 0.000000 1.6580765988230895e-38
35.837230 27.246808 30.600689 0.798279 0.602287 0.000000 1.6580765988230895e-38
34.809319 27.621269 30.449889 0.781040 0.624481 0.000000 1.6580765988230895e-38
33.645641 29.170783 31.311905 0.763185 0.646180 0.000000 1.6580765988230895e-38
33.794737 29.413401 30.986687 0.744726 0.667370 0.000000 1.6580765988230895e-38
32.940399 30.689962 30.799665 0.725680 0.688033 0.000000 1.6580765988230895e-38
31.032351 31.808460 30.450163 0.706060 0.708152 0.000000 1.6580765988230895e-38
30.790579 32.136456 30.932088 0.685883 0.727712 0.000000 1.6580765988230895e-38
30.109743 33.220492 30.428154 0.665164 0.746697 0.000000 1.6580765988230895e-38
28.203748 34.199731 30.594753 0.643920 0.765093 0.000000 1.6580765988230895e-38
27.410631 35.212698 30.634240 0.622167 0.782884 0.000000 1.6580765988230895e-38
26.556584 35.679858 31.090622 0.599923 0.800057 0.000000 1.6580765988230895e-38
26.042327 36.548351 30.954962 0.577206 0.816599 0.000000 1.6580765988230895e-38
24.474891 37.309306 30.813427 0.554032 0.832495 0.000000 1.6580765988230895e-38
23.624328 38.113012 30.535101 0.530421 0.847734 0.000000 1.6580765988230895e-38
22.841573 38.800716 29.894083 0.506391 0.862304 0.000000 1.6580765988230895e-38
21.951148 38.343143 30.584416 0.481961 0.876193 0.000000 1.6580765988230895e-38
20.790037 39.753518 30.329375 0.457151 0.889389 0.000000 1.6580765988230895e-38
19.026513 40.716578 30.192779 0.431979 0.901884 0.000000 1.6580765988230895e-38
18.550248 40.919867 30.411512 0.406466 0.913666 0.000000 1.6580765988230895e-38
16.879151 41.126794 31.029098 0.380633 0.924726 0.000000 1.6580765988230895e-38
16.102880 41.379057 30.648153 0.354499 0.935057 0.000000 1.6580765988230895e-38
14.440720 42.712618 30.364201 0.328084 0.944648 0.000000 1.6580765988230895e-38
13.985860 42.710911 30.420650 0.301411 0.953494 0.000000 1.6580765988230895e-38
12.095659 42.843012 30.386845 0.274500 0.961587 0.000000 1.6580765988230895e-38
11.111828 43.043697 30.115121 0.247372 0.968921 0.000000 1.6580765988230895e-38
9.745262 43.165506 30.543583 0.220048 0.975489 0.000000 1.6580765988230895e-38
8.354433 43.704773 31.369520 0.192551 0.981287 0.000000 1.6580765988230895e-38
7.405274 44.264804 30.236311 0.164902 0.986310 0.000000 1.6580765988230895e-38
5.947513 44.445940 30.461872 0.137122 0.990554 0.000000 1.6580765988230895e-38
5.166621 44.175648 30.683321 0.109234 0.994016 0.000000 1.6580765988230895e-38
3.465021 44.705691 30.577084 0.081260 0.996693 0.000000 1.6580765988230895e-38
2.303328 44.670227 30.548914 0.053222 0.998583 0.000000 1.6580765988230895e-38
1.272001 44.861921 30.742647 0.025142 0.999684 0.000000 1.6580765988230895e-38
-0.261678 45.043335 30.698480 -0.002958 0.999996 0.000000 1.6580765988230895e-38
-1.483458 44.814363 31.278207 -0.031056 0.999518 0.000000 1.6580765988230895e-38
-3.051365 44.957132 30.201279 -0.059129 0.998250 0.000000 1.6580765988230895e-38
-3.839793 45.106597 30.915831 -0.087156 0.996195 0.000000 1.6580765988230895e-38
45.307847 -0.168135 33.855468 1.000000 0.000000 0.000000 1.6580765988230895e-38
45.163171 1.035877 33.759191 0.999605 0.028099 0.000000 1.6580765988230895e-38
45.244709 2.312170 33.604269 0.998421 0.056176 0.000000 1.6580765988230895e-38
44.687842 3.928210 34.009751 0.996448 0.084208 0.000000 1.6580765988230895e-38
45.040522 5.366192 33.872514 0.993689 0.112174 0.000000 1.6580765988230895e-38
44.928221 6.429431 33.818692 0.990144 0.140052 0.000000 1.6580765988230895e-38
44.455578 8.259159 33.710569 0.985818 0.167819 0.000000 1.6580765988230895e-38
44.184035 8.975752 33.921710 0.980713 0.195453 0.000000 1.6580765988230895e-38
43.696284 10.426003 33.817895 0.974834 0.222933 0.000000 1.6580765988230895e-38
43.483524 11.681517 34.033857 0.968185 0.250237 0.000000 1.6580765988230895e-38
43.101921 13.084776 34.043793 0.960771 0.277343 0.000000 1.6580765988230895e-38
43.108367 14.245514 33.893943 0.952599 0.304230 0.000000 1.6580765988230895e-38
42.699098 14.776312 34.020709 0.943674 0.330877 0.000000 1.6580765988230895e-38
42.412874 16.172935 33.609158 0.934004 0.357263 0.000000 1.6580765988230895e-38
41.837861 17.328951 33.446112 0.923596 0.383367 0.000000 1.6580765988230895e-38
40.853318 18.687095 33.065587 0.912459 0.409167 0.000000 1.6580765988230895e-38
40.819854 19.527160 34.238628 0.900602 0.434645 0.000000 1.6580765988230895e-38
40.041371 21.005931 33.727080 0.888033 0.459780 0.000000 1.6580765988230895e-38
39.622980 22.150205 33.707387 0.874763 0.484551 0.000000 1.6580765988230895e-38
39.256001 22.734795 33.934532 0.860802 0.508940 0.000000 1.6580765988230895e-38
38.571241 24.316477 34.421087 0.846162 0.532926 0.000000 1.6580765988230895e-38
37.372590 24.771236 33.547853 0.830853 0.556492 0.000000 1.6580765988230895e-38
37.077233 26.380983 33.876831 0.814888 0.579619 0.000000 1.6580765988230895e-38
35.790568 27.487577 33.478742 0.798279 0.602287 0.000000 1.6580765988230895e-38
35.694964 29.119133 33.956089 0.781040 0.624481 0.000000 1.6580765988230895e-38
34.714122 29.096110 33.303090 0.763185 0.646180 0.000000 1.6580765988230895e-38
33.523008 29.875070 33.412052 0.744726 0.667370 0.000000 1.6580765988230895e-38
33.358549 31.219918 33.960060 0.725680 0.688033 0.000000 1.6580765988230895e-38
31.861216 31.996727 34.135519 0.706060 0.708152 0.000000 1.6580765988230895e-38
31.031070 33.093018 33.787353 0.685883 0.727712 0.000000 1.6580765988230895e-38
30.000459 33.370948 33.252829 0.665164 0.746697 0.000000 1.6580765988230895e-38
29.063198 34.642496 33.460315 0.643920 0.765093 0.000000 1.6580765988230895e-38
28.146872 35.446854 33.199351 0.622167 0.782884 0.000000 1.6580765988230895e-38
26.875989 36.330109 33.962271 0.599923 0.800057 0.000000 1.6580765988230895e-38
25.776294 37.004072 34.152876 0.577206 0.816599 0.000000 1.6580765988230895e-38
25.306760 37.647374 33.705761 0.554032 0.832495 0.000000 1.6580765988230895e-38
23.816275 38.505974 33.904685 0.530421 0.847734 0.000000 1.6580765988230895e-38
23.106383 39.064562 34.091783 0.506391 0.862304 0.000000 1.6580765988230895e-38
21.840325 39.888959 34.107401 0.481961 0.876193 0.000000 1.6580765988230895e-38
20.447749 39.708347 34.309202 0.457151 0.889389 0.000000 1.6580765988230895e-38
19.626926 40.301896 33.632008 0.431979 0.901884 0.000000 1.6580765988230895e-38
18.626873 41.265556 33.692535 0.406466 0.913666 0.000000 1.6580765988230895e-38
17.646431 41.535837 33.606708 0.380633 0.924726 0.000000 1.6580765988230895e-38
16.106834 42.434674 33.995057 0.354499 0.935057 0.000000 1.6580765988230895e-38
15.121372 42.811207 33.992969 0.328084 0.944648 0.000000 1.6580765988230895e-38
13.563094 43.170777 33.878414 0.301411 0.953494 0.000000 1.6580765988230895e-38
12.487470 43.749986 34.012698 0.274500 0.961587 0.000000 1.6580765988230895e-38
11.208479 43.607375 33.866455 0.247372 0.968921 0.000000 1.6580765988230895e-38
9.950241 44.205328 34.508111 0.220048 0.975489 0.000000 1.6580765988230895e-38
8.557083 44.536457 34.166692 0.192551 0.981287 0.000000 1.6580765988230895e-38
7.492302 45.338450 33.732742 0.164902 0.986310 0.000000 1.6580765988230895e-38
6.302921 44.589530 33.740696 0.137122 0.990554 0.000000 1.6580765988230895e-38
5.018266 45.239736 33.941882 0.109234 0.994016 0.000000 1.6580765988230895e-38
4.055308 45.078502 33.746503 0.081260 0.996693 0.000000 1.6580765988230895e-38
3.219853 45.310789 33.630309 0.053222 0.998583 0.000000 1.6580765988230895e-38
0.929560 44.959550 34.127125 0.025142 0.999684 0.000000 1.6580765988230895e-38
-0.243191 45.294670 33.827101 -0.002958 0.999996 0.000000 1.6580765988230895e-38
-1.186041 44.980807 33.523482 -0.031056 0.999518 0.000000 1.6580765988230895e-38
-2.608701 45.357764 33.945914 -0.059129 0.998250 0.000000 1.6580765988230895e-38
-4.187214 45.287690 33.622996 -0.087156 0.996195 0.000000 1.6580765988230895e-38
45.583053 -0.283186 37.313424 1.000000 0.000000 0.000000 1.6580765988230895e-38
45.911480 1.466735 37.297240 0.999605 0.028099 0.000000 1.6580765988230895e-38
46.511081 2.056692 36.701564 0.998421 0.056176 0.000000 1.6580765988230895e-38
45.392203 3.596407 36.599802 0.996448 0.084208 0.000000 1.6580765988230895e-38
45.360935 4.765823 37.023590 0.993689 0.112174 0.000000 1.6580765988230895e-38
45.304223 6.550213 37.075395 0.990144 0.140052 0.000000 1.6580765988230895e-38
45.271733 7.563922 37.559420 0.985818 0.167819 0.000000 1.6580765988230895e-38
44.927669 8.381179 36.622364 0.980713 0.195453 0.000000 1.6580765988230895e-38
44.066273 10.202044 36.886535 0.974834 0.222933 0.000000 1.6580765988230895e-38
44.143769 12.048988 37.087772 0.968185 0.250237 0.000000 1.6580765988230895e-38
44.163026 12.406216 36.623333 0.960771 0.277343 0.000000 1.6580765988230895e-38
43.582435 13.967249 36.366183 0.952599 0.304230 0.000000 1.6580765988230895e-38
43.109088 15.138390 36.858532 0.943674 0.330877 0.000000 1.6580765988230895e-38
42.476864 16.179176 36.870019 0.934004 0.357263 0.000000 1.6580765988230895e-38
42.272085 17.716439 37.247334 0.923596 0.383367 0.000000 1.6580765988230895e-38
41.647143 18.578271 37.054374 0.912459 0.409167 0.000000 1.6580765988230895e-38
41.376344 19.750195 37.160195 0.900602 0.434645 0.000000 1.6580765988230895e-38
40.912078 21.417598 37.456573 0.888033 0.459780 0.000000 1.6580765988230895e-38
39.751314 22.167291 36.926460 0.874763 0.484551 0.000000 1.6580765988230895e-38
39.343255 23.083870 36.477408 0.860802 0.508940 0.000000 1.6580765988230895e-38
38.730826 24.145285 36.948875 0.846162 0.532926 0.000000 1.6580765988230895e-38
37.764590 25.123788 36.993366 0.830853 0.556492 0.000000 1.6580765988230895e-38
37.317850 26.685263 37.578836 0.814888 0.579619 0.000000 1.6580765988230895e-38
36.596095 27.693859 36.599809 0.798279 0.602287 0.000000 1.6580765988230895e-38
35.338336 29.038284 36.646033 0.781040 0.624481 0.000000 1.6580765988230895e-38
34.594514 29.544249 36.896019 0.763185 0.646180 0.000000 1.6580765988230895e-38
33.792666 30.433690 37.291890 0.744726 0.667370 0.000000 1.6580765988230895e-38
32.950441 31.052177 37.205855 0.725680 0.688033 0.000000 1.6580765988230895e-38
32.442537 32.204368 36.448427 0.706060 0.708152 0.000000 1.6580765988230895e-38
31.148565 33.268777 37.272779 0.685883 0.727712 0.000000 1.6580765988230895e-38
30.113308 34.128212 37.125620 0.665164 0.746697 0.000000 1.6580765988230895e-38
28.738206 35.305112 36.568342 0.643920 0.765093 0.000000 1.6580765988230895e-38
28.557229 35.882753 37.248453 0.622167 0.782884 0.000000 1.6580765988230895e-38
27.605479 35.881054 36.687643 0.599923 0.800057 0.000000 1.6580765988230895e-38
26.442565 37.292342 37.066360 0.577206 0.816599 0.000000 1.6580765988230895e-38
25.577965 38.260469 36.858794 0.554032 0.832495 0.000000 1.6580765988230895e-38
23.707294 38.638317 37.047987 0.530421 0.847734 0.000000 1.6580765988230895e-38
22.834941 39.630750 37.195595 0.506391 0.862304 0.000000 1.6580765988230895e-38
22.082724 39.157492 36.539650 0.481961 0.876193 0.000000 1.6580765988230895e-38
21.475701 40.516275 36.327834 0.457151 0.889389 0.000000 1.6580765988230895e-38
20.129085 41.255727 37.254559 0.431979 0.901884 0.000000 1.6580765988230895e-38
18.674663 41.928195 37.031980 0.406466 0.913666 0.000000 1.6580765988230895e-38
17.619203 42.979761 37.214379 0.380633 0.924726 0.000000 1.6580765988230895e-38
15.740488 42.903032 37.265521 0.354499 0.935057 0.000000 1.6580765988230895e-38
15.367227 43.079780 37.272560 0.328084 0.944648 0.000000 1.6580765988230895e-38
14.064717 44.384122 36.698076 0.301411 0.953494 0.000000 1.6580765988230895e-38
12.403264 43.890695 36.776010 0.274500 0.961587 0.000000 1.6580765988230895e-38
11.047653 43.489158 36.792667 0.247372 0.968921 0.000000 1.6580765988230895e-38
10.175706 44.470427 37.503691 0.220048 0.975489 0.000000 1.6580765988230895e-38
8.811202 45.270898 37.001503 0.192551 0.981287 0.000000 1.6580765988230895e-38
7.790447 45.197113 37.333712 0.164902 0.986310 0.000000 1.6580765988230895e-38
6.288686 45.456301 37.032977 0.137122 0.990554 0.000000 1.6580765988230895e-38
4.909845 45.587304 37.593393 0.109234 0.994016 0.000000 1.6580765988230895e-38
3.635692 45.714089 37.300411 0.081260 0.996693 0.000000 1.6580765988230895e-38
2.776432 45.678203 36.208060 0.053222 0.998583 0.000000 1.6580765988230895e-38
1.304990 45.059213 37.364058 0.025142 0.999684 0.000000 1.6580765988230895e-38
-0.084464 46.039216 36.652444 -0.002958 0.999996 0.000000 1.6580765988230895e-38
-1.886236 45.795678 36.912996 -0.031056 0.999518 0.000000 1.6580765988230895e-38
-2.852003 45.684884 37.753308 -0.059129 0.998250 0.000000 1.6580765988230895e-38
-3.736104 45.880311 37.176258 -0.087156 0.996195 0.000000 1.6580765988230895e-38
46.693839 -0.057022 39.383572 1.000000 0.000000 0.000000 1.6580765988230895e-38
46.175162 1.543102 39.709060 0.999605 0.028099 0.000000 1.6580765988230895e-38
46.124056 2.390606 40.450609 0.998421 0.056176 0.000000 1.6580765988230895e-38
46.310565 4.090102 40.186480 0.996448 0.084208 0.000000 1.6580765988230895e-38
45.946920 5.247335 39.644445 0.993689 0.112174 0.000000 1.6580765988230895e-38
45.138235 6.522423 40.097197 0.990144 0.140052 0.000000 1.6580765988230895e-38
45.956856 8.233015 40.471000 0.985818 0.167819 0.000000 1.6580765988230895e-38
45.058573 8.934021 40.144100 0.980713 0.195453 0.000000 1.6580765988230895e-38
45.845634 10.754677 40.335819 0.974834 0.222933 0.000000 1.6580765988230895e-38
44.662204 11.308492 40.236672 0.968185 0.250237 0.000000 1.6580765988230895e-38
44.105458 12.755586 39.965567 0.960771 0.277343 0.000000 1.6580765988230895e-38
44.535554 13.964243 39.268225 0.952599 0.304230 0.000000 1.6580765988230895e-38
43.796246 15.093370 40.012789 0.943674 0.330877 0.000000 1.6580765988230895e-38
43.171665 16.441303 40.237102 0.934004 0.357263 0.000000 1.6580765988230895e-38
42.256468 17.575600 40.205211 0.923596 0.383367 0.000000 1.6580765988230895e-38
42.017019 18.441350 40.200567 0.912459 0.409167 0.000000 1.6580765988230895e-38
41.989763 20.088836 39.411746 0.900602 0.434645 0.000000 1.6580765988230895e-38
41.283322 20.766837 40.092640 0.888033 0.459780 0.000000 1.6580765988230895e-38
40.191554 22.062526 39.867427 0.874763 0.484551 0.000000 1.6580765988230895e-38
39.757115 23.345192 40.176611 0.860802 0.508940 0.000000 1.6580765988230895e-38
39.001155 24.941900 40.084352 0.846162 0.532926 0.000000 1.6580765988230895e-38
38.217675 25.477985 39.505751 0.830853 0.556492 0.000000 1.6580765988230895e-38
37.775782 26.700989 39.288341 0.814888 0.579619 0.000000 1.6580765988230895e-38
36.759704 27.585483 40.472703 0.798279 0.602287 0.000000 1.6580765988230895e-38
35.612285 28.449818 40.332991 0.781040 0.624481 0.000000 1.6580765988230895e-38
35.704321 29.662350 39.810374 0.763185 0.646180 0.000000 1.6580765988230895e-38
34.628461 30.167735 39.441642 0.744726 0.667370 0.000000 1.6580765988230895e-38
33.478468 32.286477 39.869281 0.725680 0.688033 0.000000 1.6580765988230895e-38
32.685562 33.092161 40.632065 0.706060 0.708152 0.000000 1.6580765988230895e-38
31.549031 33.651624 40.546617 0.685883 0.727712 0.000000 1.6580765988230895e-38
30.307179 34.843021 39.694505 0.665164 0.746697 0.000000 1.6580765988230895e-38
29.812040 35.312759 39.712597 0.643920 0.765093 0.000000 1.6580765988230895e-38
28.480308 36.291324 40.298662 0.622167 0.782884 0.000000 1.6580765988230895e-38
27.707533 37.023693 40.171352 0.599923 0.800057 0.000000 1.6580765988230895e-38
26.404273 37.989606 40.245803 0.577206 0.816599 0.000000 1.6580765988230895e-38
26.405068 38.390079 39.862575 0.554032 0.832495 0.000000 1.6580765988230895e-38
24.762657 39.453449 39.839474 0.530421 0.847734 0.000000 1.6580765988230895e-38
23.299632 40.043900 39.751725 0.506391 0.862304 0.000000 1.6580765988230895e-38
22.167538 40.550788 40.298782 0.481961 0.876193 0.000000 1.6580765988230895e-38
20.961833 40.581541 39.425021 0.457151 0.889389 0.000000 1.6580765988230895e-38
19.601206 41.318168 39.953617 0.431979 0.901884 0.000000 1.6580765988230895e-38
18.442406 42.046214 39.767774 0.406466 0.913666 0.000000 1.6580765988230895e-38
17.472112 43.165342 40.198584 0.380633 0.924726 0.000000 1.6580765988230895e-38
16.400395 43.108059 39.870030 0.354499 0.935057 0.000000 1.6580765988230895e-38
15.272223 43.865241 39.727715 0.328084 0.944648 0.000000 1.6580765988230895e-38
13.951205 43.489626 40.063514 0.301411 0.953494 0.000000 1.6580765988230895e-38
12.924257 44.389386 40.544958 0.274500 0.961587 0.000000 1.6580765988230895e-38
11.176567 44.877813 39.989253 0.247372 0.968921 0.000000 1.6580765988230895e-38
10.147140 45.082070 40.032132 0.220048 0.975489 0.000000 1.6580765988230895e-38
9.159871 45.797843 39.999325 0.192551 0.981287 0.000000 1.6580765988230895e-38
7.871300 45.406308 40.229787 0.164902 0.986310 0.000000 1.6580765988230895e-38
6.113306 46.140327 40.663192 0.137122 0.990554 0.000000 1.6580765988230895e-38
5.015468 45.315478 39.835578 0.109234 0.994016 0.000000 1.6580765988230895e-38
4.127856 46.262970 40.074674 0.081260 0.996693 0.000000 1.6580765988230895e-38
2.764126 46.329786 40.365318 0.053222 0.998583 0.000000 1.6580765988230895e-38
1.438641 46.691890 40.107639 0.025142 0.999684 0.000000 1.6580765988230895e-38
0.134762 46.157660 39.819562 -0.002958 0.999996 0.000000 1.6580765988230895e-38
-0.924307 46.292553 40.241464 -0.031056 0.999518 0.000000 1.6580765988230895e-38
-2.697603 45.993123 40.003295 -0.059129 0.998250 0.000000 1.6580765988230895e-38
-3.600155 46.240577 39.486558 -0.087156 0.996195 0.000000 1.6580765988230895e-38
46.720232 0.534688 43.012784 1.000000 0.000000 0.000000 1.6580765988230895e-38
46.226189 1.882524 43.281641 0.999605 0.028099 0.000000 1.6580765988230895e-38
46.689923 2.516755 43.401629 0.998421 0.056176 0.000000 1.6580765988230895e-38
46.456039 4.284152 43.239582 0.996448 0.084208 0.000000 1.6580765988230895e-38
46.562929 5.291714 43.024433 0.993689 0.112174 0.000000 1.6580765988230895e-38
46.637395 6.292696 42.590346 0.990144 0.140052 0.000000 1.6580765988230895e-38
46.305630 8.040736 43.220995 0.985818 0.167819 0.000000 1.6580765988230895e-38
46.004789 9.048067 43.313168 0.980713 0.195453 0.000000 1.6580765988230895e-38
45.593742 10.283739 42.983356 0.974834 0.222933 0.000000 1.6580765988230895e-38
45.902523 11.186787 43.226860 0.968185 0.250237 0.000000 1.6580765988230895e-38
44.445749 12.942972 42.946835 0.960771 0.277343 0.000000 1.6580765988230895e-38
43.941628 14.350068 42.962912 0.952599 0.304230 0.000000 1.6580765988230895e-38
43.519833 15.731902 43.507425 0.943674 0.330877 0.000000 1.6580765988230895e-38
44.144225 16.822168 43.090741 0.934004 0.357263 0.000000 1.6580765988230895e-38
43.608719 18.440446 43.416994 0.923596 0.383367 0.000000 1.6580765988230895e-38
42.406772 19.203220 43.208778 0.912459 0.409167 0.000000 1.6580765988230895e-38
41.591597 20.475594 43.758821 0.900602 0.434645 0.000000 1.6580765988230895e-38
41.738437 21.952720 43.131797 0.888033 0.459780 0.000000 1.6580765988230895e-38
40.903656 22.784000 42.832175 0.874763 0.484551 0.000000 1.6580765988230895e-38
39.983334 24.190530 43.488626 0.860802 0.508940 0.000000 1.6580765988230895e-38
39.290176 25.223255 43.050835 0.846162 0.532926 0.000000 1.6580765988230895e-38
38.973229 26.173448 43.375228 0.830853 0.556492 0.000000 1.6580765988230895e-38
38.149184 27.540397 43.169747 0.814888 0.579619 0.000000 1.6580765988230895e-38
37.534598 27.927921 43.724521 0.798279 0.602287 0.000000 1.6580765988230895e-38
36.681771 29.430098 42.594467 0.781040 0.624481 0.000000 1.6580765988230895e-38
35.458637 30.602791 43.162990 0.763185 0.646180 0.000000 1.6580765988230895e-38
34.267740 31.534265 42.913788 0.744726 0.667370 0.000000 1.6580765988230895e-38
34.374181 32.163123 43.138335 0.725680 0.688033 0.000000 1.6580765988230895e-38
33.386573 32.861500 42.779069 0.706060 0.708152 0.000000 1.6580765988230895e-38
32.029950 34.294011 42.677660 0.685883 0.727712 0.000000 1.6580765988230895e-38
30.619162 35.181200 42.896030 0.665164 0.746697 0.000000 1.6580765988230895e-38
30.008002 35.237678 42.873229 0.643920 0.765093 0.000000 1.6580765988230895e-38
29.105707 36.906204 42.845554 0.622167 0.782884 0.000000 1.6580765988230895e-38
28.564509 37.225168 42.871996 0.599923 0.800057 0.000000 1.6580765988230895e-38
27.465658 38.267858 42.911316 0.577206 0.816599 0.000000 1.6580765988230895e-38
25.873740 39.354056 43.516784 0.554032 0.832495 0.000000 1.6580765988230895e-38
24.570601 39.648360 43.103970 0.530421 0.847734 0.000000 1.6580765988230895e-38
23.395529 40.326021 43.078520 0.506391 0.862304 0.000000 1.6580765988230895e-38
22.890517 41.354730 42.978160 0.481961 0.876193 0.000000 1.6580765988230895e-38
21.323514 41.809195 42.901367 0.457151 0.889389 0.000000 1.6580765988230895e-38
20.386647 42.168079 42.786104 0.431979 0.901884 0.000000 1.6580765988230895e-38
18.729400 43.179792 43.029997 0.406466 0.913666 0.000000 1.6580765988230895e-38
18.299935 43.109049 43.164285 0.380633 0.924726 0.000000 1.6580765988230895e-38
17.302947 43.429225 42.507579 0.354499 0.935057 0.000000 1.6580765988230895e-38
15.735338 43.947151 43.070711 0.328084 0.944648 0.000000 1.6580765988230895e-38
13.925681 44.689495 42.791762 0.301411 0.953494 0.000000 1.6580765988230895e-38
12.788434 45.122614 42.774430 0.274500 0.961587 0.000000 1.6580765988230895e-38
11.363209 45.226551 42.648278 0.247372 0.968921 0.000000 1.6580765988230895e-38
10.168144 45.673702 42.957058 0.220048 0.975489 0.000000 1.6580765988230895e-38
8.927048 45.903350 42.880200 0.192551 0.981287 0.000000 1.6580765988230895e-38
7.922214 46.575115 42.937609 0.164902 0.986310 0.000000 1.6580765988230895e-38
6.560796 46.270998 43.186569 0.137122 0.990554 0.000000 1.6580765988230895e-38
5.580246 46.657444 42.544899 0.109234 0.994016 0.000000 1.6580765988230895e-38
3.937950 46.999943 43.010444 0.081260 0.996693 0.000000 1.6580765988230895e-38
2.788680 46.511463 42.631261 0.053222 0.998583 0.000000 1.6580765988230895e-38
1.218611 46.243074 43.004992 0.025142 0.999684 0.000000 1.6580765988230895e-38
0.247655 46.211672 42.693074 -0.002958 0.999996 0.000000 1.6580765988230895e-38
-1.762556 46.743243 42.967208 -0.031056 0.999518 0.000000 1.6580765988230895e-38
-2.346607 46.989253 43.225505 -0.059129 0.998250 0.000000 1.6580765988230895e-38
-4.033875 46.724744 42.818328 -0.087156 0.996195 0.000000 1.6580765988230895e-38
47.597626 -0.333613 46.404459 1.000000 0.000000 0.000000 1.6580765988230895e-38
47.677613 1.393482 46.100982 0.999605 0.028099 0.000000 1.6580765988230895e-38
47.385800 1.800939 46.244524 0.998421 0.056176 0.000000 1.6580765988230895e-38
47.138311 3.971278 46.365806 0.996448 0.084208 0.000000 1.6580765988230895e-38
47.019245 4.968328 46.111425 0.993689 0.112174 0.000000 1.6580765988230895e-38
46.894150 6.664600 46.202422 0.990144 0.140052 0.000000 1.6580765988230895e-38
46.980886 7.618804 46.206556 0.985818 0.167819 0.000000 1.6580765988230895e-38
46.814390 8.732451 46.207740 0.980713 0.195453 0.000000 1.6580765988230895e-38
45.973470 10.442534 45.882404 0.974834 0.222933 0.000000 1.6580765988230895e-38
45.783445 12.398703 45.774517 0.968185 0.250237 0.000000 1.6580765988230895e-38
45.132459 12.738969 46.672072 0.960771 0.277343 0.000000 1.6580765988230895e-38
44.957753 14.394713 46.033011 0.952599 0.304230 0.000000 1.6580765988230895e-38
44.390627 15.593340 46.891319 0.943674 0.330877 0.000000 1.6580765988230895e-38
44.633795 16.657115 46.348118 0.934004 0.357263 0.000000 1.6580765988230895e-38
43.474018 17.615841 46.459699 0.923596 0.383367 0.000000 1.6580765988230895e-38
43.544276 19.683990 46.012887 0.912459 0.409167 0.000000 1.6580765988230895e-38
42.584875 20.801229 46.271295 0.900602 0.434645 0.000000 1.6580765988230895e-38
41.921807 21.280454 46.188009 0.888033 0.459780 0.000000 1.6580765988230895e-38
41.735393 22.579586 46.345474 0.874763 0.484551 0.000000 1.6580765988230895e-38
40.850240 24.318479 46.415439 0.860802 0.508940 0.000000 1.6580765988230895e-38
39.849344 24.743892 45.993790 0.846162 0.532926 0.000000 1.6580765988230895e-38
39.599695 26.182000 45.945633 0.830853 0.556492 0.000000 1.6580765988230895e-38
38.030762 27.965212 46.401560 0.814888 0.579619 0.000000 1.6580765988230895e-38
38.021881 28.802883 46.326859 0.798279 0.602287 0.000000 1.6580765988230895e-38
36.901516 29.514067 46.025577 0.781040 0.624481 0.000000 1.6580765988230895e-38
36.919939 30.757254 46.014706 0.763185 0.646180 0.000000 1.6580765988230895e-38
35.395336 31.290347 46.605198 0.744726 0.667370 0.000000 1.6580765988230895e-38
34.155694 32.722110 46.473639 0.725680 0.688033 0.000000 1.6580765988230895e-38
33.540644 33.552579 46.157087 0.706060 0.708152 0.000000 1.6580765988230895e-38
32.453084 34.277209 46.019001 0.685883 0.727712 0.000000 1.6580765988230895e-38
31.933053 35.316431 45.918107 0.665164 0.746697 0.000000 1.6580765988230895e-38
30.328580 36.549962 46.356528 0.643920 0.765093 0.000000 1.6580765988230895e-38
29.621788 36.984849 46.325855 0.622167 0.782884 0.000000 1.6580765988230895e-38
28.207580 37.797208 46.444788 0.599923 0.800057 0.000000 1.6580765988230895e-38
27.587463 38.363596 45.897188 0.577206 0.816599 0.000000 1.6580765988230895e-38
26.260743 39.928556 45.579177 0.554032 0.832495 0.000000 1.6580765988230895e-38
25.193871 39.719328 45.963547 0.530421 0.847734 0.000000 1.6580765988230895e-38
23.863453 40.695720 45.993707 0.506391 0.862304 0.000000 1.6580765988230895e-38
22.818421 41.318789 45.715109 0.481961 0.876193 0.000000 1.6580765988230895e-38
21.875680 42.329965 46.406798 0.457151 0.889389 0.000000 1.6580765988230895e-38
19.987867 42.785265 46.356640 0.431979 0.901884 0.000000 1.6580765988230895e-38
18.932946 43.256111 46.118966 0.406466 0.913666 0.000000 1.6580765988230895e-38
18.571975 44.354320 45.654539 0.380633 0.924726 0.000000 1.6580765988230895e-38
17.530301 43.991444 46.448048 0.354499 0.935057 0.000000 1.6580765988230895e-38
15.822813 44.421388 46.301826 0.328084 0.944648 0.000000 1.6580765988230895e-38
14.236678 45.305161 46.223048 0.301411 0.953494 0.000000 1.6580765988230895e-38
13.353846 45.544602 46.103484 0.274500 0.961587 0.000000 1.6580765988230895e-38
12.039507 46.043272 46.373390 0.247372 0.968921 0.000000 1.6580765988230895e-38
10.217808 45.866522 45.983530 0.220048 0.975489 0.000000 1.6580765988230895e-38
8.929207 46.690440 46.446641 0.192551 0.981287 0.000000 1.6580765988230895e-38
7.759985 47.121648 46.564387 0.164902 0.986310 0.000000 1.6580765988230895e-38
6.564449 46.646724 46.626459 0.137122 0.990554 0.000000 1.6580765988230895e-38
5.152904 47.095028 46.051965 0.109234 0.994016 0.000000 1.6580765988230895e-38
3.579968 46.743312 46.343707 0.081260 0.996693 0.000000 1.6580765988230895e-38
2.284542 48.191227 45.828024 0.053222 0.998583 0.000000 1.6580765988230895e-38
0.813016 47.478540 46.612640 0.025142 0.999684 0.000000 1.6580765988230895e-38
-0.120665 47.511929 45.600782 -0.002958 0.999996 0.000000 1.6580765988230895e-38
-1.673457 46.995544 45.585332 -0.031056 0.999518 0.000000 1.6580765988230895e-38
-2.764109 46.584785 45.757187 -0.059129 0.998250 0.000000 1.6580765988230895e-38
-4.287151 46.910933 46.272769 -0.087156 0.996195 0.000000 1.6580765988230895e-38
48.005043 0.268140 49.456484 1.000000 0.000000 0.000000 1.6580765988230895e-38
48.236694 1.345745 49.321809 0.999605 0.028099 0.000000 1.6580765988230895e-38
47.991162 2.734075 49.111611 0.998421 0.056176 0.000000 1.6580765988230895e-38
47.643456 3.789442 49.357254 0.996448 0.084208 0.000000 1.6580765988230895e-38
47.582761 5.175703 49.032096 0.993689 0.112174 0.000000 1.6580765988230895e-38
47.078023 7.004009 49.254355 0.990144 0.140052 0.000000 1.6580765988230895e-38
46.975016 8.283323 49.062635 0.985818 0.167819 0.000000 1.6580765988230895e-38
46.567317 9.671177 49.069640 0.980713 0.195453 0.000000 1.6580765988230895e-38
46.584901 10.693821 49.573546 0.974834 0.222933 0.000000 1.6580765988230895e-38
46.395000 11.629953 49.393932 0.968185 0.250237 0.000000 1.6580765988230895e-38
45.888276 13.854818 49.230433 0.960771 0.277343 0.000000 1.6580765988230895e-38
44.971693 14.683909 49.814149 0.952599 0.304230 0.000000 1.6580765988230895e-38
45.687366 16.402733 48.924841 0.943674 0.330877 0.000000 1.6580765988230895e-38
45.024915 16.901076 49.298056 0.934004 0.357263 0.000000 1.6580765988230895e-38
43.870723 18.175048 49.027895 0.923596 0.383367 0.000000 1.6580765988230895e-38
43.988568 19.844804 49.313815 0.912459 0.409167 0.000000 1.6580765988230895e-38
42.745741 20.731818 49.006934 0.900602 0.434645 0.000000 1.6580765988230895e-38
42.809560 22.383041 49.547685 0.888033 0.459780 0.000000 1.6580765988230895e-38
41.686281 22.394605 48.700681 0.874763 0.484551 0.000000 1.6580765988230895e-38
41.670424 24.264633 49.005552 0.860802 0.508940 0.000000 1.6580765988230895e-38
41.035253 25.913844 49.238104 0.846162 0.532926 0.000000 1.6580765988230895e-38
39.720936 26.623788 49.298918 0.830853 0.556492 0.000000 1.6580765988230895e-38
39.524035 27.898225 49.448578 0.814888 0.579619 0.000000 1.6580765988230895e-38
38.599032 28.506717 49.457228 0.798279 0.602287 0.000000 1.6580765988230895e-38
37.333906 29.166136 48.592318 0.781040 0.624481 0.000000 1.6580765988230895e-38
36.261314 31.120048 49.264909 0.763185 0.646180 0.000000 1.6580765988230895e-38
35.737655 32.561230 48.850042 0.744726 0.667370 0.000000 1.6580765988230895e-38
34.761531 33.057292 49.009887 0.725680 0.688033 0.000000 1.6580765988230895e-38
33.838218 33.449958 49.653741 0.706060 0.708152 0.000000 1.6580765988230895e-38
32.658478 35.476548 49.221027 0.685883 0.727712 0.000000 1.6580765988230895e-38
32.178669 35.760788 49.221546 0.665164 0.746697 0.000000 1.6580765988230895e-38
30.677166 36.693914 49.326169 0.643920 0.765093 0.000000 1.6580765988230895e-38
29.574854 37.473111 49.047740 0.622167 0.782884 0.000000 1.6580765988230895e-38
29.434247 38.306531 49.694339 0.599923 0.800057 0.000000 1.6580765988230895e-38
27.597177 39.203789 48.834360 0.577206 0.816599 0.000000 1.6580765988230895e-38
26.411418 39.950818 49.706570 0.554032 0.832495 0.000000 1.6580765988230895e-38
25.480848 41.032929 49.422988 0.530421 0.847734 0.000000 1.6580765988230895e-38
24.751116 41.298178 49.947836 0.506391 0.862304 0.000000 1.6580765988230895e-38
22.946758 41.751403 48.867753 0.481961 0.876193 0.000000 1.6580765988230895e-38
22.602930 42.859473 49.130533 0.457151 0.889389 0.000000 1.6580765988230895e-38
21.072278 43.418592 49.820607 0.431979 0.901884 0.000000 1.6580765988230895e-38
19.010824 43.697196 49.092013 0.406466 0.913666 0.000000 1.6580765988230895e-38
17.645292 44.624850 49.149650 0.380633 0.924726 0.000000 1.6580765988230895e-38
17.207107 45.509643 49.124796 0.354499 0.935057 0.000000 1.6580765988230895e-38
15.593279 45.296889 49.526943 0.328084 0.944648 0.000000 1.6580765988230895e-38
14.271604 45.495836 49.547926 0.301411 0.953494 0.000000 1.6580765988230895e-38
13.265799 45.459463 48.863152 0.274500 0.961587 0.000000 1.6580765988230895e-38
12.302780 46.544832 49.002110 0.247372 0.968921 0.000000 1.6580765988230895e-38
10.492128 46.742935 49.451489 0.220048 0.975489 0.000000 1.6580765988230895e-38
8.818288 46.764480 49.312656 0.192551 0.981287 0.000000 1.6580765988230895e-38
7.871047 47.428993 48.861917 0.164902 0.986310 0.000000 1.6580765988230895e-38
6.677126 47.788261 49.376815 0.137122 0.990554 0.000000 1.6580765988230895e-38
5.275524 47.597891 48.980314 0.109234 0.994016 0.000000 1.6580765988230895e-38
3.871860 48.132827 49.195061 0.081260 0.996693 0.000000 1.6580765988230895e-38
2.283113 47.697787 49.291024 0.053222 0.998583 0.000000 1.6580765988230895e-38
1.092580 48.043814 49.387622 0.025142 0.999684 0.000000 1.6580765988230895e-38
0.124959 48.340227 49.529527 -0.002958 0.999996 0.000000 1.6580765988230895e-38
-1.768267 47.619198 49.208038 -0.031056 0.999518 0.000000 1.6580765988230895e-38
-2.968431 47.488039 49.098262 -0.059129 0.998250 0.000000 1.6580765988230895e-38
-4.318279 47.529490 49.136032 -0.087156 0.996195 0.000000 1.6580765988230895e-38
48.853343 0.059771 53.049235 1.000000 0.000000 0.000000 1.6580765988230895e-38
48.531809 1.275779 52.308932 0.999605 0.028099 0.000000 1.6580765988230895e-38
48.500168 2.855098 52.930706 0.998421 0.056176 0.000000 1.6580765988230895e-38
48.073948 4.341807 52.370017 0.996448 0.084208 0.000000 1.6580765988230895e-38
47.722373 5.671649 52.687979 0.993689 0.112174 0.000000 1.6580765988230895e-38
47.764648 6.789808 51.790086 0.990144 0.140052 0.000000 1.6580765988230895e-38
47.434335 8.453583 52.167767 0.985818 0.167819 0.000000 1.6580765988230895e-38
47.231754 9.548270 52.150969 0.980713 0.195453 0.000000 1.6580765988230895e-38
47.138004 11.034001 51.959172 0.974834 0.222933 0.000000 1.6580765988230895e-38
46.685160 12.182661 52.598515 0.968185 0.250237 0.000000 1.6580765988230895e-38
46.968654 13.251567 52.588905 0.960771 0.277343 0.000000 1.6580765988230895e-38
45.965601 15.302975 51.967561 0.952599 0.304230 0.000000 1.6580765988230895e-38
46.166540 15.850540 52.911666 0.943674 0.330877 0.000000 1.6580765988230895e-38
45.476402 17.022383 52.151021 0.934004 0.357263 0.000000 1.6580765988230895e-38
45.028595 18.908999 52.286478 0.923596 0.383367 0.000000 1.6580765988230895e-38
44.267500 20.072046 52.347232 0.912459 0.409167 0.000000 1.6580765988230895e-38
43.290964 20.836310 52.378228 0.900602 0.434645 0.000000 1.6580765988230895e-38
43.434079 22.784013 52.541551 0.888033 0.459780 0.000000 1.6580765988230895e-38
42.512028 23.725268 52.107667 0.874763 0.484551 0.000000 1.6580765988230895e-38
41.702774 24.436232 51.933070 0.860802 0.508940 0.000000 1.6580765988230895e-38
41.138741 25.902479 52.513988 0.846162 0.532926 0.000000 1.6580765988230895e-38
40.460034 27.062560 52.474677 0.830853 0.556492 0.000000 1.6580765988230895e-38
39.509097 28.235263 52.089849 0.814888 0.579619 0.000000 1.6580765988230895e-38
38.827305 29.411349 52.106788 0.798279 0.602287 0.000000 1.6580765988230895e-38
37.895858 30.100103 52.149740 0.781040 0.624481 0.000000 1.6580765988230895e-38
36.676831 31.719358 52.627398 0.763185 0.646180 0.000000 1.6580765988230895e-38
36.280311 32.958977 52.250919 0.744726 0.667370 0.000000 1.6580765988230895e-38
36.104856 33.301192 52.384250 0.725680 0.688033 0.000000 1.6580765988230895e-38
34.124447 34.456928 52.558377 0.706060 0.708152 0.000000 1.6580765988230895e-38
33.231015 35.826902 52.379437 0.685883 0.727712 0.000000 1.6580765988230895e-38
32.341476 35.941972 52.433242 0.665164 0.746697 0.000000 1.6580765988230895e-38
31.189786 36.924385 52.074750 0.643920 0.765093 0.000000 1.6580765988230895e-38
30.976524 37.890695 51.870597 0.622167 0.782884 0.000000 1.6580765988230895e-38
28.886699 38.787164 52.471692 0.599923 0.800057 0.000000 1.6580765988230895e-38
28.160798 39.807872 52.114234 0.577206 0.816599 0.000000 1.6580765988230895e-38
26.972578 40.113047 52.121799 0.554032 0.832495 0.000000 1.6580765988230895e-38
25.449999 40.758440 52.626955 0.530421 0.847734 0.000000 1.6580765988230895e-38
24.766446 42.114579 52.319486 0.506391 0.862304 0.000000 1.6580765988230895e-38
23.608060 41.966788 52.566619 0.481961 0.876193 0.000000 1.6580765988230895e-38
22.224849 43.323344 52.421699 0.457151 0.889389 0.000000 1.6580765988230895e-38
20.654783 43.291771 52.094076 0.431979 0.901884 0.000000 1.6580765988230895e-38
19.883016 44.519640 51.897310 0.406466 0.913666 0.000000 1.6580765988230895e-38
18.166285 44.632076 52.200501 0.380633 0.924726 0.000000 1.6580765988230895e-38
16.784494 44.923449 52.061142 0.354499 0.935057 0.000000 1.6580765988230895e-38
15.937902 45.461089 52.272951 0.328084 0.944648 0.000000 1.6580765988230895e-38
14.935943 45.853756 52.245759 0.301411 0.953494 0.000000 1.6580765988230895e-38
13.620611 46.511312 52.135591 0.274500 0.961587 0.000000 1.6580765988230895e-38
12.346526 46.900605 52.639041 0.247372 0.968921 0.000000 1.6580765988230895e-38
10.800985 47.208175 52.451599 0.220048 0.975489 0.000000 1.6580765988230895e-38
9.434821 47.898494 52.143189 0.192551 0.981287 0.000000 1.6580765988230895e-38
8.010064 47.817390 52.518937 0.164902 0.986310 0.000000 1.6580765988230895e-38
6.342848 48.346778 52.447591 0.137122 0.990554 0.000000 1.6580765988230895e-38
4.902772 48.572064 52.977920 0.109234 0.994016 0.000000 1.6580765988230895e-38
4.241664 48.767509 52.333304 0.081260 0.996693 0.000000 1.6580765988230895e-38
2.082814 47.877832 52.384217 0.053222 0.998583 0.000000 1.6580765988230895e-38
1.041785 48.210103 52.288868 0.025142 0.999684 0.000000 1.6580765988230895e-38
0.041204 48.063768 52.173029 -0.002958 0.999996 0.000000 1.6580765988230895e-38
-1.053246 48.153827 52.568621 -0.031056 0.999518 0.000000 1.6580765988230895e-38
-3.013174 48.578687 52.636891 -0.059129 0.998250 0.000000 1.6580765988230895e-38
-4.004652 48.587999 51.962214 -0.087156 0.996195 0.000000 1.6580765988230895e-38
49.430073 -0.255808 55.462478 1.000000 0.000000 0.000000 1.6580765988230895e-38
49.154063 1.525088 55.485702 0.999605 0.028099 0.000000 1.6580765988230895e-38
48.765304 2.353052 55.646320 0.998421 0.056176 0.000000 1.6580765988230895e-38
48.977344 4.479108 55.371196 0.996448 0.084208 0.000000 1.6580765988230895e-38
48.364558 5.797153 55.273504 0.993689 0.112174 0.000000 1.6580765988230895e-38
48.714694 6.681745 55.877906 0.990144 0.140052 0.000000 1.6580765988230895e-38
48.136720 8.137993 55.416850 0.985818 0.167819 0.000000 1.6580765988230895e-38
47.821410 9.695110 55.868189 0.980713 0.195453 0.000000 1.6580765988230895e-38
47.713277 11.063652 54.559785 0.974834 0.222933 0.000000 1.6580765988230895e-38
47.522291 12.191707 55.139066 0.968185 0.250237 0.000000 1.6580765988230895e-38
47.494422 13.518556 55.331372 0.960771 0.277343 0.000000 1.6580765988230895e-38
46.655594 14.361440 55.045019 0.952599 0.304230 0.000000 1.6580765988230895e-38
46.618912 15.611759 55.154721 0.943674 0.330877 0.000000 1.6580765988230895e-38
45.735912 18.063263 55.615197 0.934004 0.357263 0.000000 1.6580765988230895e-38
45.177708 19.213110 55.162461 0.923596 0.383367 0.000000 1.6580765988230895e-38
45.100811 19.680809 55.706593 0.912459 0.409167 0.000000 1.6580765988230895e-38
44.094085 21.030773 55.319472 0.900602 0.434645 0.000000 1.6580765988230895e-38
43.682054 22.424899 55.550801 0.888033 0.459780 0.000000 1.6580765988230895e-38
42.772448 23.975609 55.517282 0.874763 0.484551 0.000000 1.6580765988230895e-38
42.243649 24.854469 55.430078 0.860802 0.508940 0.000000 1.6580765988230895e-38
41.708207 26.783078 55.666442 0.846162 0.532926 0.000000 1.6580765988230895e-38
41.084325 28.248084 55.539403 0.830853 0.556492 0.000000 1.6580765988230895e-38
40.153105 28.668150 55.081926 0.814888 0.579619 0.000000 1.6580765988230895e-38
39.059131 29.418037 55.578900 0.798279 0.602287 0.000000 1.6580765988230895e-38
38.293687 30.700946 55.710852 0.781040 0.624481 0.000000 1.6580765988230895e-38
37.728241 31.676341 55.183617 0.763185 0.646180 0.000000 1.6580765988230895e-38
36.903645 32.997350 54.902738 0.744726 0.667370 0.000000 1.6580765988230895e-38
35.534008 33.829288 55.618264 0.725680 0.688033 0.000000 1.6580765988230895e-38
34.937741 34.852579 55.560190 0.706060 0.708152 0.000000 1.6580765988230895e-38
33.693332 35.525569 55.306236 0.685883 0.727712 0.000000 1.6580765988230895e-38
32.662577 36.649424 54.818944 0.665164 0.746697 0.000000 1.6580765988230895e-38
31.494633 37.579842 55.300204 0.643920 0.765093 0.000000 1.6580765988230895e-38
30.471864 38.582866 55.060928 0.622167 0.782884 0.000000 1.6580765988230895e-38
28.965408 39.175152 55.613850 0.599923 0.800057 0.000000 1.6580765988230895e-38
28.844737 40.326356 54.944136 0.577206 0.816599 0.000000 1.6580765988230895e-38
27.131031 40.949162 55.437893 0.554032 0.832495 0.000000 1.6580765988230895e-38
26.203323 41.345234 55.404098 0.530421 0.847734 0.000000 1.6580765988230895e-38
24.987853 42.583358 55.142900 0.506391 0.862304 0.000000 1.6580765988230895e-38
23.558800 42.206387 55.198177 0.481961 0.876193 0.000000 1.6580765988230895e-38
22.286927 43.359561 55.434299 0.457151 0.889389 0.000000 1.6580765988230895e-38
21.191648 43.601093 55.449268 0.431979 0.901884 0.000000 1.6580765988230895e-38
19.677366 45.003017 55.000060 0.406466 0.913666 0.000000 1.6580765988230895e-38
18.696537 45.315390 55.475546 0.380633 0.924726 0.000000 1.6580765988230895e-38
17.441859 45.830965 54.923734 0.354499 0.935057 0.000000 1.6580765988230895e-38
15.664457 46.203270 55.382131 0.328084 0.944648 0.000000 1.6580765988230895e-38
14.615594 47.000296 55.300849 0.301411 0.953494 0.000000 1.6580765988230895e-38
13.187328 47.126631 55.452373 0.274500 0.961587 0.000000 1.6580765988230895e-38
12.242417 48.133619 55.183943 0.247372 0.968921 0.000000 1.6580765988230895e-38
10.781438 48.020421 55.377588 0.220048 0.975489 0.000000 1.6580765988230895e-38
9.303293 47.712463 55.231365 0.192551 0.981287 0.000000 1.6580765988230895e-38
7.773900 47.905869 55.145912 0.164902 0.986310 0.000000 1.6580765988230895e-38
6.418022 48.807357 55.564943 0.137122 0.990554 0.000000 1.6580765988230895e-38
5.091808 48.724117 54.827143 0.109234 0.994016 0.000000 1.6580765988230895e-38
3.841256 49.053304 55.632097 0.081260 0.996693 0.000000 1.6580765988230895e-38
2.399080 49.341947 54.929908 0.053222 0.998583 0.000000 1.6580765988230895e-38
0.860079 49.293354 55.885952 0.025142 0.999684 0.000000 1.6580765988230895e-38
0.002795 49.083657 54.726060 -0.002958 0.999996 0.000000 1.6580765988230895e-38
-2.131456 49.111116 55.277197 -0.031056 0.999518 0.000000 1.6580765988230895e-38
-3.234756 49.029733 55.419155 -0.059129 0.998250 0.000000 1.6580765988230895e-38
-3.995671 48.950131 55.753134 -0.087156 0.996195 0.000000 1.6580765988230895e-38
49.700404 -0.034600 58.780832 1.000000 0.000000 0.000000 1.6580765988230895e-38
49.384850 2.240801 58.574116 0.999605 0.028099 0.000000 1.6580765988230895e-38
49.733775 2.949360 59.024679 0.998421 0.056176 0.000000 1.6580765988230895e-38
49.759238 3.703475 58.882580 0.996448 0.084208 0.000000 1.6580765988230895e-38
49.282069 5.606993 58.077762 0.993689 0.112174 0.000000 1.6580765988230895e-38
49.366051 6.764886 58.491589 0.990144 0.140052 0.000000 1.6580765988230895e-38
48.907953 8.917758 59.056217 0.985818 0.167819 0.000000 1.6580765988230895e-38
48.753438 9.732816 58.349506 0.980713 0.195453 0.000000 1.6580765988230895e-38
48.779097 10.980645 58.335137 0.974834 0.222933 0.000000 1.6580765988230895e-38
48.410425 12.274780 58.450212 0.968185 0.250237 0.000000 1.6580765988230895e-38
47.274007 13.994655 59.043799 0.960771 0.277343 0.000000 1.6580765988230895e-38
47.558613 15.558180 58.207708 0.952599 0.304230 0.000000 1.6580765988230895e-38
46.969602 16.160995 58.393209 0.943674 0.330877 0.000000 1.6580765988230895e-38
46.649790 17.785806 58.037746 0.934004 0.357263 0.000000 1.6580765988230895e-38
45.506384 18.638205 58.608974 0.923596 0.383367 0.000000 1.6580765988230895e-38
45.966578 20.743541 57.892743 0.912459 0.409167 0.000000 1.6580765988230895e-38
45.184437 21.881914 57.997948 0.900602 0.434645 0.000000 1.6580765988230895e-38
44.042513 23.178782 58.626669 0.888033 0.459780 0.000000 1.6580765988230895e-38
43.081252 24.264434 57.820288 0.874763 0.484551 0.000000 1.6580765988230895e-38
42.713308 25.634668 58.467057 0.860802 0.508940 0.000000 1.6580765988230895e-38
41.902864 26.752180 58.753964 0.846162 0.532926 0.000000 1.6580765988230895e-38
41.684739 27.918858 58.785951 0.830853 0.556492 0.000000 1.6580765988230895e-38
40.718172 28.885552 58.488391 0.814888 0.579619 0.000000 1.6580765988230895e-38
39.601712 29.568773 58.174945 0.798279 0.602287 0.000000 1.6580765988230895e-38
38.731546 31.107871 58.893782 0.781040 0.624481 0.000000 1.6580765988230895e-38
37.916217 32.414921 58.785333 0.763185 0.646180 0.000000 1.6580765988230895e-38
36.941976 33.345367 58.388480 0.744726 0.667370 0.000000 1.6580765988230895e-38
36.461477 34.384603 58.104393 0.725680 0.688033 0.000000 1.6580765988230895e-38
35.138238 35.688170 58.407169 0.706060 0.708152 0.000000 1.6580765988230895e-38
34.221328 36.329593 58.150552 0.685883 0.727712 0.000000 1.6580765988230895e-38
33.210541 36.691212 58.273851 0.665164 0.746697 0.000000 1.6580765988230895e-38
32.324254 38.130616 58.370195 0.643920 0.765093 0.000000 1.6580765988230895e-38
31.054413 38.889761 58.465312 0.622167 0.782884 0.000000 1.6580765988230895e-38
30.012038 39.543052 58.473639 0.599923 0.800057 0.000000 1.6580765988230895e-38
28.592286 40.107654 58.185402 0.577206 0.816599 0.000000 1.6580765988230895e-38
28.004748 41.488776 58.064462 0.554032 0.832495 0.000000 1.6580765988230895e-38
25.898755 42.097061 58.929894 0.530421 0.847734 0.000000 1.6580765988230895e-38
25.110592 43.246890 58.567118 0.506391 0.862304 0.000000 1.6580765988230895e-38
24.093878 43.144311 58.742795 0.481961 0.876193 0.000000 1.6580765988230895e-38
22.618991 44.459803 58.217287 0.457151 0.889389 0.000000 1.6580765988230895e-38
21.521611 44.927419 58.415328 0.431979 0.901884 0.000000 1.6580765988230895e-38
20.321932 45.327446 58.266821 0.406466 0.913666 0.000000 1.6580765988230895e-38
19.398333 46.271738 58.233279 0.380633 0.924726 0.000000 1.6580765988230895e-38
17.788402 46.247643 58.106133 0.354499 0.935057 0.000000 1.6580765988230895e-38
16.615279 46.435914 58.739595 0.328084 0.944648 0.000000 1.6580765988230895e-38
14.903711 47.323301 58.584464 0.301411 0.953494 0.000000 1.6580765988230895e-38
13.816449 47.541062 58.676856 0.274500 0.961587 0.000000 1.6580765988230895e-38
12.327888 47.776608 58.410576 0.247372 0.968921 0.000000 1.6580765988230895e-38
11.350341 48.982836 58.676743 0.220048 0.975489 0.000000 1.6580765988230895e-38
9.212297 48.915187 58.716797 0.192551 0.981287 0.000000 1.6580765988230895e-38
8.412999 49.253126 58.570517 0.164902 0.986310 0.000000 1.6580765988230895e-38
6.792977 49.046055 57.892158 0.137122 0.990554 0.000000 1.6580765988230895e-38
5.530626 49.456429 58.628811 0.109234 0.994016 0.000000 1.6580765988230895e-38
3.637216 49.727154 59.077902 0.081260 0.996693 0.000000 1.6580765988230895e-38
2.668571 49.609069 58.554239 0.053222 0.998583 0.000000 1.6580765988230895e-38
1.859205 49.375201 58.522501 0.025142 0.999684 0.000000 1.6580765988230895e-38
-0.386913 49.533687 58.446661 -0.002958 0.999996 0.000000 1.6580765988230895e-38
-1.139222 50.214331 58.595981 -0.031056 0.999518 0.000000 1.6580765988230895e-38
-3.051581 50.358872 58.333272 -0.059129 0.998250 0.000000 1.6580765988230895e-38
-4.502807 48.976407 58.880366 -0.087156 0.996195 0.000000 1.6580765988230895e-38
50.592468 0.725342 61.121605 1.000000 0.000000 0.000000 1.6580765988230895e-38
50.719584 1.434479 61.780292 0.999605 0.028099 0.000000 1.6580765988230895e-38
49.728229 3.266186 61.774417 0.998421 0.056176 0.000000 1.6580765988230895e-38
50.111657 4.429386 61.308813 0.996448 0.084208 0.000000 1.6580765988230895e-38
49.810683 5.503565 60.982643 0.993689 0.112174 0.000000 1.6580765988230895e-38
50.064754 7.402366 61.328058 0.990144 0.140052 0.000000 1.6580765988230895e-38
49.693066 8.361952 61.636944 0.985818 0.167819 0.000000 1.6580765988230895e-38
49.143551 9.566647 61.854084 0.980713 0.195453 0.000000 1.6580765988230895e-38
49.016923 11.820603 61.552355 0.974834 0.222933 0.000000 1.6580765988230895e-38
48.423796 12.955493 61.727702 0.968185 0.250237 0.000000 1.6580765988230895e-38
48.546757 14.308090 61.342623 0.960771 0.277343 0.000000 1.6580765988230895e-38
47.879429 15.251957 61.151238 0.952599 0.304230 0.000000 1.6580765988230895e-38
47.389596 17.044703 61.609663 0.943674 0.330877 0.000000 1.6580765988230895e-38
46.578437 17.504291 62.037894 0.934004 0.357263 0.000000 1.6580765988230895e-38
46.431639 19.089881 61.456264 0.923596 0.383367 0.000000 1.6580765988230895e-38
45.455332 21.008864 61.420546 0.912459 0.409167 0.000000 1.6580765988230895e-38
45.712289 21.879010 61.967321 0.900602 0.434645 0.000000 1.6580765988230895e-38
44.746845 23.383797 61.754189 0.888033 0.459780 0.000000 1.6580765988230895e-38
44.189315 24.478256 61.468606 0.874763 0.484551 0.000000 1.6580765988230895e-38
43.874701 25.328594 61.539754 0.860802 0.508940 0.000000 1.6580765988230895e-38
42.568084 26.927990 61.409620 0.846162 0.532926 0.000000 1.6580765988230895e-38
41.887977 27.942018 61.063876 0.830853 0.556492 0.000000 1.6580765988230895e-38
40.993348 28.825807 61.018146 0.814888 0.579619 0.000000 1.6580765988230895e-38
40.196104 30.442624 61.696471 0.798279 0.602287 0.000000 1.6580765988230895e-38
39.458041 30.832838 61.130156 0.781040 0.624481 0.000000 1.6580765988230895e-38
38.981768 32.190001 61.721714 0.763185 0.646180 0.000000 1.6580765988230895e-38
37.255136 33.593946 61.348485 0.744726 0.667370 0.000000 1.6580765988230895e-38
36.671601 34.650446 61.403975 0.725680 0.688033 0.000000 1.6580765988230895e-38
35.201181 35.701784 61.174646 0.706060 0.708152 0.000000 1.6580765988230895e-38
34.629524 37.393305 61.943513 0.685883 0.727712 0.000000 1.6580765988230895e-38
33.674585 37.534677 60.956836 0.665164 0.746697 0.000000 1.6580765988230895e-38
31.993772 38.870535 61.301535 0.643920 0.765093 0.000000 1.6580765988230895e-38
31.086481 39.330947 61.219848 0.622167 0.782884 0.000000 1.6580765988230895e-38
29.809309 40.229346 61.271003 0.599923 0.800057 0.000000 1.6580765988230895e-38
28.812287 40.842195 61.695170 0.577206 0.816599 0.000000 1.6580765988230895e-38
27.799277 41.822606 61.717545 0.554032 0.832495 0.000000 1.6580765988230895e-38
26.638618 42.559256 61.679597 0.530421 0.847734 0.000000 1.6580765988230895e-38
25.672933 43.331490 61.562644 0.506391 0.862304 0.000000 1.6580765988230895e-38
24.009065 43.816033 61.769206 0.481961 0.876193 0.000000 1.6580765988230895e-38
23.129067 44.874647 61.622718 0.457151 0.889389 0.000000 1.6580765988230895e-38
21.743268 45.575470 61.818994 0.431979 0.901884 0.000000 1.6580765988230895e-38
20.719438 45.928976 61.954559 0.406466 0.913666 0.000000 1.6580765988230895e-38
19.215124 46.705290 61.623088 0.380633 0.924726 0.000000 1.6580765988230895e-38
17.906084 46.814486 61.748867 0.354499 0.935057 0.000000 1.6580765988230895e-38
17.356884 47.405262 61.559760 0.328084 0.944648 0.000000 1.6580765988230895e-38
15.027715 47.816259 62.001796 0.301411 0.953494 0.000000 1.6580765988230895e-38
13.605992 48.227529 61.062214 0.274500 0.961587 0.000000 1.6580765988230895e-38
12.216004 48.226122 61.728003 0.247372 0.968921 0.000000 1.6580765988230895e-38
11.908773 48.959039 61.038434 0.220048 0.975489 0.000000 1.6580765988230895e-38
9.955699 49.142614 61.928266 0.192551 0.981287 0.000000 1.6580765988230895e-38
8.210277 49.423816 61.485074 0.164902 0.986310 0.000000 1.6580765988230895e-38
7.124855 49.758623 61.389444 0.137122 0.990554 0.000000 1.6580765988230895e-38
5.435061 49.619432 61.657571 0.109234 0.994016 0.000000 1.6580765988230895e-38
3.551542 50.002405 61.766277 0.081260 0.996693 0.000000 1.6580765988230895e-38
2.768096 50.407797 61.518948 0.053222 0.998583 0.000000 1.6580765988230895e-38
1.615613 50.563503 61.672304 0.025142 0.999684 0.000000 1.6580765988230895e-38
0.129461 50.526902 61.406622 -0.002958 0.999996 0.000000 1.6580765988230895e-38
-1.965346 50.403840 61.702288 -0.031056 0.999518 0.000000 1.6580765988230895e-38
-2.647175 49.933087 61.266532 -0.059129 0.998250 0.000000 1.6580765988230895e-38
-4.246138 50.089230 60.972733 -0.087156 0.996195 0.000000 1.6580765988230895e-38
51.016558 -0.555727 64.331808 1.000000 0.000000 0.000000 1.6580765988230895e-38
51.289430 1.977819 64.250688 0.999605 0.028099 0.000000 1.6580765988230895e-38
50.724824 2.872368 65.149753 0.998421 0.056176 0.000000 1.6580765988230895e-38
50.575362 4.143483 65.080002 0.996448 0.084208 0.000000 1.6580765988230895e-38
50.470309 5.926791 64.172242 0.993689 0.112174 0.000000 1.6580765988230895e-38
50.350954 6.631325 64.298754 0.990144 0.140052 0.000000 1.6580765988230895e-38
50.433858 8.527675 64.519653 0.985818 0.167819 0.000000 1.6580765988230895e-38
49.697618 9.883146 64.705719 0.980713 0.195453 0.000000 1.6580765988230895e-38
49.917838 10.560639 64.365856 0.974834 0.222933 0.000000 1.6580765988230895e-38
49.332225 12.708402 64.736397 0.968185 0.250237 0.000000 1.6580765988230895e-38
48.987371 14.026418 64.457329 0.960771 0.277343 0.000000 1.6580765988230895e-38
48.417448 15.831171 64.395782 0.952599 0.304230 0.000000 1.6580765988230895e-38
48.017952 16.897990 65.083490 0.943674 0.330877 0.000000 1.6580765988230895e-38
47.454461 18.473768 64.984978 0.934004 0.357263 0.000000 1.6580765988230895e-38
46.995641 19.451686 64.516669 0.923596 0.383367 0.000000 1.6580765988230895e-38
46.371106 21.084539 64.684688 0.912459 0.409167 0.000000 1.6580765988230895e-38
45.914845 21.787617 64.325138 0.900602 0.434645 0.000000 1.6580765988230895e-38
45.847493 23.351281 64.382953 0.888033 0.459780 0.000000 1.6580765988230895e-38
44.958292 24.750132 64.788831 0.874763 0.484551 0.000000 1.6580765988230895e-38
43.776885 25.811470 64.564509 0.860802 0.508940 0.000000 1.6580765988230895e-38
42.658212 27.101718 64.704195 0.846162 0.532926 0.000000 1.6580765988230895e-38
42.848891 28.353496 63.915132 0.830853 0.556492 0.000000 1.6580765988230895e-38
41.452874 30.326776 64.875294 0.814888 0.579619 0.000000 1.6580765988230895e-38
40.392364 30.836186 64.392781 0.798279 0.602287 0.000000 1.6580765988230895e-38
39.351958 31.684060 64.642843 0.781040 0.624481 0.000000 1.6580765988230895e-38
38.287526 32.548437 64.618485 0.763185 0.646180 0.000000 1.6580765988230895e-38
37.787113 34.090265 64.250984 0.744726 0.667370 0.000000 1.6580765988230895e-38
37.154254 34.668503 65.108205 0.725680 0.688033 0.000000 1.6580765988230895e-38
35.426575 35.720015 64.740596 0.706060 0.708152 0.000000 1.6580765988230895e-38
35.413472 37.137977 64.784242 0.685883 0.727712 0.000000 1.6580765988230895e-38
33.864791 37.701974 64.468343 0.665164 0.746697 0.000000 1.6580765988230895e-38
32.414545 38.562693 64.735909 0.643920 0.765093 0.000000 1.6580765988230895e-38
31.333867 39.947829 64.224838 0.622167 0.782884 0.000000 1.6580765988230895e-38
30.627427 40.579542 65.037369 0.599923 0.800057 0.000000 1.6580765988230895e-38
29.479203 41.938904 64.388691 0.577206 0.816599 0.000000 1.6580765988230895e-38
28.219302 42.083039 64.491303 0.554032 0.832495 0.000000 1.6580765988230895e-38
26.921928 42.935337 64.250734 0.530421 0.847734 0.000000 1.6580765988230895e-38
25.353281 43.192821 64.298481 0.506391 0.862304 0.000000 1.6580765988230895e-38
24.722005 44.122183 64.204948 0.481961 0.876193 0.000000 1.6580765988230895e-38
23.808073 45.082548 64.711698 0.457151 0.889389 0.000000 1.6580765988230895e-38
22.182167 46.108266 64.158690 0.431979 0.901884 0.000000 1.6580765988230895e-38
20.621457 46.023795 65.349280 0.406466 0.913666 0.000000 1.6580765988230895e-38
18.897276 46.757938 64.303204 0.380633 0.924726 0.000000 1.6580765988230895e-38
17.596403 48.003922 65.342119 0.354499 0.935057 0.000000 1.6580765988230895e-38
16.558087 47.690281 63.944307 0.328084 0.944648 0.000000 1.6580765988230895e-38
15.269802 48.441788 64.419996 0.301411 0.953494 0.000000 1.6580765988230895e-38
14.039554 49.067210 64.712310 0.274500 0.961587 0.000000 1.6580765988230895e-38
12.497375 48.991476 64.815135 0.247372 0.968921 0.000000 1.6580765988230895e-38
11.205094 49.922824 64.852407 0.220048 0.975489 0.000000 1.6580765988230895e-38
9.375092 49.521190 64.388722 0.192551 0.981287 0.000000 1.6580765988230895e-38
8.077282 50.433725 64.720778 0.164902 0.986310 0.000000 1.6580765988230895e-38
7.309828 50.542139 64.677979 0.137122 0.990554 0.000000 1.6580765988230895e-38
5.920392 50.740334 64.635815 0.109234 0.994016 0.000000 1.6580765988230895e-38
4.580617 50.770235 64.524082 0.081260 0.996693 0.000000 1.6580765988230895e-38
2.457876 51.042786 64.986500 0.053222 0.998583 0.000000 1.6580765988230895e-38
1.264649 51.280309 64.024380 0.025142 0.999684 0.000000 1.6580765988230895e-38
-0.167219 50.891774 64.397286 -0.002958 0.999996 0.000000 1.6580765988230895e-38
-0.865715 50.859614 64.493065 -0.031056 0.999518 0.000000 1.6580765988230895e-38
-3.002125 50.214116 64.387424 -0.059129 0.998250 0.000000 1.6580765988230895e-38
-4.141606 50.521636 64.366722 -0.087156 0.996195 0.000000 1.6580765988230895e-38
51.893050 0.402076 67.847405 1.000000 0.000000 0.000000 1.6580765988230895e-38
51.343322 1.375266 67.451063 0.999605 0.028099 0.000000 1.6580765988230895e-38
51.120436 2.579746 67.506891 0.998421 0.056176 0.000000 1.6580765988230895e-38
51.006856 3.867639 67.758128 0.996448 0.084208 0.000000 1.6580765988230895e-38
51.245529 6.287243 67.491806 0.993689 0.112174 0.000000 1.6580765988230895e-38
51.081446 7.306512 67.616156 0.990144 0.140052 0.000000 1.6580765988230895e-38
50.993111 8.875263 67.790531 0.985818 0.167819 0.000000 1.6580765988230895e-38
50.430220 9.958607 67.281982 0.980713 0.195453 0.000000 1.6580765988230895e-38
49.962353 11.294486 67.355116 0.974834 0.222933 0.000000 1.6580765988230895e-38
49.993674 13.246232 67.419889 0.968185 0.250237 0.000000 1.6580765988230895e-38
49.564922 13.972988 67.600831 0.960771 0.277343 0.000000 1.6580765988230895e-38
48.851908 15.848489 67.488671 0.952599 0.304230 0.000000 1.6580765988230895e-38
48.902880 16.966530 67.497427 0.943674 0.330877 0.000000 1.6580765988230895e-38
47.725385 18.475076 67.960873 0.934004 0.357263 0.000000 1.6580765988230895e-38
47.647382 20.415102 68.121244 0.923596 0.383367 0.000000 1.6580765988230895e-38
46.899573 20.976791 67.833217 0.912459 0.409167 0.000000 1.6580765988230895e-38
46.129762 22.734192 67.800788 0.900602 0.434645 0.000000 1.6580765988230895e-38
45.810814 23.884820 68.209157 0.888033 0.459780 0.000000 1.6580765988230895e-38
45.101754 24.920551 68.144924 0.874763 0.484551 0.000000 1.6580765988230895e-38
44.621747 26.114192 67.693864 0.860802 0.508940 0.000000 1.6580765988230895e-38
43.636102 27.554353 67.285328 0.846162 0.532926 0.000000 1.6580765988230895e-38
42.326334 28.393241 67.402886 0.830853 0.556492 0.000000 1.6580765988230895e-38
41.773733 30.040888 67.641629 0.814888 0.579619 0.000000 1.6580765988230895e-38
41.170457 30.650627 67.553815 0.798279 0.602287 0.000000 1.6580765988230895e-38
40.399908 32.339352 67.474936 0.781040 0.624481 0.000000 1.6580765988230895e-38
39.352657 33.938071 67.687028 0.763185 0.646180 0.000000 1.6580765988230895e-38
38.145590 34.317557 67.719961 0.744726 0.667370 0.000000 1.6580765988230895e-38
37.327296 35.424407 67.259274 0.725680 0.688033 0.000000 1.6580765988230895e-38
36.073444 36.425158 67.642727 0.706060 0.708152 0.000000 1.6580765988230895e-38
35.153247 37.424199 67.710612 0.685883 0.727712 0.000000 1.6580765988230895e-38
34.522903 38.425287 67.812039 0.665164 0.746697 0.000000 1.6580765988230895e-38
32.999522 39.574059 67.805027 0.643920 0.765093 0.000000 1.6580765988230895e-38
32.301481 40.532731 67.868928 0.622167 0.782884 0.000000 1.6580765988230895e-38
30.866642 41.276597 68.011360 0.599923 0.800057 0.000000 1.6580765988230895e-38
29.530576 41.866477 67.746737 0.577206 0.816599 0.000000 1.6580765988230895e-38
28.657339 42.626440 67.669879 0.554032 0.832495 0.000000 1.6580765988230895e-38
27.288579 42.993902 67.626429 0.530421 0.847734 0.000000 1.6580765988230895e-38
26.032035 44.360735 68.117082 0.506391 0.862304 0.000000 1.6580765988230895e-38
24.456347 44.876703 66.908649 0.481961 0.876193 0.000000 1.6580765988230895e-38
23.399066 45.685029 67.539315 0.457151 0.889389 0.000000 1.6580765988230895e-38
22.579307 46.705367 67.715665 0.431979 0.901884 0.000000 1.6580765988230895e-38
20.821913 47.361818 67.686380 0.406466 0.913666 0.000000 1.6580765988230895e-38
19.357178 47.108708 67.559913 0.380633 0.924726 0.000000 1.6580765988230895e-38
18.483134 48.838556 67.710791 0.354499 0.935057 0.000000 1.6580765988230895e-38
16.666799 48.294087 67.857894 0.328084 0.944648 0.000000 1.6580765988230895e-38
14.993342 49.270244 67.937621 0.301411 0.953494 0.000000 1.6580765988230895e-38
14.267673 49.456026 67.861790 0.274500 0.961587 0.000000 1.6580765988230895e-38
12.790969 49.666164 68.247431 0.247372 0.968921 0.000000 1.6580765988230895e-38
11.227021 50.470597 66.966723 0.220048 0.975489 0.000000 1.6580765988230895e-38
10.299355 50.977097 67.701258 0.192551 0.981287 0.000000 1.6580765988230895e-38
8.660102 50.962710 67.499473 0.164902 0.986310 0.000000 1.6580765988230895e-38
7.225958 50.771140 67.509681 0.137122 0.990554 0.000000 1.6580765988230895e-38
5.963678 51.484414 67.480395 0.109234 0.994016 0.000000 1.6580765988230895e-38
3.964853 51.136198 67.912100 0.081260 0.996693 0.000000 1.6580765988230895e-38
2.440957 51.534215 67.916362 0.053222 0.998583 0.000000 1.6580765988230895e-38
1.268340 51.786932 67.601015 0.025142 0.999684 0.000000 1.6580765988230895e-38
-0.216504 51.206793 67.997461 -0.002958 0.999996 0.000000 1.6580765988230895e-38
-1.829344 51.580283 67.670913 -0.031056 0.999518 0.000000 1.6580765988230895e-38
-3.361000 51.227354 68.107169 -0.059129 0.998250 0.000000 1.6580765988230895e-38
-4.428040 51.001474 67.783906 -0.087156 0.996195 0.000000 1.6580765988230895e-38
52.042797 1.036214 70.854768 1.000000 0.000000 0.000000 1.6580765988230895e-38
51.951877 1.889594 70.216920 0.999605 0.028099 0.000000 1.6580765988230895e-38
52.032676 3.524343 70.734371 0.998421 0.056176 0.000000 1.6580765988230895e-38
51.381637 4.267358 71.205586 0.996448 0.084208 0.000000 1.6580765988230895e-38
51.870709 5.591132 70.563658 0.993689 0.112174 0.000000 1.6580765988230895e-38
51.405364 7.403189 71.170690 0.990144 0.140052 0.000000 1.6580765988230895e-38
51.663659 8.877914 70.369737 0.985818 0.167819 0.000000 1.6580765988230895e-38
50.683660 10.340463 70.365589 0.980713 0.195453 0.000000 1.6580765988230895e-38
50.708138 11.703070 70.427953 0.974834 0.222933 0.000000 1.6580765988230895e-38
50.122199 13.005756 70.920326 0.968185 0.250237 0.000000 1.6580765988230895e-38
50.361778 14.627982 70.791328 0.960771 0.277343 0.000000 1.6580765988230895e-38
49.393788 15.525061 70.615968 0.952599 0.304230 0.000000 1.6580765988230895e-38
49.275769 17.335272 70.139260 0.943674 0.330877 0.000000 1.6580765988230895e-38
48.413409 18.969979 70.792995 0.934004 0.357263 0.000000 1.6580765988230895e-38
47.681915 20.675020 70.760548 0.923596 0.383367 0.000000 1.6580765988230895e-38
47.642233 21.432008 70.658952 0.912459 0.409167 0.000000 1.6580765988230895e-38
46.691043 23.275700 71.070193 0.900602 0.434645 0.000000 1.6580765988230895e-38
46.501234 24.121253 70.468236 0.888033 0.459780 0.000000 1.6580765988230895e-38
45.946721 24.985683 70.854217 0.874763 0.484551 0.000000 1.6580765988230895e-38
44.344472 25.896690 70.864718 0.860802 0.508940 0.000000 1.6580765988230895e-38
43.830979 27.161587 70.931414 0.846162 0.532926 0.000000 1.6580765988230895e-38
43.912347 29.402675 70.692035 0.830853 0.556492 0.000000 1.6580765988230895e-38
42.447415 30.456697 71.105869 0.814888 0.579619 0.000000 1.6580765988230895e-38
41.476619 31.381376 70.859415 0.798279 0.602287 0.000000 1.6580765988230895e-38
40.847926 32.487163 70.733205 0.781040 0.624481 0.000000 1.6580765988230895e-38
40.165669 34.020217 70.912454 0.763185 0.646180 0.000000 1.6580765988230895e-38
39.306015 34.645124 71.256123 0.744726 0.667370 0.000000 1.6580765988230895e-38
37.960968 36.818610 70.411486 0.725680 0.688033 0.000000 1.6580765988230895e-38
36.569490 37.010885 70.888401 0.706060 0.708152 0.000000 1.6580765988230895e-38
36.310373 37.703548 71.040706 0.685883 0.727712 0.000000 1.6580765988230895e-38
34.994895 39.104337 70.480932 0.665164 0.746697 0.000000 1.6580765988230895e-38
33.961949 40.219907 70.949106 0.643920 0.765093 0.000000 1.6580765988230895e-38
32.467903 40.845638 70.745610 0.622167 0.782884 0.000000 1.6580765988230895e-38
31.440221 41.681640 70.514673 0.599923 0.800057 0.000000 1.6580765988230895e-38
29.750117 42.308273 70.835870 0.577206 0.816599 0.000000 1.6580765988230895e-38
28.849574 43.426482 70.919475 0.554032 0.832495 0.000000 1.6580765988230895e-38
27.439642 44.595328 70.688918 0.530421 0.847734 0.000000 1.6580765988230895e-38
26.246169 45.059227 70.218278 0.506391 0.862304 0.000000 1.6580765988230895e-38
24.866567 45.932245 70.248004 0.481961 0.876193 0.000000 1.6580765988230895e-38
24.146704 46.778635 70.658394 0.457151 0.889389 0.000000 1.6580765988230895e-38
22.587876 47.311807 70.629194 0.431979 0.901884 0.000000 1.6580765988230895e-38
21.431797 47.388425 70.625950 0.406466 0.913666 0.000000 1.6580765988230895e-38
19.586076 48.268671 71.116621 0.380633 0.924726 0.000000 1.6580765988230895e-38
18.409399 48.322572 70.444419 0.354499 0.935057 0.000000 1.6580765988230895e-38
17.207186 49.756790 70.887348 0.328084 0.944648 0.000000 1.6580765988230895e-38
15.583416 49.894161 70.697381 0.301411 0.953494 0.000000 1.6580765988230895e-38
14.184280 49.798299 71.191765 0.274500 0.961587 0.000000 1.6580765988230895e-38
12.122993 50.707171 70.630107 0.247372 0.968921 0.000000 1.6580765988230895e-38
11.338468 51.317630 70.554991 0.220048 0.975489 0.000000 1.6580765988230895e-38
9.825312 51.072814 70.893385 0.192551 0.981287 0.000000 1.6580765988230895e-38
8.456618 50.901407 70.509521 0.164902 0.986310 0.000000 1.6580765988230895e-38
7.526635 51.617061 70.904557 0.137122 0.990554 0.000000 1.6580765988230895e-38
5.611228 51.577096 71.272502 0.109234 0.994016 0.000000 1.6580765988230895e-38
4.176123 51.781365 71.098073 0.081260 0.996693 0.000000 1.6580765988230895e-38
2.555456 51.834390 70.772305 0.053222 0.998583 0.000000 1.6580765988230895e-38
1.309639 52.148049 71.396731 0.025142 0.999684 0.000000 1.6580765988230895e-38
-0.053207 51.372987 70.867120 -0.002958 0.999996 0.000000 1.6580765988230895e-38
-1.606236 52.074542 70.843015 -0.031056 0.999518 0.000000 1.6580765988230895e-38
-3.088444 51.979713 70.953144 -0.059129 0.998250 0.000000 1.6580765988230895e-38
-4.702273 51.604120 71.676365 -0.087156 0.996195 0.000000 1.6580765988230895e-38
52.444779 0.030043 73.397456 1.000000 0.000000 0.000000 1.6580765988230895e-38
52.673684 1.199716 73.713412 0.999605 0.028099 0.000000 1.6580765988230895e-38
52.889901 3.099801 74.016677 0.998421 0.056176 0.000000 1.6580765988230895e-38
51.941137 4.985446 73.488589 0.996448 0.084208 0.000000 1.6580765988230895e-38
52.785746 6.213517 74.019354 0.993689 0.112174 0.000000 1.6580765988230895e-38
51.884038 7.420543 73.704877 0.990144 0.140052 0.000000 1.6580765988230895e-38
51.921425 8.762293 73.234571 0.985818 0.167819 0.000000 1.6580765988230895e-38
51.980431 10.268131 73.700714 0.980713 0.195453 0.000000 1.6580765988230895e-38
51.166197 11.847082 73.578027 0.974834 0.222933 0.000000 1.6580765988230895e-38
50.307603 13.299493 74.001885 0.968185 0.250237 0.000000 1.6580765988230895e-38
50.533864 14.260387 73.872835 0.960771 0.277343 0.000000 1.6580765988230895e-38
49.724036 15.712459 73.620944 0.952599 0.304230 0.000000 1.6580765988230895e-38
49.946606 17.315063 73.711794 0.943674 0.330877 0.000000 1.6580765988230895e-38
49.770616 18.919044 73.947852 0.934004 0.357263 0.000000 1.6580765988230895e-38
48.525241 20.008995 73.190232 0.923596 0.383367 0.000000 1.6580765988230895e-38
48.340308 21.681058 73.792404 0.912459 0.409167 0.000000 1.6580765988230895e-38
47.384107 23.109052 73.379741 0.900602 0.434645 0.000000 1.6580765988230895e-38
46.586447 23.870886 74.377607 0.888033 0.459780 0.000000 1.6580765988230895e-38
46.327315 24.855417 73.392025 0.874763 0.484551 0.000000 1.6580765988230895e-38
45.289744 26.658789 73.448839 0.860802 0.508940 0.000000 1.6580765988230895e-38
45.141908 28.157416 73.988599 0.846162 0.532926 0.000000 1.6580765988230895e-38
43.544719 29.521307 73.732024 0.830853 0.556492 0.000000 1.6580765988230895e-38
42.826612 30.705753 73.357455 0.814888 0.579619 0.000000 1.6580765988230895e-38
42.516127 31.770893 74.230437 0.798279 0.602287 0.000000 1.6580765988230895e-38
40.806600 32.607904 73.497584 0.781040 0.624481 0.000000 1.6580765988230895e-38
40.264041 34.047357 73.706830 0.763185 0.646180 0.000000 1.6580765988230895e-38
38.912720 34.763419 73.831609 0.744726 0.667370 0.000000 1.6580765988230895e-38
38.074283 36.025798 74.310281 0.725680 0.688033 0.000000 1.6580765988230895e-38
37.156102 37.671963 73.686178 0.706060 0.708152 0.000000 1.6580765988230895e-38
36.191711 38.304328 73.336867 0.685883 0.727712 0.000000 1.6580765988230895e-38
35.455734 39.280183 74.070079 0.665164 0.746697 0.000000 1.6580765988230895e-38
33.682918 40.239982 73.586098 0.643920 0.765093 0.000000 1.6580765988230895e-38
33.133842 41.319748 73.956270 0.622167 0.782884 0.000000 1.6580765988230895e-38
31.999140 42.477559 74.075757 0.599923 0.800057 0.000000 1.6580765988230895e-38
29.968860 42.793014 73.544987 0.577206 0.816599 0.000000 1.6580765988230895e-38
29.393329 43.890016 73.429000 0.554032 0.832495 0.000000 1.6580765988230895e-38
27.875096 44.193068 73.830207 0.530421 0.847734 0.000000 1.6580765988230895e-38
26.169700 45.567179 73.959543 0.506391 0.862304 0.000000 1.6580765988230895e-38
25.952230 46.394261 73.719280 0.481961 0.876193 0.000000 1.6580765988230895e-38
24.318757 46.415531 73.557412 0.457151 0.889389 0.000000 1.6580765988230895e-38
22.847759 46.845300 73.835006 0.431979 0.901884 0.000000 1.6580765988230895e-38
21.098252 48.143607 73.522833 0.406466 0.913666 0.000000 1.6580765988230895e-38
20.171218 48.701456 74.266264 0.380633 0.924726 0.000000 1.6580765988230895e-38
18.669747 49.009054 73.772088 0.354499 0.935057 0.000000 1.6580765988230895e-38
16.873497 49.866591 74.023109 0.328084 0.944648 0.000000 1.6580765988230895e-38
16.612924 50.024017 73.765815 0.301411 0.953494 0.000000 1.6580765988230895e-38
14.282301 50.700369 73.960661 0.274500 0.961587 0.000000 1.6580765988230895e-38
13.010464 51.348811 73.661060 0.247372 0.968921 0.000000 1.6580765988230895e-38
11.883489 51.530348 73.842545 0.220048 0.975489 0.000000 1.6580765988230895e-38
10.045165 52.402117 73.601051 0.192551 0.981287 0.000000 1.6580765988230895e-38
8.773028 51.713562 74.381840 0.164902 0.986310 0.000000 1.6580765988230895e-38
7.486841 51.958617 73.999932 0.137122 0.990554 0.000000 1.6580765988230895e-38
5.829544 52.189435 74.073603 0.109234 0.994016 0.000000 1.6580765988230895e-38
4.395926 52.550096 73.833578 0.081260 0.996693 0.000000 1.6580765988230895e-38
2.931971 52.653718 73.863882 0.053222 0.998583 0.000000 1.6580765988230895e-38
1.131657 53.151020 73.531028 0.025142 0.999684 0.000000 1.6580765988230895e-38
-0.027486 52.563234 74.374018 -0.002958 0.999996 0.000000 1.6580765988230895e-38
-1.906437 52.413557 73.555208 -0.031056 0.999518 0.000000 1.6580765988230895e-38
-3.016676 52.155485 73.702595 -0.059129 0.998250 0.000000 1.6580765988230895e-38
-5.235291 52.531278 73.696089 -0.087156 0.996195 0.000000 1.6580765988230895e-38
52.768777 0.325683 76.530777 1.000000 0.000000 0.000000 1.6580765988230895e-38
53.433265 1.284985 77.403548 0.999605 0.028099 0.000000 1.6580765988230895e-38
53.356026 2.686999 76.647952 0.998421 0.056176 0.000000 1.6580765988230895e-38
53.207840 4.402455 76.872274 0.996448 0.084208 0.000000 1.6580765988230895e-38
53.261000 5.744778 76.950465 0.993689 0.112174 0.000000 1.6580765988230895e-38
52.977103 7.695622 76.875193 0.990144 0.140052 0.000000 1.6580765988230895e-38
52.373818 8.408859 76.606203 0.985818 0.167819 0.000000 1.6580765988230895e-38
52.284344 10.359703 76.945555 0.980713 0.195453 0.000000 1.6580765988230895e-38
52.187745 11.507222 76.852223 0.974834 0.222933 0.000000 1.6580765988230895e-38
51.578748 13.105152 77.352520 0.968185 0.250237 0.000000 1.6580765988230895e-38
51.400189 14.845906 77.461346 0.960771 0.277343 0.000000 1.6580765988230895e-38
50.243046 16.187358 77.032978 0.952599 0.304230 0.000000 1.6580765988230895e-38
49.943417 17.697915 76.591102 0.943674 0.330877 0.000000 1.6580765988230895e-38
49.910362 19.329171 77.004777 0.934004 0.357263 0.000000 1.6580765988230895e-38
48.593515 20.110889 77.092490 0.923596 0.383367 0.000000 1.6580765988230895e-38
48.563061 20.965721 77.295926 0.912459 0.409167 0.000000 1.6580765988230895e-38
47.966698 22.884000 77.221564 0.900602 0.434645 0.000000 1.6580765988230895e-38
47.053592 24.260721 77.030583 0.888033 0.459780 0.000000 1.6580765988230895e-38
47.084999 26.272545 77.030990 0.874763 0.484551 0.000000 1.6580765988230895e-38
45.946475 27.320767 76.545982 0.860802 0.508940 0.000000 1.6580765988230895e-38
45.221900 28.139557 77.018620 0.846162 0.532926 0.000000 1.6580765988230895e-38
44.145753 29.764206 76.958508 0.830853 0.556492 0.000000 1.6580765988230895e-38
42.442504 30.898189 77.115723 0.814888 0.579619 0.000000 1.6580765988230895e-38
42.614367 32.020066 77.415725 0.798279 0.602287 0.000000 1.6580765988230895e-38
41.656628 33.363153 77.236424 0.781040 0.624481 0.000000 1.6580765988230895e-38
40.721799 34.117211 76.191576 0.763185 0.646180 0.000000 1.6580765988230895e-38
39.487617 35.742510 76.817148 0.744726 0.667370 0.000000 1.6580765988230895e-38
38.857542 36.658409 77.309497 0.725680 0.688033 0.000000 1.6580765988230895e-38
37.484562 37.824724 77.074842 0.706060 0.708152 0.000000 1.6580765988230895e-38
36.949874 38.213338 76.785554 0.685883 0.727712 0.000000 1.6580765988230895e-38
35.651391 40.199406 76.995098 0.665164 0.746697 0.000000 1.6580765988230895e-38
34.178514 40.941701 77.183688 0.643920 0.765093 0.000000 1.6580765988230895e-38
33.000856 41.760433 77.277235 0.622167 0.782884 0.000000 1.6580765988230895e-38
32.492174 42.797997 76.936319 0.599923 0.800057 0.000000 1.6580765988230895e-38
30.699885 43.622686 76.888375 0.577206 0.816599 0.000000 1.6580765988230895e-38
29.539813 43.984040 77.312194 0.554032 0.832495 0.000000 1.6580765988230895e-38
27.884396 44.982719 76.952355 0.530421 0.847734 0.000000 1.6580765988230895e-38
27.544988 45.760871 76.723272 0.506391 0.862304 0.000000 1.6580765988230895e-38
25.482405 47.124431 76.079373 0.481961 0.876193 0.000000 1.6580765988230895e-38
24.026534 48.148412 77.100342 0.457151 0.889389 0.000000 1.6580765988230895e-38
22.656053 47.981338 76.943313 0.431979 0.901884 0.000000 1.6580765988230895e-38
21.884025 49.172750 77.039642 0.406466 0.913666 0.000000 1.6580765988230895e-38
20.093509 49.445615 76.713601 0.380633 0.924726 0.000000 1.6580765988230895e-38
18.554705 49.231245 76.453538 0.354499 0.935057 0.000000 1.6580765988230895e-38
17.190137 49.916313 77.017048 0.328084 0.944648 0.000000 1.6580765988230895e-38
15.679826 49.797285 76.609903 0.301411 0.953494 0.000000 1.6580765988230895e-38
14.465998 50.989414 77.378934 0.274500 0.961587 0.000000 1.6580765988230895e-38
12.979867 51.825579 76.917382 0.247372 0.968921 0.000000 1.6580765988230895e-38
11.697217 51.660222 76.905442 0.220048 0.975489 0.000000 1.6580765988230895e-38
10.017110 52.270384 76.852202 0.192551 0.981287 0.000000 1.6580765988230895e-38
8.491889 52.784247 77.051129 0.164902 0.986310 0.000000 1.6580765988230895e-38
7.162567 52.756179 76.897930 0.137122 0.990554 0.000000 1.6580765988230895e-38
5.552655 52.917904 76.736773 0.109234 0.994016 0.000000 1.6580765988230895e-38
4.040808 52.552376 76.815495 0.081260 0.996693 0.000000 1.6580765988230895e-38
3.002320 52.931374 77.679290 0.053222 0.998583 0.000000 1.6580765988230895e-38
1.603638 53.589671 77.161650 0.025142 0.999684 0.000000 1.6580765988230895e-38
0.398439 52.978861 76.154856 -0.002958 0.999996 0.000000 1.6580765988230895e-38
-1.786486 53.356991 76.968532 -0.031056 0.999518 0.000000 1.6580765988230895e-38
-3.063930 53.518359 77.037694 -0.059129 0.998250 0.000000 1.6580765988230895e-38
-4.398336 52.730826 76.594459 -0.087156 0.996195 0.000000 1.6580765988230895e-38
54.234234 0.030270 79.813031 1.000000 0.000000 0.000000 1.6580765988230895e-38
53.542358 1.315588 79.787312 0.999605 0.028099 0.000000 1.6580765988230895e-38
53.280178 2.569330 79.941499 0.998421 0.056176 0.000000 1.6580765988230895e-38
53.381211 4.858351 80.087923 0.996448 0.084208 0.000000 1.6580765988230895e-38
53.490354 5.806440 79.963691 0.993689 0.112174 0.000000 1.6580765988230895e-38
53.328549 7.742646 79.971832 0.990144 0.140052 0.000000 1.6580765988230895e-38
53.311448 9.022651 80.237854 0.985818 0.167819 0.000000 1.6580765988230895e-38
52.566372 9.961821 80.080508 0.980713 0.195453 0.000000 1.6580765988230895e-38
52.614913 12.155248 80.126656 0.974834 0.222933 0.000000 1.6580765988230895e-38
51.935350 13.208204 80.165518 0.968185 0.250237 0.000000 1.6580765988230895e-38
51.769373 14.738921 80.332827 0.960771 0.277343 0.000000 1.6580765988230895e-38
50.937310 16.177323 80.490928 0.952599 0.304230 0.000000 1.6580765988230895e-38
50.983040 17.677253 80.086214 0.943674 0.330877 0.000000 1.6580765988230895e-38
50.249143 18.379203 79.728058 0.934004 0.357263 0.000000 1.6580765988230895e-38
49.628045 20.498970 80.074131 0.923596 0.383367 0.000000 1.6580765988230895e-38
49.383534 21.896287 79.682704 0.912459 0.409167 0.000000 1.6580765988230895e-38
48.504804 23.264186 79.953181 0.900602 0.434645 0.000000 1.6580765988230895e-38
47.644247 25.385701 79.327789 0.888033 0.459780 0.000000 1.6580765988230895e-38
46.902016 26.043503 79.765657 0.874763 0.484551 0.000000 1.6580765988230895e-38
46.538069 27.599479 79.985674 0.860802 0.508940 0.000000 1.6580765988230895e-38
45.399986 28.611204 79.968564 0.846162 0.532926 0.000000 1.6580765988230895e-38
44.634826 29.855059 80.075735 0.830853 0.556492 0.000000 1.6580765988230895e-38
44.026184 30.785427 79.684801 0.814888 0.579619 0.000000 1.6580765988230895e-38
42.382958 32.632868 80.075097 0.798279 0.602287 0.000000 1.6580765988230895e-38
42.132502 33.136977 80.535484 0.781040 0.624481 0.000000 1.6580765988230895e-38
40.838521 34.782659 80.256315 0.763185 0.646180 0.000000 1.6580765988230895e-38
39.732943 35.707243 80.053752 0.744726 0.667370 0.000000 1.6580765988230895e-38
39.862528 37.072092 80.481908 0.725680 0.688033 0.000000 1.6580765988230895e-38
38.312434 38.173567 79.703241 0.706060 0.708152 0.000000 1.6580765988230895e-38
37.184134 38.665081 80.480263 0.685883 0.727712 0.000000 1.6580765988230895e-38
35.812571 39.339908 79.897848 0.665164 0.746697 0.000000 1.6580765988230895e-38
34.806882 41.052634 80.214502 0.643920 0.765093 0.000000 1.6580765988230895e-38
33.186486 41.688237 79.978566 0.622167 0.782884 0.000000 1.6580765988230895e-38
32.255349 42.898575 80.368187 0.599923 0.800057 0.000000 1.6580765988230895e-38
30.769738 43.986139 80.020391 0.577206 0.816599 0.000000 1.6580765988230895e-38
29.312206 44.350917 80.003573 0.554032 0.832495 0.000000 1.6580765988230895e-38
29.104484 45.739506 79.482310 0.530421 0.847734 0.000000 1.6580765988230895e-38
26.285366 46.568757 79.971136 0.506391 0.862304 0.000000 1.6580765988230895e-38
26.247786 46.831139 80.105064 0.481961 0.876193 0.000000 1.6580765988230895e-38
24.825694 47.670437 79.872174 0.457151 0.889389 0.000000 1.6580765988230895e-38
23.226452 48.639049 79.995700 0.431979 0.901884 0.000000 1.6580765988230895e-38
22.139767 48.970953 79.601481 0.406466 0.913666 0.000000 1.6580765988230895e-38
21.052102 49.522648 79.829467 0.380633 0.924726 0.000000 1.6580765988230895e-38
19.034553 50.279446 79.883995 0.354499 0.935057 0.000000 1.6580765988230895e-38
17.629302 50.762925 80.052446 0.328084 0.944648 0.000000 1.6580765988230895e-38
15.493597 51.814582 79.955814 0.301411 0.953494 0.000000 1.6580765988230895e-38
14.928547 51.271880 79.858700 0.274500 0.961587 0.000000 1.6580765988230895e-38
13.094531 52.520403 79.824256 0.247372 0.968921 0.000000 1.6580765988230895e-38
12.055015 52.237408 79.864214 0.220048 0.975489 0.000000 1.6580765988230895e-38
10.275951 53.129328 79.433044 0.192551 0.981287 0.000000 1.6580765988230895e-38
8.468769 52.429971 79.673749 0.164902 0.986310 0.000000 1.6580765988230895e-38
7.126840 52.757940 79.779756 0.137122 0.990554 0.000000 1.6580765988230895e-38
5.266937 53.122964 80.360126 0.109234 0.994016 0.000000 1.6580765988230895e-38
4.488823 53.628484 79.699166 0.081260 0.996693 0.000000 1.6580765988230895e-38
2.399866 53.332073 79.987037 0.053222 0.998583 0.000000 1.6580765988230895e-38
1.611831 54.003719 80.189184 0.025142 0.999684 0.000000 1.6580765988230895e-38
-0.380269 53.757130 79.903597 -0.002958 0.999996 0.000000 1.6580765988230895e-38
-1.729614 54.335212 79.471400 -0.031056 0.999518 0.000000 1.6580765988230895e-38
-3.248597 54.019480 79.560233 -0.059129 0.998250 0.000000 1.6580765988230895e-38
-4.877745 53.386753 79.933013 -0.087156 0.996195 0.000000 1.6580765988230895e-38
53.781698 0.178586 83.276809 1.000000 0.000000 0.000000 1.6580765988230895e-38
54.391573 1.263557 83.102876 0.999605 0.028099 0.000000 1.6580765988230895e-38
53.904970 2.948354 83.722963 0.998421 0.056176 0.000000 1.6580765988230895e-38
54.096470 4.212933 83.131024 0.996448 0.084208 0.000000 1.6580765988230895e-38
53.512483 5.726937 82.764586 0.993689 0.112174 0.000000 1.6580765988230895e-38
53.592411 7.880373 83.250443 0.990144 0.140052 0.000000 1.6580765988230895e-38
53.647855 8.776246 82.914529 0.985818 0.167819 0.000000 1.6580765988230895e-38
53.295568 10.416877 82.993413 0.980713 0.195453 0.000000 1.6580765988230895e-38
53.027362 11.991817 83.144741 0.974834 0.222933 0.000000 1.6580765988230895e-38
53.011989 13.526413 83.430724 0.968185 0.250237 0.000000 1.6580765988230895e-38
52.299709 14.608597 82.746282 0.960771 0.277343 0.000000 1.6580765988230895e-38
51.438379 16.251235 83.049836 0.952599 0.304230 0.000000 1.6580765988230895e-38
51.388591 18.330112 83.169376 0.943674 0.330877 0.000000 1.6580765988230895e-38
50.545797 18.760592 83.098100 0.934004 0.357263 0.000000 1.6580765988230895e-38
50.122513 20.856535 83.708795 0.923596 0.383367 0.000000 1.6580765988230895e-38
49.882666 22.437140 82.788300 0.912459 0.409167 0.000000 1.6580765988230895e-38
48.713194 23.555600 82.844301 0.900602 0.434645 0.000000 1.6580765988230895e-38
48.335247 25.054933 82.750431 0.888033 0.459780 0.000000 1.6580765988230895e-38
47.824115 26.322659 82.558202 0.874763 0.484551 0.000000 1.6580765988230895e-38
46.692145 27.699670 83.368761 0.860802 0.508940 0.000000 1.6580765988230895e-38
45.811898 29.165223 83.133066 0.846162 0.532926 0.000000 1.6580765988230895e-38
44.687960 29.770990 83.413691 0.830853 0.556492 0.000000 1.6580765988230895e-38
44.575004 31.547265 83.525635 0.814888 0.579619 0.000000 1.6580765988230895e-38
43.632006 32.885497 82.803530 0.798279 0.602287 0.000000 1.6580765988230895e-38
42.899060 34.045506 82.961171 0.781040 0.624481 0.000000 1.6580765988230895e-38
41.210291 35.139099 82.575605 0.763185 0.646180 0.000000 1.6580765988230895e-38
40.619111 35.925752 83.188106 0.744726 0.667370 0.000000 1.6580765988230895e-38
39.219249 37.253659 82.849850 0.725680 0.688033 0.000000 1.6580765988230895e-38
38.262797 38.991479 83.492441 0.706060 0.708152 0.000000 1.6580765988230895e-38
37.322685 39.478412 83.330183 0.685883 0.727712 0.000000 1.6580765988230895e-38
36.431118 40.267208 83.053691 0.665164 0.746697 0.000000 1.6580765988230895e-38
34.392822 41.851241 83.696430 0.643920 0.765093 0.000000 1.6580765988230895e-38
33.783125 41.842180 83.259590 0.622167 0.782884 0.000000 1.6580765988230895e-38
32.280904 43.212503 83.264896 0.599923 0.800057 0.000000 1.6580765988230895e-38
31.395821 44.162619 82.882041 0.577206 0.816599 0.000000 1.6580765988230895e-38
30.099797 45.048763 82.744152 0.554032 0.832495 0.000000 1.6580765988230895e-38
28.681127 46.100360 83.023492 0.530421 0.847734 0.000000 1.6580765988230895e-38
27.052965 47.085754 82.255280 0.506391 0.862304 0.000000 1.6580765988230895e-38
26.017531 47.356579 83.121377 0.481961 0.876193 0.000000 1.6580765988230895e-38
24.973709 48.596726 82.863202 0.457151 0.889389 0.000000 1.6580765988230895e-38
23.615367 48.995390 82.563461 0.431979 0.901884 0.000000 1.6580765988230895e-38
22.625225 49.144314 83.202772 0.406466 0.913666 0.000000 1.6580765988230895e-38
20.770305 50.258789 82.928550 0.380633 0.924726 0.000000 1.6580765988230895e-38
19.483437 50.268514 83.057174 0.354499 0.935057 0.000000 1.6580765988230895e-38
17.632852 51.053894 83.205547 0.328084 0.944648 0.000000 1.6580765988230895e-38
16.677953 51.634087 83.311127 0.301411 0.953494 0.000000 1.6580765988230895e-38
14.909411 51.908368 82.999537 0.274500 0.961587 0.000000 1.6580765988230895e-38
13.332660 52.365108 83.205468 0.247372 0.968921 0.000000 1.6580765988230895e-38
12.010316 52.453312 82.581465 0.220048 0.975489 0.000000 1.6580765988230895e-38
10.575316 53.000521 83.167535 0.192551 0.981287 0.000000 1.6580765988230895e-38
9.181927 53.136374 82.653462 0.164902 0.986310 0.000000 1.6580765988230895e-38
7.942648 53.853420 82.951151 0.137122 0.990554 0.000000 1.6580765988230895e-38
5.646932 53.782659 82.719751 0.109234 0.994016 0.000000 1.6580765988230895e-38
4.674252 53.848016 83.404983 0.081260 0.996693 0.000000 1.6580765988230895e-38
2.767672 53.870577 82.949033 0.053222 0.998583 0.000000 1.6580765988230895e-38
0.576963 54.207103 83.025887 0.025142 0.999684 0.000000 1.6580765988230895e-38
0.086910 53.694357 83.425483 -0.002958 0.999996 0.000000 1.6580765988230895e-38
-1.438931 54.609926 83.061107 -0.031056 0.999518 0.000000 1.6580765988230895e-38
-2.904210 53.724175 83.290837 -0.059129 0.998250 0.000000 1.6580765988230895e-38
-4.960462 53.558588 82.739681 -0.087156 0.996195 0.000000 1.6580765988230895e-38
54.745000 -0.247290 86.266668 1.000000 0.000000 0.000000 1.6580765988230895e-38
54.179253 0.900107 86.565562 0.999605 0.028099 0.000000 1.6580765988230895e-38
54.928034 2.760469 86.152946 0.998421 0.056176 0.000000 1.6580765988230895e-38
54.854753 4.735611 86.198313 0.996448 0.084208 0.000000 1.6580765988230895e-38
54.726376 5.921590 86.163200 0.993689 0.112174 0.000000 1.6580765988230895e-38
54.198445 7.585078 86.036905 0.990144 0.140052 0.000000 1.6580765988230895e-38
53.988824 9.197278 85.839318 0.985818 0.167819 0.000000 1.6580765988230895e-38
53.928048 10.406833 86.088376 0.980713 0.195453 0.000000 1.6580765988230895e-38
53.277074 12.311524 85.518115 0.974834 0.222933 0.000000 1.6580765988230895e-38
53.268935 13.495701 86.519835 0.968185 0.250237 0.000000 1.6580765988230895e-38
52.452362 15.168033 86.727982 0.960771 0.277343 0.000000 1.6580765988230895e-38
52.065223 17.026239 86.165560 0.952599 0.304230 0.000000 1.6580765988230895e-38
51.784480 18.134317 86.408202 0.943674 0.330877 0.000000 1.6580765988230895e-38
50.924830 19.262556 85.962273 0.934004 0.357263 0.000000 1.6580765988230895e-38
50.590658 20.920521 86.366929 0.923596 0.383367 0.000000 1.6580765988230895e-38
50.342492 22.106438 85.933662 0.912459 0.409167 0.000000 1.6580765988230895e-38
48.871081 24.403035 86.245247 0.900602 0.434645 0.000000 1.6580765988230895e-38
48.757839 24.767804 86.153495 0.888033 0.459780 0.000000 1.6580765988230895e-38
48.040228 26.450106 86.476558 0.874763 0.484551 0.000000 1.6580765988230895e-38
47.816740 27.576933 85.847220 0.860802 0.508940 0.000000 1.6580765988230895e-38
46.058388 29.656028 86.466553 0.846162 0.532926 0.000000 1.6580765988230895e-38
45.442999 30.475213 85.908883 0.830853 0.556492 0.000000 1.6580765988230895e-38
44.876689 31.616293 86.075823 0.814888 0.579619 0.000000 1.6580765988230895e-38
43.883113 32.914827 86.083356 0.798279 0.602287 0.000000 1.6580765988230895e-38
42.759933 34.424755 86.647794 0.781040 0.624481 0.000000 1.6580765988230895e-38
41.954925 35.615069 86.093890 0.763185 0.646180 0.000000 1.6580765988230895e-38
40.556464 36.730261 86.205218 0.744726 0.667370 0.000000 1.6580765988230895e-38
39.299344 37.566784 86.128977 0.725680 0.688033 0.000000 1.6580765988230895e-38
38.498953 39.211120 86.297798 0.706060 0.708152 0.000000 1.6580765988230895e-38
37.959476 39.916407 86.178263 0.685883 0.727712 0.000000 1.6580765988230895e-38
36.132325 40.880279 86.157762 0.665164 0.746697 0.000000 1.6580765988230895e-38
34.840195 41.721881 86.056861 0.643920 0.765093 0.000000 1.6580765988230895e-38
34.183561 42.996107 85.979451 0.622167 0.782884 0.000000 1.6580765988230895e-38
32.982468 43.743196 85.292960 0.599923 0.800057 0.000000 1.6580765988230895e-38
31.452751 45.027046 85.649304 0.577206 0.816599 0.000000 1.6580765988230895e-38
30.363370 46.049155 85.925662 0.554032 0.832495 0.000000 1.6580765988230895e-38
29.037657 46.016609 86.642015 0.530421 0.847734 0.000000 1.6580765988230895e-38
27.696531 47.219391 86.560136 0.506391 0.862304 0.000000 1.6580765988230895e-38
26.582601 47.703024 85.959663 0.481961 0.876193 0.000000 1.6580765988230895e-38
25.174427 48.500906 85.518673 0.457151 0.889389 0.000000 1.6580765988230895e-38
23.632003 48.928060 86.638731 0.431979 0.901884 0.000000 1.6580765988230895e-38
22.304364 49.745562 85.944256 0.406466 0.913666 0.000000 1.6580765988230895e-38
20.270288 50.292768 86.458743 0.380633 0.924726 0.000000 1.6580765988230895e-38
20.075968 51.406040 86.126233 0.354499 0.935057 0.000000 1.6580765988230895e-38
17.830843 51.426262 86.771776 0.328084 0.944648 0.000000 1.6580765988230895e-38
16.443622 52.832152 86.571902 0.301411 0.953494 0.000000 1.6580765988230895e-38
14.504793 52.440708 85.953133 0.274500 0.961587 0.000000 1.6580765988230895e-38
13.517996 53.023860 87.052718 0.247372 0.968921 0.000000 1.6580765988230895e-38
11.723005 53.470217 86.338798 0.220048 0.975489 0.000000 1.6580765988230895e-38
10.540413 53.751981 85.840403 0.192551 0.981287 0.000000 1.6580765988230895e-38
9.059217 54.147324 86.252126 0.164902 0.986310 0.000000 1.6580765988230895e-38
7.677589 54.650025 86.434936 0.137122 0.990554 0.000000 1.6580765988230895e-38
6.001247 54.064229 85.973845 0.109234 0.994016 0.000000 1.6580765988230895e-38
4.382576 54.638003 86.010346 0.081260 0.996693 0.000000 1.6580765988230895e-38
2.632840 54.309293 85.658493 0.053222 0.998583 0.000000 1.6580765988230895e-38
1.305868 54.285136 85.853688 0.025142 0.999684 0.000000 1.6580765988230895e-38
-0.280111 54.342326 86.267772 -0.002958 0.999996 0.000000 1.6580765988230895e-38
-1.478040 54.552107 86.022738 -0.031056 0.999518 0.000000 1.6580765988230895e-38
-3.075701 54.433359 85.919026 -0.059129 0.998250 0.000000 1.6580765988230895e-38
-4.412247 54.800282 86.334311 -0.087156 0.996195 0.000000 1.6580765988230895e-38
55.473126 -0.593184 89.636920 1.000000 0.000000 0.000000 1.6580765988230895e-38
55.291257 1.854174 89.346918 0.999605 0.028099 0.000000 1.6580765988230895e-38
55.122950 3.018062 89.340913 0.998421 0.056176 0.000000 1.6580765988230895e-38
54.905863 4.908284 88.754832 0.996448 0.084208 0.000000 1.6580765988230895e-38
54.684596 6.804964 89.042945 0.993689 0.112174 0.000000 1.6580765988230895e-38
54.579831 7.465449 89.331523 0.990144 0.140052 0.000000 1.6580765988230895e-38
54.191765 9.207142 89.485429 0.985818 0.167819 0.000000 1.6580765988230895e-38
53.921253 11.024695 89.477438 0.980713 0.195453 0.000000 1.6580765988230895e-38
54.122860 12.347041 90.203147 0.974834 0.222933 0.000000 1.6580765988230895e-38
53.755731 13.909392 88.967992 0.968185 0.250237 0.000000 1.6580765988230895e-38
53.001051 15.735969 89.743630 0.960771 0.277343 0.000000 1.6580765988230895e-38
53.022585 17.027682 88.854071 0.952599 0.304230 0.000000 1.6580765988230895e-38
52.232631 17.890496 88.784528 0.943674 0.330877 0.000000 1.6580765988230895e-38
51.624493 19.876247 89.501782 0.934004 0.357263 0.000000 1.6580765988230895e-38
51.127436 21.319560 88.935373 0.923596 0.383367 0.000000 1.6580765988230895e-38
50.332095 22.132036 88.629758 0.912459 0.409167 0.000000 1.6580765988230895e-38
49.931300 23.764486 89.492519 0.900602 0.434645 0.000000 1.6580765988230895e-38
49.347876 25.191934 89.407863 0.888033 0.459780 0.000000 1.6580765988230895e-38
48.084580 26.191231 89.267762 0.874763 0.484551 0.000000 1.6580765988230895e-38
47.371091 27.959113 89.823372 0.860802 0.508940 0.000000 1.6580765988230895e-38
46.246501 29.529961 88.932327 0.846162 0.532926 0.000000 1.6580765988230895e-38
46.131758 30.805360 89.344573 0.830853 0.556492 0.000000 1.6580765988230895e-38
44.694619 31.762629 89.508944 0.814888 0.579619 0.000000 1.6580765988230895e-38
44.592611 33.387607 88.961543 0.798279 0.602287 0.000000 1.6580765988230895e-38
43.211544 35.196713 89.261496 0.781040 0.624481 0.000000 1.6580765988230895e-38
42.562861 35.444109 89.218143 0.763185 0.646180 0.000000 1.6580765988230895e-38
41.291358 36.954977 89.000853 0.744726 0.667370 0.000000 1.6580765988230895e-38
39.811352 38.272745 89.588234 0.725680 0.688033 0.000000 1.6580765988230895e-38
39.424938 39.627929 89.271155 0.706060 0.708152 0.000000 1.6580765988230895e-38
37.764246 40.571670 89.444690 0.685883 0.727712 0.000000 1.6580765988230895e-38
36.419283 40.904185 89.378348 0.665164 0.746697 0.000000 1.6580765988230895e-38
35.488258 42.221703 89.552529 0.643920 0.765093 0.000000 1.6580765988230895e-38
34.568505 43.610600 88.651308 0.622167 0.782884 0.000000 1.6580765988230895e-38
33.189047 44.367926 88.772793 0.599923 0.800057 0.000000 1.6580765988230895e-38
31.662643 44.820382 89.237279 0.577206 0.816599 0.000000 1.6580765988230895e-38
31.068393 46.556719 88.986483 0.554032 0.832495 0.000000 1.6580765988230895e-38
29.434779 46.958708 89.347057 0.530421 0.847734 0.000000 1.6580765988230895e-38
28.070160 47.686366 89.737040 0.506391 0.862304 0.000000 1.6580765988230895e-38
26.932788 48.043786 89.469486 0.481961 0.876193 0.000000 1.6580765988230895e-38
25.500334 49.184719 89.570197 0.457151 0.889389 0.000000 1.6580765988230895e-38
23.899692 49.839998 89.267141 0.431979 0.901884 0.000000 1.6580765988230895e-38
21.829615 50.406056 89.030294 0.406466 0.913666 0.000000 1.6580765988230895e-38
20.653254 51.470873 89.382031 0.380633 0.924726 0.000000 1.6580765988230895e-38
19.557749 51.441412 89.319620 0.354499 0.935057 0.000000 1.6580765988230895e-38
18.406187 51.892190 89.229321 0.328084 0.944648 0.000000 1.6580765988230895e-38
16.896932 52.047730 89.213498 0.301411 0.953494 0.000000 1.6580765988230895e-38
15.022344 53.035071 89.080281 0.274500 0.961587 0.000000 1.6580765988230895e-38
13.695072 54.057084 89.133592 0.247372 0.968921 0.000000 1.6580765988230895e-38
12.233169 54.440961 89.065765 0.220048 0.975489 0.000000 1.6580765988230895e-38
11.172338 54.164156 89.765338 0.192551 0.981287 0.000000 1.6580765988230895e-38
9.326882 54.531940 89.211080 0.164902 0.986310 0.000000 1.6580765988230895e-38
7.381308 54.696802 89.499978 0.137122 0.990554 0.000000 1.6580765988230895e-38
6.025309 54.770157 89.155534 0.109234 0.994016 0.000000 1.6580765988230895e-38
4.782946 55.380445 89.030624 0.081260 0.996693 0.000000 1.6580765988230895e-38
2.737045 55.231012 89.689029 0.053222 0.998583 0.000000 1.6580765988230895e-38
1.731516 54.802429 89.151546 0.025142 0.999684 0.000000 1.6580765988230895e-38
-0.442459 55.114937 89.712092 -0.002958 0.999996 0.000000 1.6580765988230895e-38
-2.140927 54.683149 88.982203 -0.031056 0.999518 0.000000 1.6580765988230895e-38
-3.177468 55.285086 89.362004 -0.059129 0.998250 0.000000 1.6580765988230895e-38
-4.457893 54.456472 89.587270 -0.087156 0.996195 0.000000 1.6580765988230895e-38
55.520202 0.219448 91.910665 1.000000 0.000000 0.000000 1.6580765988230895e-38
55.593358 1.633578 92.654418 0.999605 0.028099 0.000000 1.6580765988230895e-38
55.050434 3.133384 91.982122 0.998421 0.056176 0.000000 1.6580765988230895e-38
55.567948 4.916319 92.693843 0.996448 0.084208 0.000000 1.6580765988230895e-38
55.102317 6.516618 92.715963 0.993689 0.112174 0.000000 1.6580765988230895e-38
54.572736 7.972524 92.595246 0.990144 0.140052 0.000000 1.6580765988230895e-38
54.747491 8.969808 92.590579 0.985818 0.167819 0.000000 1.6580765988230895e-38
54.181358 10.816383 92.295655 0.980713 0.195453 0.000000 1.6580765988230895e-38
54.428903 12.210164 92.102317 0.974834 0.222933 0.000000 1.6580765988230895e-38
53.874133 14.218544 92.993927 0.968185 0.250237 0.000000 1.6580765988230895e-38
52.979909 15.518713 91.981732 0.960771 0.277343 0.000000 1.6580765988230895e-38
53.283295 16.637850 92.105298 0.952599 0.304230 0.000000 1.6580765988230895e-38
52.304532 18.378496 92.404652 0.943674 0.330877 0.000000 1.6580765988230895e-38
52.088641 19.867035 91.908725 0.934004 0.357263 0.000000 1.6580765988230895e-38
51.583062 21.304596 92.656213 0.923596 0.383367 0.000000 1.6580765988230895e-38
50.533037 22.274684 92.297485 0.912459 0.409167 0.000000 1.6580765988230895e-38
50.474703 24.220560 92.247791 0.900602 0.434645 0.000000 1.6580765988230895e-38
49.125818 26.097430 91.998812 0.888033 0.459780 0.000000 1.6580765988230895e-38
48.431308 27.118740 91.750886 0.874763 0.484551 0.000000 1.6580765988230895e-38
48.254888 28.491337 92.577462 0.860802 0.508940 0.000000 1.6580765988230895e-38
47.225725 29.589738 91.988748 0.846162 0.532926 0.000000 1.6580765988230895e-38
46.164884 30.656095 92.453539 0.830853 0.556492 0.000000 1.6580765988230895e-38
45.561067 32.677859 92.419223 0.814888 0.579619 0.000000 1.6580765988230895e-38
44.672743 33.406367 92.164209 0.798279 0.602287 0.000000 1.6580765988230895e-38
43.578750 34.613811 92.388448 0.781040 0.624481 0.000000 1.6580765988230895e-38
42.125266 35.672080 92.498315 0.763185 0.646180 0.000000 1.6580765988230895e-38
41.683088 36.819308 92.508877 0.744726 0.667370 0.000000 1.6580765988230895e-38
40.198010 38.269082 92.732776 0.725680 0.688033 0.000000 1.6580765988230895e-38
39.508955 39.621801 92.880329 0.706060 0.708152 0.000000 1.6580765988230895e-38
37.933414 40.175083 92.091056 0.685883 0.727712 0.000000 1.6580765988230895e-38
36.915973 40.820327 92.245464 0.665164 0.746697 0.000000 1.6580765988230895e-38
35.647484 42.784873 92.413418 0.643920 0.765093 0.000000 1.6580765988230895e-38
34.420898 43.716183 92.524671 0.622167 0.782884 0.000000 1.6580765988230895e-38
33.133471 44.346355 91.640083 0.599923 0.800057 0.000000 1.6580765988230895e-38
31.773416 45.191450 92.329942 0.577206 0.816599 0.000000 1.6580765988230895e-38
30.528227 46.144221 91.940093 0.554032 0.832495 0.000000 1.6580765988230895e-38
29.550073 47.273473 92.428402 0.530421 0.847734 0.000000 1.6580765988230895e-38
28.166048 47.493708 92.121706 0.506391 0.862304 0.000000 1.6580765988230895e-38
26.681508 48.607441 92.330187 0.481961 0.876193 0.000000 1.6580765988230895e-38
25.851556 49.705976 92.011437 0.457151 0.889389 0.000000 1.6580765988230895e-38
24.227530 50.349295 92.065872 0.431979 0.901884 0.000000 1.6580765988230895e-38
22.859812 50.764339 91.884706 0.406466 0.913666 0.000000 1.6580765988230895e-38
21.305005 51.492660 92.239389 0.380633 0.924726 0.000000 1.6580765988230895e-38
19.703784 51.786353 92.490731 0.354499 0.935057 0.000000 1.6580765988230895e-38
18.232990 52.585453 92.414835 0.328084 0.944648 0.000000 1.6580765988230895e-38
16.416247 52.759186 91.644709 0.301411 0.953494 0.000000 1.6580765988230895e-38
15.435404 53.113883 92.347463 0.274500 0.961587 0.000000 1.6580765988230895e-38
13.868581 54.066096 91.946487 0.247372 0.968921 0.000000 1.6580765988230895e-38
12.218175 54.751764 92.821987 0.220048 0.975489 0.000000 1.6580765988230895e-38
11.004695 54.674375 92.006160 0.192551 0.981287 0.000000 1.6580765988230895e-38
9.386403 54.805071 92.475851 0.164902 0.986310 0.000000 1.6580765988230895e-38
7.436039 55.036630 92.356937 0.137122 0.990554 0.000000 1.6580765988230895e-38
6.148829 55.429155 92.133934 0.109234 0.994016 0.000000 1.6580765988230895e-38
4.116217 55.917346 93.054469 0.081260 0.996693 0.000000 1.6580765988230895e-38
3.094115 55.137811 92.075734 0.053222 0.998583 0.000000 1.6580765988230895e-38
1.550974 55.998585 91.943825 0.025142 0.999684 0.000000 1.6580765988230895e-38
-0.201816 55.672367 92.567066 -0.002958 0.999996 0.000000 1.6580765988230895e-38
-1.830221 55.117861 92.494052 -0.031056 0.999518 0.000000 1.6580765988230895e-38
-2.950962 55.491748 92.429264 -0.059129 0.998250 0.000000 1.6580765988230895e-38
-4.989412 55.148471 92.615620 -0.087156 0.996195 0.000000 1.6580765988230895e-38
56.112069 0.147111 95.835250 1.000000 0.000000 0.000000 1.6580765988230895e-38
55.657258 1.407822 95.431995 0.999605 0.028099 0.000000 1.6580765988230895e-38
55.738103 3.380558 95.328396 0.998421 0.056176 0.000000 1.6580765988230895e-38
55.499173 4.735052 95.435717 0.996448 0.084208 0.000000 1.6580765988230895e-38
55.922809 6.399242 95.522959 0.993689 0.112174 0.000000 1.6580765988230895e-38
55.540023 7.785852 95.169750 0.990144 0.140052 0.000000 1.6580765988230895e-38
55.288333 9.297208 95.891562 0.985818 0.167819 0.000000 1.6580765988230895e-38
55.318488 11.134402 95.498155 0.980713 0.195453 0.000000 1.6580765988230895e-38
54.560230 12.104975 95.319764 0.974834 0.222933 0.000000 1.6580765988230895e-38
54.244715 14.081052 95.525476 0.968185 0.250237 0.000000 1.6580765988230895e-38
54.075557 15.322407 95.179693 0.960771 0.277343 0.000000 1.6580765988230895e-38
53.776792 17.266921 95.267384 0.952599 0.304230 0.000000 1.6580765988230895e-38
52.809624 18.496933 95.394088 0.943674 0.330877 0.000000 1.6580765988230895e-38
52.442115 20.765734 95.441542 0.934004 0.357263 0.000000 1.6580765988230895e-38
51.916310 20.960983 95.239145 0.923596 0.383367 0.000000 1.6580765988230895e-38
51.462554 23.032359 94.067881 0.912459 0.409167 0.000000 1.6580765988230895e-38
50.632146 24.913757 94.785843 0.900602 0.434645 0.000000 1.6580765988230895e-38
50.181959 24.914145 95.666015 0.888033 0.459780 0.000000 1.6580765988230895e-38
48.980482 26.427832 95.518457 0.874763 0.484551 0.000000 1.6580765988230895e-38
48.546581 28.607655 95.560064 0.860802 0.508940 0.000000 1.6580765988230895e-38
47.258013 29.283231 95.592175 0.846162 0.532926 0.000000 1.6580765988230895e-38
47.049210 31.500115 94.788253 0.830853 0.556492 0.000000 1.6580765988230895e-38
45.175844 32.202435 94.906723 0.814888 0.579619 0.000000 1.6580765988230895e-38
44.713562 33.843603 94.955539 0.798279 0.602287 0.000000 1.6580765988230895e-38
43.968137 35.148629 95.220168 0.781040 0.624481 0.000000 1.6580765988230895e-38
42.683396 35.598463 95.284937 0.763185 0.646180 0.000000 1.6580765988230895e-38
41.703774 37.420558 95.498278 0.744726 0.667370 0.000000 1.6580765988230895e-38
40.708305 38.447649 95.470474 0.725680 0.688033 0.000000 1.6580765988230895e-38
39.837026 39.624897 95.479894 0.706060 0.708152 0.000000 1.6580765988230895e-38
38.350727 40.554797 95.541479 0.685883 0.727712 0.000000 1.6580765988230895e-38
37.079841 41.927767 95.393092 0.665164 0.746697 0.000000 1.6580765988230895e-38
35.965646 42.743560 95.232179 0.643920 0.765093 0.000000 1.6580765988230895e-38
34.345029 43.953118 95.454079 0.622167 0.782884 0.000000 1.6580765988230895e-38
33.848100 44.640439 95.953230 0.599923 0.800057 0.000000 1.6580765988230895e-38
32.207180 45.463591 95.086510 0.577206 0.816599 0.000000 1.6580765988230895e-38
30.503300 47.076050 95.795936 0.554032 0.832495 0.000000 1.6580765988230895e-38
29.881578 47.200758 95.927996 0.530421 0.847734 0.000000 1.6580765988230895e-38
28.250260 48.204714 95.815793 0.506391 0.862304 0.000000 1.6580765988230895e-38
27.185477 49.723457 95.459232 0.481961 0.876193 0.000000 1.6580765988230895e-38
25.479411 49.618544 94.830517 0.457151 0.889389 0.000000 1.6580765988230895e-38
24.105442 50.845093 95.564266 0.431979 0.901884 0.000000 1.6580765988230895e-38
22.766511 50.862983 95.452677 0.406466 0.913666 0.000000 1.6580765988230895e-38
21.617687 51.910024 95.434636 0.380633 0.924726 0.000000 1.6580765988230895e-38
19.611347 52.619415 94.445044 0.354499 0.935057 0.000000 1.6580765988230895e-38
18.486204 53.667462 94.932103 0.328084 0.944648 0.000000 1.6580765988230895e-38
16.805347 53.389323 95.245841 0.301411 0.953494 0.000000 1.6580765988230895e-38
15.681750 53.986599 95.430305 0.274500 0.961587 0.000000 1.6580765988230895e-38
14.090960 54.260534 96.338575 0.247372 0.968921 0.000000 1.6580765988230895e-38
12.367184 54.681892 94.871475 0.220048 0.975489 0.000000 1.6580765988230895e-38
10.619016 55.292182 94.983978 0.192551 0.981287 0.000000 1.6580765988230895e-38
8.586540 55.238933 95.795839 0.164902 0.986310 0.000000 1.6580765988230895e-38
7.690986 55.366054 94.827069 0.137122 0.990554 0.000000 1.6580765988230895e-38
6.252349 55.859125 94.850096 0.109234 0.994016 0.000000 1.6580765988230895e-38
4.890602 56.040346 95.724310 0.081260 0.996693 0.000000 1.6580765988230895e-38
3.155277 56.112562 95.540832 0.053222 0.998583 0.000000 1.6580765988230895e-38
1.668384 55.432493 94.934298 0.025142 0.999684 0.000000 1.6580765988230895e-38
-0.386448 55.956630 95.501056 -0.002958 0.999996 0.000000 1.6580765988230895e-38
-1.641599 56.303943 95.729164 -0.031056 0.999518 0.000000 1.6580765988230895e-38
-3.572703 55.969420 95.130266 -0.059129 0.998250 0.000000 1.6580765988230895e-38
-4.936831 55.879277 94.362002 -0.087156 0.996195 0.000000 1.6580765988230895e-38
57.062299 0.169923 98.282827 1.000000 0.000000 0.000000 1.6580765988230895e-38
56.894891 1.478842 98.501294 0.999605 0.028099 0.000000 1.6580765988230895e-38
56.103825 3.660489 98.430043 0.998421 0.056176 0.000000 1.6580765988230895e-38
56.183664 5.105348 98.637080 0.996448 0.084208 0.000000 1.6580765988230895e-38
55.967040 6.652905 99.223083 0.993689 0.112174 0.000000 1.6580765988230895e-38
55.878882 7.925400 98.512727 0.990144 0.140052 0.000000 1.6580765988230895e-38
55.933049 9.274965 98.378043 0.985818 0.167819 0.000000 1.6580765988230895e-38
54.791088 10.656450 98.306198 0.980713 0.195453 0.000000 1.6580765988230895e-38
54.904307 13.090526 98.622336 0.974834 0.222933 0.000000 1.6580765988230895e-38
54.272860 13.879679 98.873963 0.968185 0.250237 0.000000 1.6580765988230895e-38
54.466786 15.633656 98.328781 0.960771 0.277343 0.000000 1.6580765988230895e-38
54.005856 16.842012 98.579148 0.952599 0.304230 0.000000 1.6580765988230895e-38
53.847364 18.702879 98.228856 0.943674 0.330877 0.000000 1.6580765988230895e-38
52.743882 19.986812 98.043304 0.934004 0.357263 0.000000 1.6580765988230895e-38
52.244732 21.933812 98.368266 0.923596 0.383367 0.000000 1.6580765988230895e-38
51.293808 22.763582 98.416558 0.912459 0.409167 0.000000 1.6580765988230895e-38
50.570229 24.184127 99.029189 0.900602 0.434645 0.000000 1.6580765988230895e-38
50.170779 26.075203 98.726558 0.888033 0.459780 0.000000 1.6580765988230895e-38
49.514523 27.175142 98.543304 0.874763 0.484551 0.000000 1.6580765988230895e-38
48.415965 28.804647 98.564046 0.860802 0.508940 0.000000 1.6580765988230895e-38
47.557040 29.625708 98.505410 0.846162 0.532926 0.000000 1.6580765988230895e-38
46.748073 30.785064 98.613837 0.830853 0.556492 0.000000 1.6580765988230895e-38
46.199507 33.413602 98.344179 0.814888 0.579619 0.000000 1.6580765988230895e-38
44.812585 33.599400 98.524131 0.798279 0.602287 0.000000 1.6580765988230895e-38
44.063672 34.939172 98.409059 0.781040 0.624481 0.000000 1.6580765988230895e-38
42.403405 36.683024 98.230335 0.763185 0.646180 0.000000 1.6580765988230895e-38
41.946681 37.170903 98.286832 0.744726 0.667370 0.000000 1.6580765988230895e-38
40.800140 38.759632 98.605458 0.725680 0.688033 0.000000 1.6580765988230895e-38
40.210392 40.116330 98.750188 0.706060 0.708152 0.000000 1.6580765988230895e-38
39.075739 41.169419 98.450526 0.685883 0.727712 0.000000 1.6580765988230895e-38
37.777364 42.390022 98.656108 0.665164 0.746697 0.000000 1.6580765988230895e-38
35.841370 42.852072 98.379082 0.643920 0.765093 0.000000 1.6580765988230895e-38
35.286124 44.100457 98.802599 0.622167 0.782884 0.000000 1.6580765988230895e-38
34.193607 45.434131 98.823201 0.599923 0.800057 0.000000 1.6580765988230895e-38
32.208044 46.151094 98.279280 0.577206 0.816599 0.000000 1.6580765988230895e-38
30.718848 46.815653 98.858960 0.554032 0.832495 0.000000 1.6580765988230895e-38
30.021567 48.365790 98.514708 0.530421 0.847734 0.000000 1.6580765988230895e-38
29.263862 48.634539 98.468283 0.506391 0.862304 0.000000 1.6580765988230895e-38
26.769350 49.696921 98.310901 0.481961 0.876193 0.000000 1.6580765988230895e-38
25.561256 50.491608 98.809005 0.457151 0.889389 0.000000 1.6580765988230895e-38
24.676850 50.702498 98.446246 0.431979 0.901884 0.000000 1.6580765988230895e-38
22.881923 51.709702 98.927608 0.406466 0.913666 0.000000 1.6580765988230895e-38
21.554883 52.690553 98.730697 0.380633 0.924726 0.000000 1.6580765988230895e-38
19.901625 52.928697 98.973321 0.354499 0.935057 0.000000 1.6580765988230895e-38
19.083405 53.576546 98.469241 0.328084 0.944648 0.000000 1.6580765988230895e-38
16.916166 53.891666 98.963731 0.301411 0.953494 0.000000 1.6580765988230895e-38
15.595150 54.311148 98.476958 0.274500 0.961587 0.000000 1.6580765988230895e-38
13.838285 54.539309 98.502166 0.247372 0.968921 0.000000 1.6580765988230895e-38
12.912710 54.886088 98.477322 0.220048 0.975489 0.000000 1.6580765988230895e-38
10.588503 55.499643 98.871542 0.192551 0.981287 0.000000 1.6580765988230895e-38
9.777735 55.628655 98.633845 0.164902 0.986310 0.000000 1.6580765988230895e-38
7.679254 55.965161 98.555728 0.137122 0.990554 0.000000 1.6580765988230895e-38
6.171630 56.043120 98.597115 0.109234 0.994016 0.000000 1.6580765988230895e-38
4.489878 56.079858 98.973747 0.081260 0.996693 0.000000 1.6580765988230895e-38
3.811644 55.897766 98.083697 0.053222 0.998583 0.000000 1.6580765988230895e-38
1.129323 56.290130 98.730273 0.025142 0.999684 0.000000 1.6580765988230895e-38
0.010715 56.390288 98.620219 -0.002958 0.999996 0.000000 1.6580765988230895e-38
-1.957285 56.238514 98.455510 -0.031056 0.999518 0.000000 1.6580765988230895e-38
-3.806540 55.891959 98.125069 -0.059129 0.998250 0.000000 1.6580765988230895e-38
-4.681028 56.198146 98.644857 -0.087156 0.996195 0.000000 1.6580765988230895e-38
56.089024 -0.445070 101.737426 1.000000 0.000000 0.000000 1.6580765988230895e-38
55.784954 1.958945 100.991466 0.999605 0.028099 0.000000 1.6580765988230895e-38
56.804481 2.915281 101.853133 0.998421 0.056176 0.000000 1.6580765988230895e-38
57.402189 4.087690 101.747075 0.996448 0.084208 0.000000 1.6580765988230895e-38
55.740984 6.481694 101.476430 0.993689 0.112174 0.000000 1.6580765988230895e-38
56.121612 7.659161 101.772624 0.990144 0.140052 0.000000 1.6580765988230895e-38
55.403124 9.877896 101.415686 0.985818 0.167819 0.000000 1.6580765988230895e-38
55.127684 11.549118 101.518259 0.980713 0.195453 0.000000 1.6580765988230895e-38
55.787774 12.993532 101.299018 0.974834 0.222933 0.000000 1.6580765988230895e-38
54.813373 14.209954 101.996352 0.968185 0.250237 0.000000 1.6580765988230895e-38
54.550206 15.761855 101.478498 0.960771 0.277343 0.000000 1.6580765988230895e-38
53.940889 17.623263 101.539573 0.952599 0.304230 0.000000 1.6580765988230895e-38
53.332052 18.571844 101.372332 0.943674 0.330877 0.000000 1.6580765988230895e-38
52.482207 20.010593 101.987988 0.934004 0.357263 0.000000 1.6580765988230895e-38
52.251363 21.925559 100.794835 0.923596 0.383367 0.000000 1.6580765988230895e-38
51.853030 23.127212 101.394030 0.912459 0.409167 0.000000 1.6580765988230895e-38
51.065204 24.469950 100.901299 0.900602 0.434645 0.000000 1.6580765988230895e-38
50.575686 26.115240 101.444279 0.888033 0.459780 0.000000 1.6580765988230895e-38
49.257530 27.004450 101.605629 0.874763 0.484551 0.000000 1.6580765988230895e-38
49.240664 28.887755 101.123633 0.860802 0.508940 0.000000 1.6580765988230895e-38
47.994909 30.169435 101.797675 0.846162 0.532926 0.000000 1.6580765988230895e-38
47.242287 30.624487 101.702034 0.830853 0.556492 0.000000 1.6580765988230895e-38
45.854952 32.403618 101.481920 0.814888 0.579619 0.000000 1.6580765988230895e-38
45.338566 33.621893 101.749834 0.798279 0.602287 0.000000 1.6580765988230895e-38
44.467849 35.385243 101.278174 0.781040 0.624481 0.000000 1.6580765988230895e-38
42.933669 36.908033 101.085095 0.763185 0.646180 0.000000 1.6580765988230895e-38
42.501323 37.750894 101.509711 0.744726 0.667370 0.000000 1.6580765988230895e-38
40.590742 38.926787 101.722537 0.725680 0.688033 0.000000 1.6580765988230895e-38
39.590973 40.259965 101.565165 0.706060 0.708152 0.000000 1.6580765988230895e-38
38.655914 41.474673 100.877785 0.685883 0.727712 0.000000 1.6580765988230895e-38
37.779510 42.779448 101.970444 0.665164 0.746697 0.000000 1.6580765988230895e-38
36.589161 43.245060 101.347721 0.643920 0.765093 0.000000 1.6580765988230895e-38
35.149251 44.506430 101.296288 0.622167 0.782884 0.000000 1.6580765988230895e-38
34.207437 45.955941 101.519897 0.599923 0.800057 0.000000 1.6580765988230895e-38
32.290137 45.849488 101.771431 0.577206 0.816599 0.000000 1.6580765988230895e-38
31.362959 47.416353 101.378371 0.554032 0.832495 0.000000 1.6580765988230895e-38
30.292715 47.968968 101.318710 0.530421 0.847734 0.000000 1.6580765988230895e-38
28.562149 48.482577 102.135269 0.506391 0.862304 0.000000 1.6580765988230895e-38
27.269802 49.821712 101.377401 0.481961 0.876193 0.000000 1.6580765988230895e-38
25.577849 50.305666 101.868819 0.457151 0.889389 0.000000 1.6580765988230895e-38
24.311470 50.822360 101.585101 0.431979 0.901884 0.000000 1.6580765988230895e-38
23.172337 52.243723 101.644587 0.406466 0.913666 0.000000 1.6580765988230895e-38
21.752586 52.593131 101.192557 0.380633 0.924726 0.000000 1.6580765988230895e-38
19.790122 52.637296 101.138818 0.354499 0.935057 0.000000 1.6580765988230895e-38
18.821635 53.592772 101.562310 0.328084 0.944648 0.000000 1.6580765988230895e-38
16.294383 54.623438 101.270180 0.301411 0.953494 0.000000 1.6580765988230895e-38
16.163461 54.030410 101.294741 0.274500 0.961587 0.000000 1.6580765988230895e-38
13.350503 54.989196 101.208084 0.247372 0.968921 0.000000 1.6580765988230895e-38
12.141833 54.840840 101.771668 0.220048 0.975489 0.000000 1.6580765988230895e-38
11.119705 56.124607 101.332750 0.192551 0.981287 0.000000 1.6580765988230895e-38
9.405831 55.478706 101.437950 0.164902 0.986310 0.000000 1.6580765988230895e-38
7.611076 56.245233 101.843568 0.137122 0.990554 0.000000 1.6580765988230895e-38
6.484459 56.049138 101.838002 0.109234 0.994016 0.000000 1.6580765988230895e-38
4.589438 56.356224 101.325908 0.081260 0.996693 0.000000 1.6580765988230895e-38
2.846572 57.083337 101.630685 0.053222 0.998583 0.000000 1.6580765988230895e-38
1.476445 56.544341 102.272255 0.025142 0.999684 0.000000 1.6580765988230895e-38
0.223949 56.424354 101.456377 -0.002958 0.999996 0.000000 1.6580765988230895e-38
-1.823311 56.657361 101.328094 -0.031056 0.999518 0.000000 1.6580765988230895e-38
-3.217487 56.977444 101.144373 -0.059129 0.998250 0.000000 1.6580765988230895e-38
-5.275025 56.280437 101.407423 -0.087156 0.996195 0.000000 1.6580765988230895e-38
57.499386 0.300513 104.898681 1.000000 0.000000 0.000000 1.6580765988230895e-38
56.798069 1.512938 104.179873 0.999605 0.028099 0.000000 1.6580765988230895e-38
57.044517 3.343718 105.001184 0.998421 0.056176 0.000000 1.6580765988230895e-38
56.634498 4.748913 104.666398 0.996448 0.084208 0.000000 1.6580765988230895e-38
56.808293 5.941644 104.836201 0.993689 0.112174 0.000000 1.6580765988230895e-38
56.332902 7.651338 103.990003 0.990144 0.140052 0.000000 1.6580765988230895e-38
56.051943 9.983171 105.117790 0.985818 0.167819 0.000000 1.6580765988230895e-38
55.909036 11.709846 104.602502 0.980713 0.195453 0.000000 1.6580765988230895e-38
55.753883 12.549479 104.461005 0.974834 0.222933 0.000000 1.6580765988230895e-38
54.886305 13.620277 105.001512 0.968185 0.250237 0.000000 1.6580765988230895e-38
54.475229 15.540347 104.261393 0.960771 0.277343 0.000000 1.6580765988230895e-38
54.141400 17.839706 105.243518 0.952599 0.304230 0.000000 1.6580765988230895e-38
53.196632 18.720534 104.305077 0.943674 0.330877 0.000000 1.6580765988230895e-38
53.441175 20.414189 104.424414 0.934004 0.357263 0.000000 1.6580765988230895e-38
52.574257 21.670274 105.099658 0.923596 0.383367 0.000000 1.6580765988230895e-38
52.082884 23.482509 103.815309 0.912459 0.409167 0.000000 1.6580765988230895e-38
51.224069 25.356201 105.013223 0.900602 0.434645 0.000000 1.6580765988230895e-38
49.974820 26.067356 104.254929 0.888033 0.459780 0.000000 1.6580765988230895e-38
50.287215 27.644153 104.385046 0.874763 0.484551 0.000000 1.6580765988230895e-38
48.989763 28.176373 104.289896 0.860802 0.508940 0.000000 1.6580765988230895e-38
48.157400 30.577129 104.032990 0.846162 0.532926 0.000000 1.6580765988230895e-38
47.161049 31.967229 104.179949 0.830853 0.556492 0.000000 1.6580765988230895e-38
46.435746 33.000007 105.129699 0.814888 0.579619 0.000000 1.6580765988230895e-38
45.352929 34.218581 104.871873 0.798279 0.602287 0.000000 1.6580765988230895e-38
44.043174 35.466579 104.478667 0.781040 0.624481 0.000000 1.6580765988230895e-38
43.383417 37.022088 104.781633 0.763185 0.646180 0.000000 1.6580765988230895e-38
42.150205 38.014263 105.062517 0.744726 0.667370 0.000000 1.6580765988230895e-38
41.041656 39.192501 104.557436 0.725680 0.688033 0.000000 1.6580765988230895e-38
40.155811 39.804536 105.038613 0.706060 0.708152 0.000000 1.6580765988230895e-38
38.794328 41.714516 104.428972 0.685883 0.727712 0.000000 1.6580765988230895e-38
37.660083 42.850893 104.913550 0.665164 0.746697 0.000000 1.6580765988230895e-38
36.701546 43.762011 104.528819 0.643920 0.765093 0.000000 1.6580765988230895e-38
35.398714 44.347509 104.886604 0.622167 0.782884 0.000000 1.6580765988230895e-38
33.927521 45.968695 104.520634 0.599923 0.800057 0.000000 1.6580765988230895e-38
32.849061 46.691968 104.622544 0.577206 0.816599 0.000000 1.6580765988230895e-38
31.434963 47.359851 104.883530 0.554032 0.832495 0.000000 1.6580765988230895e-38
29.982012 48.198087 104.618471 0.530421 0.847734 0.000000 1.6580765988230895e-38
29.072941 49.035012 105.157874 0.506391 0.862304 0.000000 1.6580765988230895e-38
27.376547 49.783921 104.564075 0.481961 0.876193 0.000000 1.6580765988230895e-38
25.616803 50.295098 104.456185 0.457151 0.889389 0.000000 1.6580765988230895e-38
24.920289 51.307103 104.469991 0.431979 0.901884 0.000000 1.6580765988230895e-38
23.495835 52.452793 104.991999 0.406466 0.913666 0.000000 1.6580765988230895e-38
21.402017 52.468209 105.159505 0.380633 0.924726 0.000000 1.6580765988230895e-38
20.243252 53.124287 104.830889 0.354499 0.935057 0.000000 1.6580765988230895e-38
18.970137 53.578916 104.681217 0.328084 0.944648 0.000000 1.6580765988230895e-38
17.428209 53.905593 104.619088 0.301411 0.953494 0.000000 1.6580765988230895e-38
15.284675 54.419088 104.446455 0.274500 0.961587 0.000000 1.6580765988230895e-38
14.218544 55.034830 104.420859 0.247372 0.968921 0.000000 1.6580765988230895e-38
12.536175 55.161085 104.744026 0.220048 0.975489 0.000000 1.6580765988230895e-38
11.295538 55.811316 104.554590 0.192551 0.981287 0.000000 1.6580765988230895e-38
9.494915 55.512346 104.776430 0.164902 0.986310 0.000000 1.6580765988230895e-38
8.732799 56.325575 104.579647 0.137122 0.990554 0.000000 1.6580765988230895e-38
6.438505 57.052958 104.907875 0.109234 0.994016 0.000000 1.6580765988230895e-38
3.977022 56.880692 105.386964 0.081260 0.996693 0.000000 1.6580765988230895e-38
3.215066 56.472821 104.699934 0.053222 0.998583 0.000000 1.6580765988230895e-38
1.046365 57.251700 104.328620 0.025142 0.999684 0.000000 1.6580765988230895e-38
-0.146047 56.642263 104.451450 -0.002958 0.999996 0.000000 1.6580765988230895e-38
-1.321234 56.903437 104.447624 -0.031056 0.999518 0.000000 1.6580765988230895e-38
-3.708010 56.238780 104.240000 -0.059129 0.998250 0.000000 1.6580765988230895e-38
-4.925561 56.977395 104.447279 -0.087156 0.996195 0.000000 1.6580765988230895e-38
57.585186 -0.215250 107.620904 1.000000 0.000000 0.000000 1.6580765988230895e-38
56.767598 1.902079 108.321561 0.999605 0.028099 0.000000 1.6580765988230895e-38
56.495289 3.104585 108.071742 0.998421 0.056176 0.000000 1.6580765988230895e-38
56.477080 4.979488 108.058749 0.996448 0.084208 0.000000 1.6580765988230895e-38
56.777018 6.571813 108.220578 0.993689 0.112174 0.000000 1.6580765988230895e-38
57.135645 7.980335 107.532594 0.990144 0.140052 0.000000 1.6580765988230895e-38
56.028031 9.877890 107.280775 0.985818 0.167819 0.000000 1.6580765988230895e-38
55.936697 11.193913 107.541407 0.980713 0.195453 0.000000 1.6580765988230895e-38
55.760626 13.501950 107.655828 0.974834 0.222933 0.000000 1.6580765988230895e-38
55.166300 14.596630 107.764183 0.968185 0.250237 0.000000 1.6580765988230895e-38
55.305295 15.889585 107.617781 0.960771 0.277343 0.000000 1.6580765988230895e-38
53.871616 16.889897 107.141598 0.952599 0.304230 0.000000 1.6580765988230895e-38
54.010808 18.489060 108.068981 0.943674 0.330877 0.000000 1.6580765988230895e-38
53.353790 20.331472 107.439151 0.934004 0.357263 0.000000 1.6580765988230895e-38
52.936976 21.654258 107.396694 0.923596 0.383367 0.000000 1.6580765988230895e-38
52.470729 23.475582 107.621829 0.912459 0.409167 0.000000 1.6580765988230895e-38
51.629424 24.827009 107.807212 0.900602 0.434645 0.000000 1.6580765988230895e-38
50.474089 26.880978 107.518422 0.888033 0.459780 0.000000 1.6580765988230895e-38
50.428044 27.617989 107.934437 0.874763 0.484551 0.000000 1.6580765988230895e-38
49.384147 29.411642 107.440121 0.860802 0.508940 0.000000 1.6580765988230895e-38
48.650386 30.991499 107.614700 0.846162 0.532926 0.000000 1.6580765988230895e-38
47.463758 31.626478 107.588377 0.830853 0.556492 0.000000 1.6580765988230895e-38
47.054949 32.803086 107.409672 0.814888 0.579619 0.000000 1.6580765988230895e-38
46.076214 34.586422 108.328419 0.798279 0.602287 0.000000 1.6580765988230895e-38
44.473228 35.704478 107.494105 0.781040 0.624481 0.000000 1.6580765988230895e-38
43.631538 36.373735 107.897794 0.763185 0.646180 0.000000 1.6580765988230895e-38
42.631356 38.098922 107.575198 0.744726 0.667370 0.000000 1.6580765988230895e-38
41.178063 39.514626 107.340981 0.725680 0.688033 0.000000 1.6580765988230895e-38
40.479504 41.067739 108.137964 0.706060 0.708152 0.000000 1.6580765988230895e-38
38.721996 41.401533 107.818743 0.685883 0.727712 0.000000 1.6580765988230895e-38
37.969113 42.227060 107.807902 0.665164 0.746697 0.000000 1.6580765988230895e-38
36.773854 44.271829 107.616339 0.643920 0.765093 0.000000 1.6580765988230895e-38
35.884879 44.333546 107.383905 0.622167 0.782884 0.000000 1.6580765988230895e-38
34.480534 46.019622 107.405090 0.599923 0.800057 0.000000 1.6580765988230895e-38
32.973756 46.224773 107.637942 0.577206 0.816599 0.000000 1.6580765988230895e-38
31.894074 47.416672 107.617597 0.554032 0.832495 0.000000 1.6580765988230895e-38
29.955533 48.223016 108.219741 0.530421 0.847734 0.000000 1.6580765988230895e-38
28.943901 48.948960 107.597876 0.506391 0.862304 0.000000 1.6580765988230895e-38
27.047506 49.738639 108.100410 0.481961 0.876193 0.000000 1.6580765988230895e-38
26.066962 51.363822 107.663703 0.457151 0.889389 0.000000 1.6580765988230895e-38
24.661267 51.702472 106.890531 0.431979 0.901884 0.000000 1.6580765988230895e-38
23.276412 52.168430 108.138119 0.406466 0.913666 0.000000 1.6580765988230895e-38
22.028871 52.474732 108.064949 0.380633 0.924726 0.000000 1.6580765988230895e-38
20.168141 53.133507 107.751439 0.354499 0.935057 0.000000 1.6580765988230895e-38
18.677384 54.414213 107.794494 0.328084 0.944648 0.000000 1.6580765988230895e-38
17.276495 54.728090 108.020169 0.301411 0.953494 0.000000 1.6580765988230895e-38
15.912865 55.345952 107.874912 0.274500 0.961587 0.000000 1.6580765988230895e-38
14.178685 55.710710 107.665039 0.247372 0.968921 0.000000 1.6580765988230895e-38
12.577812 56.230574 108.178885 0.220048 0.975489 0.000000 1.6580765988230895e-38
10.994909 55.909181 108.131260 0.192551 0.981287 0.000000 1.6580765988230895e-38
9.658326 56.426807 107.595746 0.164902 0.986310 0.000000 1.6580765988230895e-38
7.931111 56.568019 107.493006 0.137122 0.990554 0.000000 1.6580765988230895e-38
6.277531 56.851881 107.579689 0.109234 0.994016 0.000000 1.6580765988230895e-38
4.912256 57.311792 107.983277 0.081260 0.996693 0.000000 1.6580765988230895e-38
2.956858 57.259822 107.715696 0.053222 0.998583 0.000000 1.6580765988230895e-38
1.065233 57.297788 107.736147 0.025142 0.999684 0.000000 1.6580765988230895e-38
0.609111 57.550955 107.905653 -0.002958 0.999996 0.000000 1.6580765988230895e-38
-1.698979 57.135591 107.391201 -0.031056 0.999518 0.000000 1.6580765988230895e-38
-3.898802 56.752325 107.677993 -0.059129 0.998250 0.000000 1.6580765988230895e-38
-5.609477 56.733391 107.618024 -0.087156 0.996195 0.000000 1.6580765988230895e-38
57.217436 -0.198517 110.666777 1.000000 0.000000 0.000000 1.6580765988230895e-38
57.776614 1.808216 110.601141 0.999605 0.028099 0.000000 1.6580765988230895e-38
57.171104 3.209379 110.538844 0.998421 0.056176 0.000000 1.6580765988230895e-38
56.847868 5.126790 110.643295 0.996448 0.084208 0.000000 1.6580765988230895e-38
56.592121 6.412642 110.804634 0.993689 0.112174 0.000000 1.6580765988230895e-38
56.125690 8.010236 111.029625 0.990144 0.140052 0.000000 1.6580765988230895e-38
56.605051 10.281939 111.144564 0.985818 0.167819 0.000000 1.6580765988230895e-38
56.611949 12.035976 110.996678 0.980713 0.195453 0.000000 1.6580765988230895e-38
55.889412 13.062180 110.601460 0.974834 0.222933 0.000000 1.6580765988230895e-38
55.491921 14.139762 110.888626 0.968185 0.250237 0.000000 1.6580765988230895e-38
54.839370 15.680705 110.893273 0.960771 0.277343 0.000000 1.6580765988230895e-38
54.525495 16.848684 110.332564 0.952599 0.304230 0.000000 1.6580765988230895e-38
53.711401 18.688444 110.893558 0.943674 0.330877 0.000000 1.6580765988230895e-38
53.567348 20.784347 110.995071 0.934004 0.357263 0.000000 1.6580765988230895e-38
53.227071 22.142548 110.832135 0.923596 0.383367 0.000000 1.6580765988230895e-38
52.597359 23.713776 110.882059 0.912459 0.409167 0.000000 1.6580765988230895e-38
51.969653 24.193631 110.682092 0.900602 0.434645 0.000000 1.6580765988230895e-38
50.776632 26.682925 111.240649 0.888033 0.459780 0.000000 1.6580765988230895e-38
49.673181 28.179424 110.417797 0.874763 0.484551 0.000000 1.6580765988230895e-38
48.966165 29.082823 110.673769 0.860802 0.508940 0.000000 1.6580765988230895e-38
48.002360 30.722084 110.973051 0.846162 0.532926 0.000000 1.6580765988230895e-38
47.909175 31.746988 110.757356 0.830853 0.556492 0.000000 1.6580765988230895e-38
46.669328 33.708154 109.918957 0.814888 0.579619 0.000000 1.6580765988230895e-38
45.440003 34.501929 110.443560 0.798279 0.602287 0.000000 1.6580765988230895e-38
44.662110 35.733709 110.571925 0.781040 0.624481 0.000000 1.6580765988230895e-38
43.736134 37.202993 110.698351 0.763185 0.646180 0.000000 1.6580765988230895e-38
42.523499 38.178604 110.767000 0.744726 0.667370 0.000000 1.6580765988230895e-38
41.046337 39.550396 110.633930 0.725680 0.688033 0.000000 1.6580765988230895e-38
40.823042 40.741717 111.120251 0.706060 0.708152 0.000000 1.6580765988230895e-38
38.985489 41.573423 110.396493 0.685883 0.727712 0.000000 1.6580765988230895e-38
37.890414 43.147989 111.215478 0.665164 0.746697 0.000000 1.6580765988230895e-38
36.540624 43.688615 110.746372 0.643920 0.765093 0.000000 1.6580765988230895e-38
35.814709 44.317286 110.288331 0.622167 0.782884 0.000000 1.6580765988230895e-38
34.511734 45.244233 110.635192 0.599923 0.800057 0.000000 1.6580765988230895e-38
33.112154 46.901168 110.726715 0.577206 0.816599 0.000000 1.6580765988230895e-38
31.626370 47.940424 110.854793 0.554032 0.832495 0.000000 1.6580765988230895e-38
30.189499 48.571294 110.884181 0.530421 0.847734 0.000000 1.6580765988230895e-38
29.522588 49.630451 111.133598 0.506391 0.862304 0.000000 1.6580765988230895e-38
27.424541 50.032868 110.698617 0.481961 0.876193 0.000000 1.6580765988230895e-38
26.143455 50.643649 111.149011 0.457151 0.889389 0.000000 1.6580765988230895e-38
25.009656 51.570053 110.961744 0.431979 0.901884 0.000000 1.6580765988230895e-38
23.350103 52.552607 110.365939 0.406466 0.913666 0.000000 1.6580765988230895e-38
21.759730 52.952819 110.956323 0.380633 0.924726 0.000000 1.6580765988230895e-38
20.117874 52.811991 110.444721 0.354499 0.935057 0.000000 1.6580765988230895e-38
18.775032 54.130578 111.274355 0.328084 0.944648 0.000000 1.6580765988230895e-38
17.440270 54.642580 110.759513 0.301411 0.953494 0.000000 1.6580765988230895e-38
16.055166 54.904665 110.727146 0.274500 0.961587 0.000000 1.6580765988230895e-38
13.843181 55.927447 110.886980 0.247372 0.968921 0.000000 1.6580765988230895e-38
12.392558 55.843686 110.922126 0.220048 0.975489 0.000000 1.6580765988230895e-38
10.954503 56.049801 110.572949 0.192551 0.981287 0.000000 1.6580765988230895e-38
9.547600 56.390456 110.633103 0.164902 0.986310 0.000000 1.6580765988230895e-38
7.453826 56.764277 110.714864 0.137122 0.990554 0.000000 1.6580765988230895e-38
6.160680 56.998920 110.993631 0.109234 0.994016 0.000000 1.6580765988230895e-38
4.865233 57.258445 110.697030 0.081260 0.996693 0.000000 1.6580765988230895e-38
2.878577 56.887703 110.591284 0.053222 0.998583 0.000000 1.6580765988230895e-38
1.446076 57.028070 110.798048 0.025142 0.999684 0.000000 1.6580765988230895e-38
-0.459088 56.783515 111.015053 -0.002958 0.999996 0.000000 1.6580765988230895e-38
-1.921273 57.003323 110.441077 -0.031056 0.999518 0.000000 1.6580765988230895e-38
-3.260131 57.594312 110.648309 -0.059129 0.998250 0.000000 1.6580765988230895e-38
-5.057130 57.385578 110.226097 -0.087156 0.996195 0.000000 1.6580765988230895e-38
57.992938 0.733230 113.034253 1.000000 0.000000 0.000000 1.6580765988230895e-38
57.350960 1.397283 113.766722 0.999605 0.028099 0.000000 1.6580765988230895e-38
57.186716 3.468188 113.812383 0.998421 0.056176 0.000000 1.6580765988230895e-38
56.925719 4.782151 114.000589 0.996448 0.084208 0.000000 1.6580765988230895e-38
56.685464 5.945266 114.443977 0.993689 0.112174 0.000000 1.6580765988230895e-38
56.644396 7.998174 113.726815 0.990144 0.140052 0.000000 1.6580765988230895e-38
56.753209 10.165112 114.020134 0.985818 0.167819 0.000000 1.6580765988230895e-38
55.840242 10.804326 113.726464 0.980713 0.195453 0.000000 1.6580765988230895e-38
55.877794 12.280405 114.091956 0.974834 0.222933 0.000000 1.6580765988230895e-38
55.250689 14.812303 114.392344 0.968185 0.250237 0.000000 1.6580765988230895e-38
55.076541 16.051982 113.476570 0.960771 0.277343 0.000000 1.6580765988230895e-38
54.868998 17.314238 113.519983 0.952599 0.304230 0.000000 1.6580765988230895e-38
54.082789 18.853586 113.748606 0.943674 0.330877 0.000000 1.6580765988230895e-38
53.899410 20.272333 114.366661 0.934004 0.357263 0.000000 1.6580765988230895e-38
52.619565 22.490974 113.541201 0.923596 0.383367 0.000000 1.6580765988230895e-38
52.377487 23.340327 113.743035 0.912459 0.409167 0.000000 1.6580765988230895e-38
51.937543 25.399826 114.203311 0.900602 0.434645 0.000000 1.6580765988230895e-38
50.854198 26.447944 113.611530 0.888033 0.459780 0.000000 1.6580765988230895e-38
49.916453 27.470724 113.714882 0.874763 0.484551 0.000000 1.6580765988230895e-38
49.487408 28.641051 113.832248 0.860802 0.508940 0.000000 1.6580765988230895e-38
49.026920 30.928078 113.670599 0.846162 0.532926 0.000000 1.6580765988230895e-38
47.274279 32.082206 113.150925 0.830853 0.556492 0.000000 1.6580765988230895e-38
47.109951 33.207705 114.395544 0.814888 0.579619 0.000000 1.6580765988230895e-38
45.305440 34.848475 113.816001 0.798279 0.602287 0.000000 1.6580765988230895e-38
44.734651 35.436024 114.024878 0.781040 0.624481 0.000000 1.6580765988230895e-38
44.011838 37.628154 114.148569 0.763185 0.646180 0.000000 1.6580765988230895e-38
42.571262 38.007802 113.435606 0.744726 0.667370 0.000000 1.6580765988230895e-38
42.098072 39.261601 114.290223 0.725680 0.688033 0.000000 1.6580765988230895e-38
40.687404 40.748926 113.754093 0.706060 0.708152 0.000000 1.6580765988230895e-38
39.569856 41.768115 113.735390 0.685883 0.727712 0.000000 1.6580765988230895e-38
38.391134 42.819377 113.606653 0.665164 0.746697 0.000000 1.6580765988230895e-38
37.142806 43.899336 113.992827 0.643920 0.765093 0.000000 1.6580765988230895e-38
35.578036 44.577075 114.366676 0.622167 0.782884 0.000000 1.6580765988230895e-38
34.901309 46.190738 113.729811 0.599923 0.800057 0.000000 1.6580765988230895e-38
33.043166 47.289823 113.740005 0.577206 0.816599 0.000000 1.6580765988230895e-38
31.613264 48.349299 113.831851 0.554032 0.832495 0.000000 1.6580765988230895e-38
30.978214 48.242877 114.001609 0.530421 0.847734 0.000000 1.6580765988230895e-38
29.689621 49.507657 113.766952 0.506391 0.862304 0.000000 1.6580765988230895e-38
27.315625 50.620682 113.615115 0.481961 0.876193 0.000000 1.6580765988230895e-38
26.213314 50.683155 114.313222 0.457151 0.889389 0.000000 1.6580765988230895e-38
25.143305 51.761241 113.499909 0.431979 0.901884 0.000000 1.6580765988230895e-38
23.793112 52.337262 113.514592 0.406466 0.913666 0.000000 1.6580765988230895e-38
21.320779 52.888160 113.409762 0.380633 0.924726 0.000000 1.6580765988230895e-38
20.162388 53.898261 113.733534 0.354499 0.935057 0.000000 1.6580765988230895e-38
18.939692 54.008538 113.865705 0.328084 0.944648 0.000000 1.6580765988230895e-38
17.878131 54.628770 113.961483 0.301411 0.953494 0.000000 1.6580765988230895e-38
15.287416 55.653902 113.702992 0.274500 0.961587 0.000000 1.6580765988230895e-38
14.515004 55.581880 114.029628 0.247372 0.968921 0.000000 1.6580765988230895e-38
12.832704 55.860143 114.173726 0.220048 0.975489 0.000000 1.6580765988230895e-38
10.825286 56.562075 113.729092 0.192551 0.981287 0.000000 1.6580765988230895e-38
9.570701 56.478434 113.861147 0.164902 0.986310 0.000000 1.6580765988230895e-38
7.548802 56.934924 113.859410 0.137122 0.990554 0.000000 1.6580765988230895e-38
6.108325 57.042871 113.886355 0.109234 0.994016 0.000000 1.6580765988230895e-38
4.479673 57.174413 113.544488 0.081260 0.996693 0.000000 1.6580765988230895e-38
3.758826 57.639255 113.928082 0.053222 0.998583 0.000000 1.6580765988230895e-38
1.794853 56.790956 113.078850 0.025142 0.999684 0.000000 1.6580765988230895e-38
-0.289595 56.989057 113.775172 -0.002958 0.999996 0.000000 1.6580765988230895e-38
-1.721004 57.651313 113.504675 -0.031056 0.999518 0.000000 1.6580765988230895e-38
-3.274297 57.306758 113.950407 -0.059129 0.998250 0.000000 1.6580765988230895e-38
-5.158922 57.599382 113.815101 -0.087156 0.996195 0.000000 1.6580765988230895e-38
58.007934 -0.237117 117.145925 1.000000 0.000000 0.000000 1.6580765988230895e-38
57.435085 1.516690 117.112772 0.999605 0.028099 0.000000 1.6580765988230895e-38
57.295167 2.430160 116.004216 0.998421 0.056176 0.000000 1.6580765988230895e-38
57.653262 5.209015 117.489279 0.996448 0.084208 0.000000 1.6580765988230895e-38
57.107665 6.059512 116.797202 0.993689 0.112174 0.000000 1.6580765988230895e-38
56.912637 7.747465 117.417649 0.990144 0.140052 0.000000 1.6580765988230895e-38
57.332404 9.788977 116.919818 0.985818 0.167819 0.000000 1.6580765988230895e-38
55.978661 11.697723 116.945969 0.980713 0.195453 0.000000 1.6580765988230895e-38
55.942485 12.957573 116.747363 0.974834 0.222933 0.000000 1.6580765988230895e-38
55.691134 13.949790 117.249203 0.968185 0.250237 0.000000 1.6580765988230895e-38
55.189640 16.288122 116.862736 0.960771 0.277343 0.000000 1.6580765988230895e-38
54.710387 17.122150 117.151004 0.952599 0.304230 0.000000 1.6580765988230895e-38
53.975540 18.871472 116.923391 0.943674 0.330877 0.000000 1.6580765988230895e-38
53.718872 20.022106 116.853835 0.934004 0.357263 0.000000 1.6580765988230895e-38
53.322892 21.920753 116.855657 0.923596 0.383367 0.000000 1.6580765988230895e-38
52.492943 23.479386 116.613922 0.912459 0.409167 0.000000 1.6580765988230895e-38
51.751799 25.279743 116.607724 0.900602 0.434645 0.000000 1.6580765988230895e-38
50.927962 26.011651 117.205492 0.888033 0.459780 0.000000 1.6580765988230895e-38
50.249895 27.594831 116.950757 0.874763 0.484551 0.000000 1.6580765988230895e-38
49.114115 28.941599 116.485037 0.860802 0.508940 0.000000 1.6580765988230895e-38
48.313682 31.037505 116.703141 0.846162 0.532926 0.000000 1.6580765988230895e-38
47.893697 31.733880 117.150937 0.830853 0.556492 0.000000 1.6580765988230895e-38
46.528407 33.325747 116.938932 0.814888 0.579619 0.000000 1.6580765988230895e-38
46.579988 34.806007 116.745206 0.798279 0.602287 0.000000 1.6580765988230895e-38
45.096343 36.533894 116.434186 0.781040 0.624481 0.000000 1.6580765988230895e-38
43.611814 37.068590 116.797950 0.763185 0.646180 0.000000 1.6580765988230895e-38
42.703822 37.966277 117.344264 0.744726 0.667370 0.000000 1.6580765988230895e-38
41.282154 39.485080 117.236826 0.725680 0.688033 0.000000 1.6580765988230895e-38
40.572231 40.407693 116.518474 0.706060 0.708152 0.000000 1.6580765988230895e-38
39.352588 41.598627 116.984646 0.685883 0.727712 0.000000 1.6580765988230895e-38
37.810323 43.160841 116.957742 0.665164 0.746697 0.000000 1.6580765988230895e-38
37.066688 44.406555 116.791738 0.643920 0.765093 0.000000 1.6580765988230895e-38
35.541744 44.832479 116.865319 0.622167 0.782884 0.000000 1.6580765988230895e-38
34.453712 45.734639 116.316151 0.599923 0.800057 0.000000 1.6580765988230895e-38
33.007005 47.042523 116.963954 0.577206 0.816599 0.000000 1.6580765988230895e-38
32.203233 48.434883 117.150877 0.554032 0.832495 0.000000 1.6580765988230895e-38
30.901058 48.954145 117.436047 0.530421 0.847734 0.000000 1.6580765988230895e-38
29.660419 49.846860 117.134991 0.506391 0.862304 0.000000 1.6580765988230895e-38
27.639469 50.347367 116.821726 0.481961 0.876193 0.000000 1.6580765988230895e-38
26.461414 50.902152 116.865745 0.457151 0.889389 0.000000 1.6580765988230895e-38
24.121738 52.353303 116.856935 0.431979 0.901884 0.000000 1.6580765988230895e-38
23.498606 52.950895 117.013165 0.406466 0.913666 0.000000 1.6580765988230895e-38
22.310428 52.776751 117.642290 0.380633 0.924726 0.000000 1.6580765988230895e-38
20.701175 53.805773 117.350601 0.354499 0.935057 0.000000 1.6580765988230895e-38
18.506279 54.207727 117.356352 0.328084 0.944648 0.000000 1.6580765988230895e-38
16.763686 54.970871 117.082730 0.301411 0.953494 0.000000 1.6580765988230895e-38
16.367826 54.792990 117.405966 0.274500 0.961587 0.000000 1.6580765988230895e-38
14.050012 55.555272 116.556476 0.247372 0.968921 0.000000 1.6580765988230895e-38
12.321065 56.187950 116.589377 0.220048 0.975489 0.000000 1.6580765988230895e-38
11.289085 56.201246 116.559167 0.192551 0.981287 0.000000 1.6580765988230895e-38
9.319496 56.789850 116.839871 0.164902 0.986310 0.000000 1.6580765988230895e-38
7.891456 57.141635 117.247803 0.137122 0.990554 0.000000 1.6580765988230895e-38
6.185295 56.818480 116.945905 0.109234 0.994016 0.000000 1.6580765988230895e-38
4.811691 56.847385 116.655894 0.081260 0.996693 0.000000 1.6580765988230895e-38
2.843225 57.331873 116.694767 0.053222 0.998583 0.000000 1.6580765988230895e-38
1.657161 56.975971 116.449161 0.025142 0.999684 0.000000 1.6580765988230895e-38
-0.270190 57.422732 116.486684 -0.002958 0.999996 0.000000 1.6580765988230895e-38
-1.966986 57.327643 116.805088 -0.031056 0.999518 0.000000 1.6580765988230895e-38
-3.352926 57.176643 117.366428 -0.059129 0.998250 0.000000 1.6580765988230895e-38
-4.862874 57.014833 116.951430 -0.087156 0.996195 0.000000 1.6580765988230895e-38
57.537205 0.364416 119.819885 1.000000 0.000000 0.000000 1.6580765988230895e-38
57.707497 1.628252 120.447470 0.999605 0.028099 0.000000 1.6580765988230895e-38
57.796468 3.289210 119.921315 0.998421 0.056176 0.000000 1.6580765988230895e-38
57.447751 4.787850 120.504092 0.996448 0.084208 0.000000 1.6580765988230895e-38
57.160631 6.328338 119.862115 0.993689 0.112174 0.000000 1.6580765988230895e-38
56.569379 8.219950 119.753997 0.990144 0.140052 0.000000 1.6580765988230895e-38
57.013972 9.261694 120.038172 0.985818 0.167819 0.000000 1.6580765988230895e-38
56.736069 10.592872 120.605480 0.980713 0.195453 0.000000 1.6580765988230895e-38
55.925357 12.860971 120.171435 0.974834 0.222933 0.000000 1.6580765988230895e-38
55.888457 14.470781 120.299215 0.968185 0.250237 0.000000 1.6580765988230895e-38
55.400051 16.475491 120.156698 0.960771 0.277343 0.000000 1.6580765988230895e-38
55.363805 17.763567 119.458275 0.952599 0.304230 0.000000 1.6580765988230895e-38
55.044573 18.853143 120.448663 0.943674 0.330877 0.000000 1.6580765988230895e-38
53.713258 20.860951 119.793456 0.934004 0.357263 0.000000 1.6580765988230895e-38
53.294509 21.967621 120.473701 0.923596 0.383367 0.000000 1.6580765988230895e-38
52.598012 23.807908 119.350777 0.912459 0.409167 0.000000 1.6580765988230895e-38
51.758933 25.115258 120.067084 0.900602 0.434645 0.000000 1.6580765988230895e-38
51.350251 26.327551 120.014636 0.888033 0.459780 0.000000 1.6580765988230895e-38
50.653245 27.178068 120.176805 0.874763 0.484551 0.000000 1.6580765988230895e-38
49.395964 28.990329 120.100963 0.860802 0.508940 0.000000 1.6580765988230895e-38
49.022530 30.955008 119.959466 0.846162 0.532926 0.000000 1.6580765988230895e-38
48.036758 32.258725 119.973789 0.830853 0.556492 0.000000 1.6580765988230895e-38
46.648125 33.137505 120.251356 0.814888 0.579619 0.000000 1.6580765988230895e-38
45.888417 34.317672 119.494541 0.798279 0.602287 0.000000 1.6580765988230895e-38
45.159372 35.743595 120.099116 0.781040 0.624481 0.000000 1.6580765988230895e-38
44.255031 36.762697 119.986459 0.763185 0.646180 0.000000 1.6580765988230895e-38
42.770552 38.487701 120.371748 0.744726 0.667370 0.000000 1.6580765988230895e-38
41.327750 39.732816 120.309457 0.725680 0.688033 0.000000 1.6580765988230895e-38
40.542544 40.677499 120.125535 0.706060 0.708152 0.000000 1.6580765988230895e-38
39.541714 42.018140 120.168384 0.685883 0.727712 0.000000 1.6580765988230895e-38
37.952344 43.232170 120.350035 0.665164 0.746697 0.000000 1.6580765988230895e-38
37.081222 43.544593 119.965576 0.643920 0.765093 0.000000 1.6580765988230895e-38
35.832942 44.672468 119.891959 0.622167 0.782884 0.000000 1.6580765988230895e-38
34.072781 46.185494 120.049787 0.599923 0.800057 0.000000 1.6580765988230895e-38
32.695586 47.059875 119.983047 0.577206 0.816599 0.000000 1.6580765988230895e-38
32.011765 47.751024 119.759556 0.554032 0.832495 0.000000 1.6580765988230895e-38
30.267949 48.583279 120.005648 0.530421 0.847734 0.000000 1.6580765988230895e-38
29.161866 49.525265 119.873004 0.506391 0.862304 0.000000 1.6580765988230895e-38
27.607339 51.133395 119.768782 0.481961 0.876193 0.000000 1.6580765988230895e-38
26.118765 52.128043 120.126304 0.457151 0.889389 0.000000 1.6580765988230895e-38
24.424800 52.111116 119.726988 0.431979 0.901884 0.000000 1.6580765988230895e-38
23.644535 52.472491 119.868061 0.406466 0.913666 0.000000 1.6580765988230895e-38
22.369132 53.341682 120.291897 0.380633 0.924726 0.000000 1.6580765988230895e-38
20.514140 53.632420 120.183406 0.354499 0.935057 0.000000 1.6580765988230895e-38
19.227613 54.357707 120.540493 0.328084 0.944648 0.000000 1.6580765988230895e-38
17.586281 54.889517 120.075446 0.301411 0.953494 0.000000 1.6580765988230895e-38
15.824905 54.915891 119.972978 0.274500 0.961587 0.000000 1.6580765988230895e-38
14.290225 55.588113 120.101303 0.247372 0.968921 0.000000 1.6580765988230895e-38
12.659164 56.322725 120.198934 0.220048 0.975489 0.000000 1.6580765988230895e-38
11.121828 56.013837 120.537217 0.192551 0.981287 0.000000 1.6580765988230895e-38
9.439282 56.688559 119.897244 0.164902 0.986310 0.000000 1.6580765988230895e-38
7.738005 57.420080 120.415813 0.137122 0.990554 0.000000 1.6580765988230895e-38
6.414298 57.123671 120.185735 0.109234 0.994016 0.000000 1.6580765988230895e-38
4.694612 57.252775 120.101432 0.081260 0.996693 0.000000 1.6580765988230895e-38
2.927928 57.494184 120.061266 0.053222 0.998583 0.000000 1.6580765988230895e-38
1.626541 57.296083 120.213041 0.025142 0.999684 0.000000 1.6580765988230895e-38
-0.441989 57.327978 119.841322 -0.002958 0.999996 0.000000 1.6580765988230895e-38
-2.107333 57.776963 119.709284 -0.031056 0.999518 0.000000 1.6580765988230895e-38
-3.609604 57.776017 119.828825 -0.059129 0.998250 0.000000 1.6580765988230895e-38
-5.067898 56.977586 120.249885 -0.087156 0.996195 0.000000 1.6580765988230895e-38
