# .PCD v0.7 - Point Cloud Data file format
VERSION 0.7
FIELDS x y z normal_x normal_y normal_z rgb
SIZE 4 4 4 4 4 4 4
TYPE F F F F F F F
COUNT 1 1 1 1 1 1 1
WIDTH 2400
HEIGHT 1
VIEWPOINT 0 0 0 1 0 0 0
POINTS 2400
DATA ascii
-3.450098 42.559958 0.161259 -0.087156 0.996195 0.000000 1.5658809689597668e-38
-4.807797 42.067352 -0.244491 -0.113644 0.993522 0.000000 1.5658809689597668e-38
-5.565233 42.310568 -0.207991 -0.140052 0.990144 0.000000 1.5658809689597668e-38
-7.058367 41.817729 -0.338463 -0.166360 0.986065 0.000000 1.5658809689597668e-38
-8.130122 41.580048 -0.285761 -0.192551 0.981287 0.000000 1.5658809689597668e-38
-9.734458 41.002929 -0.111428 -0.218605 0.975813 0.000000 1.5658809689597668e-38
-10.416962 40.947458 0.195222 -0.244504 0.969648 0.000000 1.5658809689597668e-38
-11.504448 41.091884 -0.054873 -0.270230 0.962796 0.000000 1.5658809689597668e-38
-12.806129 40.632822 -0.378802 -0.295765 0.955261 0.000000 1.5658809689597668e-38
-13.484463 39.968435 0.275470 -0.321089 0.947049 0.000000 1.5658809689597668e-38
-14.814460 40.190804 -0.336787 -0.346186 0.938166 0.000000 1.5658809689597668e-38
-15.972455 39.580528 0.351149 -0.371038 0.928618 0.000000 1.5658809689597668e-38
-16.314165 39.044889 0.551324 -0.395627 0.918411 0.000000 1.5658809689597668e-38
-17.934153 38.900675 -0.282654 -0.419935 0.907554 0.000000 1.5658809689597668e-38
-18.741650 37.379765 -0.336477 -0.443946 0.896053 0.000000 1.5658809689597668e-38
-19.734791 37.172777 0.128085 -0.467642 0.883918 0.000000 1.5658809689597668e-38
-20.595853 36.873722 -0.290686 -0.491007 0.871156 0.000000 1.5658809689597668e-38
-21.988253 36.165742 -0.030364 -0.514023 0.857776 0.000000 1.5658809689597668e-38
-22.778092 35.769211 0.502308 -0.536676 0.843789 0.000000 1.5658809689597668e-38
-23.971096 35.658556 -0.312372 -0.558948 0.829203 0.000000 1.5658809689597668e-38
-24.663160 34.951190 0.339407 -0.580823 0.814030 0.000000 1.5658809689597668e-38
-25.723293 34.093392 0.126354 -0.602287 0.798279 0.000000 1.5658809689597668e-38
-26.653277 33.418221 0.558748 -0.623325 0.781963 0.000000 1.5658809689597668e-38
-27.225088 32.686354 0.201646 -0.643920 0.765093 0.000000 1.5658809689597668e-38
-28.660797 31.914478 -0.305028 -0.664059 0.747680 0.000000 1.5658809689597668e-38
-29.235373 31.662434 -0.075978 -0.683727 0.729738 0.000000 1.5658809689597668e-38
-30.095767 30.575085 -0.284303 -0.702911 0.711278 0.000000 1.5658809689597668e-38
-30.802073 29.798059 0.012830 -0.721596 0.692314 0.000000 1.5658809689597668e-38
-31.908723 28.759719 -0.118940 -0.739770 0.672859 0.000000 1.5658809689597668e-38
-31.728401 27.567576 0.315368 -0.757420 0.652928 0.000000 1.5658809689597668e-38
-32.384943 26.627391 -0.057964 -0.774533 0.632534 0.000000 1.5658809689597668e-38
-33.505030 25.739658 0.081088 -0.791097 0.611691 0.000000 1.5658809689597668e-38
-34.369229 25.019104 0.014682 -0.807100 0.590415 0.000000 1.5658809689597668e-38
-34.936196 24.219765 -0.179648 -0.822531 0.568720 0.000000 1.5658809689597668e-38
-35.755172 23.195870 -0.013427 -0.837379 0.546622 0.000000 1.5658809689597668e-38
-36.326096 22.373007 -0.544429 -0.851634 0.524137 0.000000 1.5658809689597668e-38
-36.993749 21.220438 -0.256835 -0.865285 0.501280 0.000000 1.5658809689597668e-38
-36.839951 20.323566 0.053031 -0.878323 0.478068 0.000000 1.5658809689597668e-38
-38.001324 19.312263 -0.364576 -0.890738 0.454518 0.000000 1.5658809689597668e-38
-38.408113 18.021293 -0.083221 -0.902522 0.430645 0.000000 1.5658809689597668e-38
-39.598769 16.936420 0.439178 -0.913666 0.406466 0.000000 1.5658809689597668e-38
-39.027778 16.630715 0.416316 -0.924162 0.382000 0.000000 1.5658809689597668e-38
-39.493266 15.047818 -0.311175 -0.934004 0.357263 0.000000 1.5658809689597668e-38
-39.741269 14.140962 0.748207 -0.943183 0.332273 0.000000 1.5658809689597668e-38
-40.556540 13.641364 -0.047038 -0.951694 0.307047 0.000000 1.5658809689597668e-38
-40.379246 12.477158 -0.306885 -0.959531 0.281604 0.000000 1.5658809689597668e-38
-41.229707 10.568429 -0.368983 -0.966687 0.255961 0.000000 1.5658809689597668e-38
-41.159114 9.721796 0.015710 -0.973158 0.230136 0.000000 1.5658809689597668e-38
-41.438075 8.119098 0.386030 -0.978940 0.204149 0.000000 1.5658809689597668e-38
-41.925898 7.725414 0.186214 -0.984028 0.178016 0.000000 1.5658809689597668e-38
-41.596513 6.418254 -0.637091 -0.988418 0.151758 0.000000 1.5658809689597668e-38
-42.147421 5.389369 -0.310278 -0.992107 0.125392 0.000000 1.5658809689597668e-38
-42.247235 4.096520 -0.402826 -0.995094 0.098937 0.000000 1.5658809689597668e-38
-42.186983 2.908397 -0.121914 -0.997375 0.072412 0.000000 1.5658809689597668e-38
-42.594106 2.318665 -0.012275 -0.998949 0.045836 0.000000 1.5658809689597668e-38
-42.468414 0.684957 0.138860 -0.999815 0.019227 0.000000 1.5658809689597668e-38
-42.094042 -0.119946 0.206060 -0.999973 -0.007395 0.000000 1.5658809689597668e-38
-42.293541 -1.859607 -0.262836 -0.999421 -0.034013 0.000000 1.5658809689597668e-38
-42.483372 -2.793499 -0.319361 -0.998162 -0.060606 0.000000 1.5658809689597668e-38
-42.899927 -4.108078 -0.076958 -0.996195 -0.087156 0.000000 1.5658809689597668e-38
-3.727067 42.124586 3.100601 -0.087156 0.996195 0.000000 1.5658809689597668e-38
-4.962787 42.576000 3.028435 -0.113644 0.993522 0.000000 1.5658809689597668e-38
-5.746711 42.166172 2.656302 -0.140052 0.990144 0.000000 1.5658809689597668e-38
-7.101560 41.561057 3.044487 -0.166360 0.986065 0.000000 1.5658809689597668e-38
-8.411639 41.843150 2.674217 -0.192551 0.981287 0.000000 1.5658809689597668e-38
-9.291624 41.667526 3.349202 -0.218605 0.975813 0.000000 1.5658809689597668e-38
-10.626630 41.238956 3.132167 -0.244504 0.969648 0.000000 1.5658809689597668e-38
-11.027218 40.497835 2.803592 -0.270230 0.962796 0.000000 1.5658809689597668e-38
-11.735848 40.539890 2.509625 -0.295765 0.955261 0.000000 1.5658809689597668e-38
-13.828869 39.441950 3.149199 -0.321089 0.947049 0.000000 1.5658809689597668e-38
-14.478408 39.621361 2.935706 -0.346186 0.938166 0.000000 1.5658809689597668e-38
-15.501052 38.963767 2.680452 -0.371038 0.928618 0.000000 1.5658809689597668e-38
-16.892204 38.829115 2.988763 -0.395627 0.918411 0.000000 1.5658809689597668e-38
-18.236592 38.657411 3.032153 -0.419935 0.907554 0.000000 1.5658809689597668e-38
-18.713750 38.164185 3.138930 -0.443946 0.896053 0.000000 1.5658809689597668e-38
-20.320059 37.735783 2.977663 -0.467642 0.883918 0.000000 1.5658809689597668e-38
-20.929712 37.359784 2.861092 -0.491007 0.871156 0.000000 1.5658809689597668e-38
-21.453143 36.909689 3.302758 -0.514023 0.857776 0.000000 1.5658809689597668e-38
-23.115957 35.225647 3.400574 -0.536676 0.843789 0.000000 1.5658809689597668e-38
-23.735453 35.037733 3.428992 -0.558948 0.829203 0.000000 1.5658809689597668e-38
-24.957586 34.488810 3.234390 -0.580823 0.814030 0.000000 1.5658809689597668e-38
-25.945944 33.913441 3.403664 -0.602287 0.798279 0.000000 1.5658809689597668e-38
-26.443121 33.626682 3.417004 -0.623325 0.781963 0.000000 1.5658809689597668e-38
-27.379937 31.834031 2.745191 -0.643920 0.765093 0.000000 1.5658809689597668e-38
-28.009654 31.329518 2.978915 -0.664059 0.747680 0.000000 1.5658809689597668e-38
-28.973492 31.472470 2.904417 -0.683727 0.729738 0.000000 1.5658809689597668e-38
-30.083856 30.230875 3.182197 -0.702911 0.711278 0.000000 1.5658809689597668e-38
-30.731671 29.754961 2.837180 -0.721596 0.692314 0.000000 1.5658809689597668e-38
-31.422187 28.746450 2.956853 -0.739770 0.672859 0.000000 1.5658809689597668e-38
-31.956864 27.809999 3.313577 -0.757420 0.652928 0.000000 1.5658809689597668e-38
-32.878258 27.010979 2.887206 -0.774533 0.632534 0.000000 1.5658809689597668e-38
-33.830089 26.379057 3.267576 -0.791097 0.611691 0.000000 1.5658809689597668e-38
-34.628271 25.161242 2.364790 -0.807100 0.590415 0.000000 1.5658809689597668e-38
-35.149761 24.472740 3.039379 -0.822531 0.568720 0.000000 1.5658809689597668e-38
-35.573612 22.339826 2.959247 -0.837379 0.546622 0.000000 1.5658809689597668e-38
-36.113672 22.428160 3.365630 -0.851634 0.524137 0.000000 1.5658809689597668e-38
-36.858730 21.266911 2.677288 -0.865285 0.501280 0.000000 1.5658809689597668e-38
-37.411428 19.951061 2.522562 -0.878323 0.478068 0.000000 1.5658809689597668e-38
-38.203572 19.780656 2.995755 -0.890738 0.454518 0.000000 1.5658809689597668e-38
-38.313154 18.158820 2.539758 -0.902522 0.430645 0.000000 1.5658809689597668e-38
-38.572180 16.633047 2.910485 -0.913666 0.406466 0.000000 1.5658809689597668e-38
-39.315758 16.313440 2.858982 -0.924162 0.382000 0.000000 1.5658809689597668e-38
-40.269266 14.952039 2.852296 -0.934004 0.357263 0.000000 1.5658809689597668e-38
-40.340159 14.420690 2.712842 -0.943183 0.332273 0.000000 1.5658809689597668e-38
-40.379862 13.104452 3.365060 -0.951694 0.307047 0.000000 1.5658809689597668e-38
-40.843337 12.212338 3.025257 -0.959531 0.281604 0.000000 1.5658809689597668e-38
-40.977400 10.433665 2.285440 -0.966687 0.255961 0.000000 1.5658809689597668e-38
-41.269638 9.915736 3.219574 -0.973158 0.230136 0.000000 1.5658809689597668e-38
-41.786234 9.128195 2.938960 -0.978940 0.204149 0.000000 1.5658809689597668e-38
-41.718838 7.748414 3.592545 -0.984028 0.178016 0.000000 1.5658809689597668e-38
-42.126899 6.257444 2.627479 -0.988418 0.151758 0.000000 1.5658809689597668e-38
-41.722978 5.458630 3.212841 -0.992107 0.125392 0.000000 1.5658809689597668e-38
-41.380671 4.304745 2.686227 -0.995094 0.098937 0.000000 1.5658809689597668e-38
-42.471456 2.786841 2.958163 -0.997375 0.072412 0.000000 1.5658809689597668e-38
-42.600403 1.773029 2.658938 -0.998949 0.045836 0.000000 1.5658809689597668e-38
-42.038709 0.907270 3.009281 -0.999815 0.019227 0.000000 1.5658809689597668e-38
-42.295866 -0.173164 3.159630 -0.999973 -0.007395 0.000000 1.5658809689597668e-38
-42.294216 -1.406181 3.277990 -0.999421 -0.034013 0.000000 1.5658809689597668e-38
-42.220218 -2.528398 3.010805 -0.998162 -0.060606 0.000000 1.5658809689597668e-38
-41.903383 -3.849609 3.194317 -0.996195 -0.087156 0.000000 1.5658809689597668e-38
-3.588411 42.252161 5.911499 -0.087156 0.996195 0.000000 1.5658809689597668e-38
-4.947066 42.173494 5.716407 -0.113644 0.993522 0.000000 1.5658809689597668e-38
-6.161255 42.257160 6.533629 -0.140052 0.990144 0.000000 1.5658809689597668e-38
-6.920156 41.223673 6.346237 -0.166360 0.986065 0.000000 1.5658809689597668e-38
-8.369564 41.935926 6.149606 -0.192551 0.981287 0.000000 1.5658809689597668e-38
-9.369756 41.536173 6.147119 -0.218605 0.975813 0.000000 1.5658809689597668e-38
-10.011859 41.298326 6.479507 -0.244504 0.969648 0.000000 1.5658809689597668e-38
-11.229058 41.212442 5.617861 -0.270230 0.962796 0.000000 1.5658809689597668e-38
-12.263730 40.553994 6.368564 -0.295765 0.955261 0.000000 1.5658809689597668e-38
-13.969240 39.986037 6.746763 -0.321089 0.947049 0.000000 1.5658809689597668e-38
-15.033641 40.306993 6.189372 -0.346186 0.938166 0.000000 1.5658809689597668e-38
-15.931197 39.542989 5.763518 -0.371038 0.928618 0.000000 1.5658809689597668e-38
-16.856699 38.796856 6.035213 -0.395627 0.918411 0.000000 1.5658809689597668e-38
-17.610450 38.735447 5.709195 -0.419935 0.907554 0.000000 1.5658809689597668e-38
-18.655382 38.167170 5.991191 -0.443946 0.896053 0.000000 1.5658809689597668e-38
-19.696210 37.602195 5.804148 -0.467642 0.883918 0.000000 1.5658809689597668e-38
-20.361136 37.103541 6.129431 -0.491007 0.871156 0.000000 1.5658809689597668e-38
-22.017452 36.892785 5.996383 -0.514023 0.857776 0.000000 1.5658809689597668e-38
-23.324336 35.739362 6.551879 -0.536676 0.843789 0.000000 1.5658809689597668e-38
-23.559921 35.245156 6.565823 -0.558948 0.829203 0.000000 1.5658809689597668e-38
-24.517022 34.595343 6.104073 -0.580823 0.814030 0.000000 1.5658809689597668e-38
-25.556916 33.754836 6.155198 -0.602287 0.798279 0.000000 1.5658809689597668e-38
-26.459280 32.803293 6.097050 -0.623325 0.781963 0.000000 1.5658809689597668e-38
-27.520054 32.899175 5.600497 -0.643920 0.765093 0.000000 1.5658809689597668e-38
-28.401452 31.704501 6.441867 -0.664059 0.747680 0.000000 1.5658809689597668e-38
-29.137877 31.623554 6.352510 -0.683727 0.729738 0.000000 1.5658809689597668e-38
-30.065050 30.370289 6.047626 -0.702911 0.711278 0.000000 1.5658809689597668e-38
-30.480112 29.090924 5.906737 -0.721596 0.692314 0.000000 1.5658809689597668e-38
-31.375386 29.029599 5.493256 -0.739770 0.672859 0.000000 1.5658809689597668e-38
-31.851578 27.770806 5.588684 -0.757420 0.652928 0.000000 1.5658809689597668e-38
-33.893396 26.485292 6.147935 -0.774533 0.632534 0.000000 1.5658809689597668e-38
-33.718221 26.246231 5.989000 -0.791097 0.611691 0.000000 1.5658809689597668e-38
-34.712553 25.026041 6.163929 -0.807100 0.590415 0.000000 1.5658809689597668e-38
-34.968230 23.989087 6.424280 -0.822531 0.568720 0.000000 1.5658809689597668e-38
-35.856368 23.023621 5.991129 -0.837379 0.546622 0.000000 1.5658809689597668e-38
-35.954703 22.286892 5.945492 -0.851634 0.524137 0.000000 1.5658809689597668e-38
-36.580815 21.995927 6.216751 -0.865285 0.501280 0.000000 1.5658809689597668e-38
-37.043863 20.675162 5.972154 -0.878323 0.478068 0.000000 1.5658809689597668e-38
-37.934876 18.976378 6.092363 -0.890738 0.454518 0.000000 1.5658809689597668e-38
-38.632681 18.223355 5.928878 -0.902522 0.430645 0.000000 1.5658809689597668e-38
-39.005661 17.473968 6.117999 -0.913666 0.406466 0.000000 1.5658809689597668e-38
-39.925967 16.048268 5.698026 -0.924162 0.382000 0.000000 1.5658809689597668e-38
-39.712658 15.369372 6.230811 -0.934004 0.357263 0.000000 1.5658809689597668e-38
-40.413118 14.227919 6.012812 -0.943183 0.332273 0.000000 1.5658809689597668e-38
-40.880910 13.301896 6.399254 -0.951694 0.307047 0.000000 1.5658809689597668e-38
-40.588585 11.812996 6.507655 -0.959531 0.281604 0.000000 1.5658809689597668e-38
-41.326170 11.099233 6.000572 -0.966687 0.255961 0.000000 1.5658809689597668e-38
-41.520945 9.076782 6.063272 -0.973158 0.230136 0.000000 1.5658809689597668e-38
-41.672697 8.573126 6.680703 -0.978940 0.204149 0.000000 1.5658809689597668e-38
-42.265482 7.413909 5.882384 -0.984028 0.178016 0.000000 1.5658809689597668e-38
-42.272883 6.773874 6.597256 -0.988418 0.151758 0.000000 1.5658809689597668e-38
-42.471154 5.124433 5.806708 -0.992107 0.125392 0.000000 1.5658809689597668e-38
-41.996243 4.550736 6.122052 -0.995094 0.098937 0.000000 1.5658809689597668e-38
-42.904127 2.692549 6.205035 -0.997375 0.072412 0.000000 1.5658809689597668e-38
-42.387552 1.332630 6.057453 -0.998949 0.045836 0.000000 1.5658809689597668e-38
-42.103760 0.753763 6.600738 -0.999815 0.019227 0.000000 1.5658809689597668e-38
-42.401244 -0.640306 6.066045 -0.999973 -0.007395 0.000000 1.5658809689597668e-38
-42.611085 -1.734591 5.862886 -0.999421 -0.034013 0.000000 1.5658809689597668e-38
-42.066790 -2.874834 6.477377 -0.998162 -0.060606 0.000000 1.5658809689597668e-38
-42.565973 -3.720276 6.322399 -0.996195 -0.087156 0.000000 1.5658809689597668e-38
-3.902681 42.725753 8.616840 -0.087156 0.996195 0.000000 1.5658809689597668e-38
-4.722728 41.700630 9.162715 -0.113644 0.993522 0.000000 1.5658809689597668e-38
-5.726454 42.483604 8.841246 -0.140052 0.990144 0.000000 1.5658809689597668e-38
-7.457472 41.916061 9.286634 -0.166360 0.986065 0.000000 1.5658809689597668e-38
-8.834961 41.914587 9.324198 -0.192551 0.981287 0.000000 1.5658809689597668e-38
-9.423271 41.842331 9.297886 -0.218605 0.975813 0.000000 1.5658809689597668e-38
-10.607216 40.840513 9.270793 -0.244504 0.969648 0.000000 1.5658809689597668e-38
-11.829599 40.955144 9.374506 -0.270230 0.962796 0.000000 1.5658809689597668e-38
-12.209252 40.795355 9.396989 -0.295765 0.955261 0.000000 1.5658809689597668e-38
-14.149616 40.529633 9.212797 -0.321089 0.947049 0.000000 1.5658809689597668e-38
-14.419602 39.914367 9.158278 -0.346186 0.938166 0.000000 1.5658809689597668e-38
-15.532343 39.641017 8.898117 -0.371038 0.928618 0.000000 1.5658809689597668e-38
-16.134879 38.909057 9.211359 -0.395627 0.918411 0.000000 1.5658809689597668e-38
-17.834767 38.849119 9.173846 -0.419935 0.907554 0.000000 1.5658809689597668e-38
-19.019891 38.207076 8.895989 -0.443946 0.896053 0.000000 1.5658809689597668e-38
-19.331644 37.693149 9.409849 -0.467642 0.883918 0.000000 1.5658809689597668e-38
-21.075195 37.107545 9.094136 -0.491007 0.871156 0.000000 1.5658809689597668e-38
-22.422975 36.594240 9.108667 -0.514023 0.857776 0.000000 1.5658809689597668e-38
-22.574223 35.685897 9.057625 -0.536676 0.843789 0.000000 1.5658809689597668e-38
-24.146622 35.854598 8.969947 -0.558948 0.829203 0.000000 1.5658809689597668e-38
-24.642886 35.064714 9.186932 -0.580823 0.814030 0.000000 1.5658809689597668e-38
-26.141519 33.691599 9.488698 -0.602287 0.798279 0.000000 1.5658809689597668e-38
-27.005318 33.521463 9.265074 -0.623325 0.781963 0.000000 1.5658809689597668e-38
-27.393792 32.824664 8.950668 -0.643920 0.765093 0.000000 1.5658809689597668e-38
-28.659886 32.153835 9.041966 -0.664059 0.747680 0.000000 1.5658809689597668e-38
-30.032461 31.367514 8.919891 -0.683727 0.729738 0.000000 1.5658809689597668e-38
-29.886763 30.802170 9.235798 -0.702911 0.711278 0.000000 1.5658809689597668e-38
-30.526380 29.620363 9.706998 -0.721596 0.692314 0.000000 1.5658809689597668e-38
-31.920099 28.740698 9.432718 -0.739770 0.672859 0.000000 1.5658809689597668e-38
-32.412549 28.237394 9.101157 -0.757420 0.652928 0.000000 1.5658809689597668e-38
-32.465640 27.657185 9.315391 -0.774533 0.632534 0.000000 1.5658809689597668e-38
-33.628246 26.487673 8.874610 -0.791097 0.611691 0.000000 1.5658809689597668e-38
-34.871249 25.598222 9.312966 -0.807100 0.590415 0.000000 1.5658809689597668e-38
-35.204786 24.297883 8.514957 -0.822531 0.568720 0.000000 1.5658809689597668e-38
-35.828285 23.124661 9.506191 -0.837379 0.546622 0.000000 1.5658809689597668e-38
-36.081534 22.563058 9.349407 -0.851634 0.524137 0.000000 1.5658809689597668e-38
-37.412390 21.590856 9.419589 -0.865285 0.501280 0.000000 1.5658809689597668e-38
-37.146571 21.057558 8.723001 -0.878323 0.478068 0.000000 1.5658809689597668e-38
-38.167022 19.193373 9.282521 -0.890738 0.454518 0.000000 1.5658809689597668e-38
-38.549840 18.326024 9.539051 -0.902522 0.430645 0.000000 1.5658809689597668e-38
-39.360339 17.051069 8.923502 -0.913666 0.406466 0.000000 1.5658809689597668e-38
-39.586404 15.949678 9.216198 -0.924162 0.382000 0.000000 1.5658809689597668e-38
-39.948363 15.025584 9.492899 -0.934004 0.357263 0.000000 1.5658809689597668e-38
-40.308696 14.512800 9.172254 -0.943183 0.332273 0.000000 1.5658809689597668e-38
-40.661678 12.947577 9.228655 -0.951694 0.307047 0.000000 1.5658809689597668e-38
-40.775508 11.906122 9.386293 -0.959531 0.281604 0.000000 1.5658809689597668e-38
-41.538708 11.161821 9.056797 -0.966687 0.255961 0.000000 1.5658809689597668e-38
-41.315817 9.849232 9.687055 -0.973158 0.230136 0.000000 1.5658809689597668e-38
-42.164514 8.277952 9.045904 -0.978940 0.204149 0.000000 1.5658809689597668e-38
-42.451009 7.189669 9.417234 -0.984028 0.178016 0.000000 1.5658809689597668e-38
-42.224418 6.338880 9.114680 -0.988418 0.151758 0.000000 1.5658809689597668e-38
-42.559947 5.851595 9.010118 -0.992107 0.125392 0.000000 1.5658809689597668e-38
-42.904989 4.465203 9.166043 -0.995094 0.098937 0.000000 1.5658809689597668e-38
-41.994161 2.935434 9.484564 -0.997375 0.072412 0.000000 1.5658809689597668e-38
-42.348380 1.801610 9.007893 -0.998949 0.045836 0.000000 1.5658809689597668e-38
-42.487630 0.993806 8.807586 -0.999815 0.019227 0.000000 1.5658809689597668e-38
-43.055299 -1.076845 9.409385 -0.999973 -0.007395 0.000000 1.5658809689597668e-38
-42.771768 -1.501592 8.723336 -0.999421 -0.034013 0.000000 1.5658809689597668e-38
-42.968842 -2.732335 9.029072 -0.998162 -0.060606 0.000000 1.5658809689597668e-38
-42.520031 -3.548073 9.911653 -0.996195 -0.087156 0.000000 1.5658809689597668e-38
-3.743764 43.057403 12.058700 -0.087156 0.996195 0.000000 1.5658809689597668e-38
-5.376221 42.502451 11.828376 -0.113644 0.993522 0.000000 1.5658809689597668e-38
-6.001859 42.229164 11.721411 -0.140052 0.990144 0.000000 1.5658809689597668e-38
-6.613720 42.127093 11.816407 -0.166360 0.986065 0.000000 1.5658809689597668e-38
-7.988286 41.864866 12.634742 -0.192551 0.981287 0.000000 1.5658809689597668e-38
-9.595113 41.686442 12.411142 -0.218605 0.975813 0.000000 1.5658809689597668e-38
-10.307841 41.814855 12.280770 -0.244504 0.969648 0.000000 1.5658809689597668e-38
-11.430501 41.514124 12.367863 -0.270230 0.962796 0.000000 1.5658809689597668e-38
-12.726950 40.533707 12.487445 -0.295765 0.955261 0.000000 1.5658809689597668e-38
-13.757576 40.491033 12.691022 -0.321089 0.947049 0.000000 1.5658809689597668e-38
-15.274894 40.727365 12.301010 -0.346186 0.938166 0.000000 1.5658809689597668e-38
-15.817081 39.706159 11.807570 -0.371038 0.928618 0.000000 1.5658809689597668e-38
-17.008734 39.487388 12.510560 -0.395627 0.918411 0.000000 1.5658809689597668e-38
-18.068749 38.263578 11.845194 -0.419935 0.907554 0.000000 1.5658809689597668e-38
-18.423458 38.100368 12.735807 -0.443946 0.896053 0.000000 1.5658809689597668e-38
-20.335519 37.852943 12.495255 -0.467642 0.883918 0.000000 1.5658809689597668e-38
-21.303366 37.838028 12.330411 -0.491007 0.871156 0.000000 1.5658809689597668e-38
-21.906142 36.706285 12.505308 -0.514023 0.857776 0.000000 1.5658809689597668e-38
-22.542225 36.147311 12.826606 -0.536676 0.843789 0.000000 1.5658809689597668e-38
-24.154494 35.790407 12.454427 -0.558948 0.829203 0.000000 1.5658809689597668e-38
-25.229752 34.974598 12.309902 -0.580823 0.814030 0.000000 1.5658809689597668e-38
-26.085642 34.342389 12.351579 -0.602287 0.798279 0.000000 1.5658809689597668e-38
-26.753660 33.514683 12.280689 -0.623325 0.781963 0.000000 1.5658809689597668e-38
-27.725446 32.853705 12.114518 -0.643920 0.765093 0.000000 1.5658809689597668e-38
-27.681773 31.642197 12.132271 -0.664059 0.747680 0.000000 1.5658809689597668e-38
-29.474033 31.907661 11.911652 -0.683727 0.729738 0.000000 1.5658809689597668e-38
-30.017245 30.578365 12.407773 -0.702911 0.711278 0.000000 1.5658809689597668e-38
-30.575464 30.055309 12.172405 -0.721596 0.692314 0.000000 1.5658809689597668e-38
-31.667573 28.296999 12.337420 -0.739770 0.672859 0.000000 1.5658809689597668e-38
-32.720899 27.945532 11.802081 -0.757420 0.652928 0.000000 1.5658809689597668e-38
-33.095142 26.617846 12.352178 -0.774533 0.632534 0.000000 1.5658809689597668e-38
-34.294914 25.978068 12.654112 -0.791097 0.611691 0.000000 1.5658809689597668e-38
-34.436899 25.665271 12.775610 -0.807100 0.590415 0.000000 1.5658809689597668e-38
-35.506905 24.839805 11.868041 -0.822531 0.568720 0.000000 1.5658809689597668e-38
-35.687999 23.294428 12.028602 -0.837379 0.546622 0.000000 1.5658809689597668e-38
-36.338811 22.761616 12.582273 -0.851634 0.524137 0.000000 1.5658809689597668e-38
-37.044131 21.537486 12.465752 -0.865285 0.501280 0.000000 1.5658809689597668e-38
-37.576594 20.664837 12.368892 -0.878323 0.478068 0.000000 1.5658809689597668e-38
-37.947324 19.004268 12.268310 -0.890738 0.454518 0.000000 1.5658809689597668e-38
-39.120674 18.551625 12.800271 -0.902522 0.430645 0.000000 1.5658809689597668e-38
-39.325673 17.469883 12.534638 -0.913666 0.406466 0.000000 1.5658809689597668e-38
-40.253919 16.225813 12.417047 -0.924162 0.382000 0.000000 1.5658809689597668e-38
-40.924764 15.028531 12.637950 -0.934004 0.357263 0.000000 1.5658809689597668e-38
-40.148440 14.362136 12.572352 -0.943183 0.332273 0.000000 1.5658809689597668e-38
-40.749811 13.334627 12.212996 -0.951694 0.307047 0.000000 1.5658809689597668e-38
-41.115674 11.887132 12.686737 -0.959531 0.281604 0.000000 1.5658809689597668e-38
-41.000858 11.391091 12.185260 -0.966687 0.255961 0.000000 1.5658809689597668e-38
-42.020983 10.252704 12.470864 -0.973158 0.230136 0.000000 1.5658809689597668e-38
-41.884219 8.565021 12.435391 -0.978940 0.204149 0.000000 1.5658809689597668e-38
-42.526565 7.824622 12.721358 -0.984028 0.178016 0.000000 1.5658809689597668e-38
-41.899945 6.720843 11.893086 -0.988418 0.151758 0.000000 1.5658809689597668e-38
-42.488291 6.019460 12.047109 -0.992107 0.125392 0.000000 1.5658809689597668e-38
-42.693319 4.667071 12.492832 -0.995094 0.098937 0.000000 1.5658809689597668e-38
-42.029345 2.885603 12.010766 -0.997375 0.072412 0.000000 1.5658809689597668e-38
-42.473665 1.606950 12.248662 -0.998949 0.045836 0.000000 1.5658809689597668e-38
-42.897743 1.135366 12.491973 -0.999815 0.019227 0.000000 1.5658809689597668e-38
-42.747684 -0.437888 12.672194 -0.999973 -0.007395 0.000000 1.5658809689597668e-38
-41.653416 -1.251278 12.337594 -0.999421 -0.034013 0.000000 1.5658809689597668e-38
-43.196502 -2.790376 12.243579 -0.998162 -0.060606 0.000000 1.5658809689597668e-38
-42.883163 -3.742583 12.841097 -0.996195 -0.087156 0.000000 1.5658809689597668e-38
-3.382276 42.888495 15.022131 -0.087156 0.996195 0.000000 1.5658809689597668e-38
-4.496867 42.806215 14.866665 -0.113644 0.993522 0.000000 1.5658809689597668e-38
-5.822528 42.983072 14.656843 -0.140052 0.990144 0.000000 1.5658809689597668e-38
-7.417525 42.466418 15.604969 -0.166360 0.986065 0.000000 1.5658809689597668e-38
-8.453702 42.043977 15.602766 -0.192551 0.981287 0.000000 1.5658809689597668e-38
-9.562411 42.220325 15.051161 -0.218605 0.975813 0.000000 1.5658809689597668e-38
-10.943874 42.018568 15.460371 -0.244504 0.969648 0.000000 1.5658809689597668e-38
-11.370227 41.336867 15.146084 -0.270230 0.962796 0.000000 1.5658809689597668e-38
-12.339283 40.715003 15.760054 -0.295765 0.955261 0.000000 1.5658809689597668e-38
-13.442847 41.075982 15.178273 -0.321089 0.947049 0.000000 1.5658809689597668e-38
-15.165646 40.372071 14.996103 -0.346186 0.938166 0.000000 1.5658809689597668e-38
-16.280313 40.216982 15.579420 -0.371038 0.928618 0.000000 1.5658809689597668e-38
-17.366458 39.786504 15.520906 -0.395627 0.918411 0.000000 1.5658809689597668e-38
-17.646314 39.286458 15.702190 -0.419935 0.907554 0.000000 1.5658809689597668e-38
-18.991023 38.914022 14.998480 -0.443946 0.896053 0.000000 1.5658809689597668e-38
-20.191975 38.085301 15.311490 -0.467642 0.883918 0.000000 1.5658809689597668e-38
-21.029304 37.737260 15.502293 -0.491007 0.871156 0.000000 1.5658809689597668e-38
-22.207573 36.749564 15.713771 -0.514023 0.857776 0.000000 1.5658809689597668e-38
-23.025887 36.061833 15.326509 -0.536676 0.843789 0.000000 1.5658809689597668e-38
-24.613719 35.749386 15.325101 -0.558948 0.829203 0.000000 1.5658809689597668e-38
-25.205917 35.560182 15.037769 -0.580823 0.814030 0.000000 1.5658809689597668e-38
-25.746763 35.061974 15.707796 -0.602287 0.798279 0.000000 1.5658809689597668e-38
-26.874847 33.362514 14.975997 -0.623325 0.781963 0.000000 1.5658809689597668e-38
-27.876515 32.769520 15.168751 -0.643920 0.765093 0.000000 1.5658809689597668e-38
-28.718936 32.194459 15.530179 -0.664059 0.747680 0.000000 1.5658809689597668e-38
-29.840088 31.247133 15.336714 -0.683727 0.729738 0.000000 1.5658809689597668e-38
-30.354215 31.207114 15.454289 -0.702911 0.711278 0.000000 1.5658809689597668e-38
-31.584993 29.964293 15.548315 -0.721596 0.692314 0.000000 1.5658809689597668e-38
-31.921759 28.636322 15.912032 -0.739770 0.672859 0.000000 1.5658809689597668e-38
-32.965890 28.339521 15.444631 -0.757420 0.652928 0.000000 1.5658809689597668e-38
-33.202249 27.774349 15.553107 -0.774533 0.632534 0.000000 1.5658809689597668e-38
-34.263997 26.695768 15.195286 -0.791097 0.611691 0.000000 1.5658809689597668e-38
-34.737070 25.059039 15.074631 -0.807100 0.590415 0.000000 1.5658809689597668e-38
-35.435805 24.622347 14.873898 -0.822531 0.568720 0.000000 1.5658809689597668e-38
-35.941991 23.313675 15.768522 -0.837379 0.546622 0.000000 1.5658809689597668e-38
-36.811142 22.253302 15.407357 -0.851634 0.524137 0.000000 1.5658809689597668e-38
-37.568784 21.985945 15.384774 -0.865285 0.501280 0.000000 1.5658809689597668e-38
-37.901343 20.782362 15.083131 -0.878323 0.478068 0.000000 1.5658809689597668e-38
-38.777681 19.712283 15.054714 -0.890738 0.454518 0.000000 1.5658809689597668e-38
-39.228823 18.811875 15.542135 -0.902522 0.430645 0.000000 1.5658809689597668e-38
-39.755283 17.333023 15.113496 -0.913666 0.406466 0.000000 1.5658809689597668e-38
-39.298641 16.736065 15.258362 -0.924162 0.382000 0.000000 1.5658809689597668e-38
-40.082850 14.991235 15.182822 -0.934004 0.357263 0.000000 1.5658809689597668e-38
-40.619889 14.456675 15.355378 -0.943183 0.332273 0.000000 1.5658809689597668e-38
-40.943770 13.257272 15.335542 -0.951694 0.307047 0.000000 1.5658809689597668e-38
-41.444771 12.009276 15.454197 -0.959531 0.281604 0.000000 1.5658809689597668e-38
-41.541124 11.091446 15.031036 -0.966687 0.255961 0.000000 1.5658809689597668e-38
-42.242958 10.038566 15.826117 -0.973158 0.230136 0.000000 1.5658809689597668e-38
-42.146737 8.675334 15.451918 -0.978940 0.204149 0.000000 1.5658809689597668e-38
-42.752785 8.065214 15.440594 -0.984028 0.178016 0.000000 1.5658809689597668e-38
-42.801792 6.490751 15.226505 -0.988418 0.151758 0.000000 1.5658809689597668e-38
-42.366476 5.343740 15.431225 -0.992107 0.125392 0.000000 1.5658809689597668e-38
-42.716574 4.041973 15.442728 -0.995094 0.098937 0.000000 1.5658809689597668e-38
-42.904677 2.654749 15.460424 -0.997375 0.072412 0.000000 1.5658809689597668e-38
-43.068584 2.014520 15.395304 -0.998949 0.045836 0.000000 1.5658809689597668e-38
-43.014436 1.229890 15.030763 -0.999815 0.019227 0.000000 1.5658809689597668e-38
-43.201621 -0.118757 15.528893 -0.999973 -0.007395 0.000000 1.5658809689597668e-38
-42.937395 -0.639874 15.568856 -0.999421 -0.034013 0.000000 1.5658809689597668e-38
-42.681646 -2.704234 15.086742 -0.998162 -0.060606 0.000000 1.5658809689597668e-38
-43.030440 -3.542838 15.506664 -0.996195 -0.087156 0.000000 1.5658809689597668e-38
-3.658017 43.129782 18.349398 -0.087156 0.996195 0.000000 1.5658809689597668e-38
-4.981460 43.295522 18.713757 -0.113644 0.993522 0.000000 1.5658809689597668e-38
-6.374392 43.160443 18.266322 -0.140052 0.990144 0.000000 1.5658809689597668e-38
-7.072557 42.697282 18.931275 -0.166360 0.986065 0.000000 1.5658809689597668e-38
-8.474256 42.601284 18.643516 -0.192551 0.981287 0.000000 1.5658809689597668e-38
-9.740705 42.288514 18.381563 -0.218605 0.975813 0.000000 1.5658809689597668e-38
-10.755626 41.911137 18.795143 -0.244504 0.969648 0.000000 1.5658809689597668e-38
-11.896498 41.915860 18.555917 -0.270230 0.962796 0.000000 1.5658809689597668e-38
-13.243174 41.574983 18.037484 -0.295765 0.955261 0.000000 1.5658809689597668e-38
-13.733709 40.911012 18.464049 -0.321089 0.947049 0.000000 1.5658809689597668e-38
-15.398609 40.714718 18.739624 -0.346186 0.938166 0.000000 1.5658809689597668e-38
-16.329965 40.081854 18.597925 -0.371038 0.928618 0.000000 1.5658809689597668e-38
-17.010138 39.091214 19.066160 -0.395627 0.918411 0.000000 1.5658809689597668e-38
-18.049446 39.559782 18.418476 -0.419935 0.907554 0.000000 1.5658809689597668e-38
-19.805702 39.054471 18.291982 -0.443946 0.896053 0.000000 1.5658809689597668e-38
-20.113356 38.260224 18.532950 -0.467642 0.883918 0.000000 1.5658809689597668e-38
-21.522104 38.031827 18.105025 -0.491007 0.871156 0.000000 1.5658809689597668e-38
-21.613913 37.863768 18.951348 -0.514023 0.857776 0.000000 1.5658809689597668e-38
-22.887122 36.560532 18.811502 -0.536676 0.843789 0.000000 1.5658809689597668e-38
-24.264308 35.487422 18.912499 -0.558948 0.829203 0.000000 1.5658809689597668e-38
-24.845319 35.286173 18.093983 -0.580823 0.814030 0.000000 1.5658809689597668e-38
-26.290489 34.066313 18.745063 -0.602287 0.798279 0.000000 1.5658809689597668e-38
-27.507773 33.991254 18.208430 -0.623325 0.781963 0.000000 1.5658809689597668e-38
-28.347788 33.245229 18.361399 -0.643920 0.765093 0.000000 1.5658809689597668e-38
-28.541527 32.038446 18.234344 -0.664059 0.747680 0.000000 1.5658809689597668e-38
-30.362076 30.985450 19.000996 -0.683727 0.729738 0.000000 1.5658809689597668e-38
-29.852491 30.868173 18.214390 -0.702911 0.711278 0.000000 1.5658809689597668e-38
-31.377291 30.280169 18.307222 -0.721596 0.692314 0.000000 1.5658809689597668e-38
-32.004475 29.170735 18.290895 -0.739770 0.672859 0.000000 1.5658809689597668e-38
-32.998898 28.398345 18.168472 -0.757420 0.652928 0.000000 1.5658809689597668e-38
-33.447519 27.284597 18.499749 -0.774533 0.632534 0.000000 1.5658809689597668e-38
-33.886044 26.471896 18.737480 -0.791097 0.611691 0.000000 1.5658809689597668e-38
-35.532726 25.458728 18.469845 -0.807100 0.590415 0.000000 1.5658809689597668e-38
-35.087196 24.071191 18.432676 -0.822531 0.568720 0.000000 1.5658809689597668e-38
-35.870990 23.465532 18.397687 -0.837379 0.546622 0.000000 1.5658809689597668e-38
-36.826541 22.781454 18.931270 -0.851634 0.524137 0.000000 1.5658809689597668e-38
-37.383415 22.133388 18.353536 -0.865285 0.501280 0.000000 1.5658809689597668e-38
-38.305418 20.660889 18.113808 -0.878323 0.478068 0.000000 1.5658809689597668e-38
-38.476517 19.591700 18.260002 -0.890738 0.454518 0.000000 1.5658809689597668e-38
-38.982908 18.329239 18.692689 -0.902522 0.430645 0.000000 1.5658809689597668e-38
-39.759207 17.971737 18.343717 -0.913666 0.406466 0.000000 1.5658809689597668e-38
-39.881254 16.617040 18.684709 -0.924162 0.382000 0.000000 1.5658809689597668e-38
-40.464562 14.991576 18.764177 -0.934004 0.357263 0.000000 1.5658809689597668e-38
-40.921867 14.643895 18.668612 -0.943183 0.332273 0.000000 1.5658809689597668e-38
-41.496581 13.038835 18.658145 -0.951694 0.307047 0.000000 1.5658809689597668e-38
-41.695349 12.490999 18.408078 -0.959531 0.281604 0.000000 1.5658809689597668e-38
-41.607646 11.225204 18.547931 -0.966687 0.255961 0.000000 1.5658809689597668e-38
-42.307458 10.048218 18.819394 -0.973158 0.230136 0.000000 1.5658809689597668e-38
-42.462199 9.011046 18.475446 -0.978940 0.204149 0.000000 1.5658809689597668e-38
-42.629147 8.235647 18.822057 -0.984028 0.178016 0.000000 1.5658809689597668e-38
-42.833061 6.644419 18.250977 -0.988418 0.151758 0.000000 1.5658809689597668e-38
-43.068750 5.529698 18.716723 -0.992107 0.125392 0.000000 1.5658809689597668e-38
-42.921581 3.957043 18.754633 -0.995094 0.098937 0.000000 1.5658809689597668e-38
-43.271886 2.843625 18.862454 -0.997375 0.072412 0.000000 1.5658809689597668e-38
-42.874525 2.066522 18.674177 -0.998949 0.045836 0.000000 1.5658809689597668e-38
-43.120830 1.252397 18.679959 -0.999815 0.019227 0.000000 1.5658809689597668e-38
-43.756201 0.282285 18.781236 -0.999973 -0.007395 0.000000 1.5658809689597668e-38
-43.486850 -1.783641 18.612982 -0.999421 -0.034013 0.000000 1.5658809689597668e-38
-43.362855 -2.528806 18.684561 -0.998162 -0.060606 0.000000 1.5658809689597668e-38
-43.364018 -4.113825 18.577284 -0.996195 -0.087156 0.000000 1.5658809689597668e-38
-3.965330 43.538760 21.135464 -0.087156 0.996195 0.000000 1.5658809689597668e-38
-5.037477 43.592703 21.720241 -0.113644 0.993522 0.000000 1.5658809689597668e-38
-6.351322 42.880279 21.543191 -0.140052 0.990144 0.000000 1.5658809689597668e-38
-7.095163 43.174211 21.384814 -0.166360 0.986065 0.000000 1.5658809689597668e-38
-8.317636 43.294750 21.600005 -0.192551 0.981287 0.000000 1.5658809689597668e-38
-10.034479 42.666022 22.151649 -0.218605 0.975813 0.000000 1.5658809689597668e-38
-11.061538 42.344800 21.470561 -0.244504 0.969648 0.000000 1.5658809689597668e-38
-11.769776 42.094972 21.880453 -0.270230 0.962796 0.000000 1.5658809689597668e-38
-12.887964 42.090894 21.503165 -0.295765 0.955261 0.000000 1.5658809689597668e-38
-14.124145 41.148419 20.993335 -0.321089 0.947049 0.000000 1.5658809689597668e-38
-15.032137 41.577524 21.675932 -0.346186 0.938166 0.000000 1.5658809689597668e-38
-15.993903 40.420533 21.465162 -0.371038 0.928618 0.000000 1.5658809689597668e-38
-16.978108 40.701431 21.984846 -0.395627 0.918411 0.000000 1.5658809689597668e-38
-18.093257 39.635328 21.601377 -0.419935 0.907554 0.000000 1.5658809689597668e-38
-19.609217 38.688207 21.200422 -0.443946 0.896053 0.000000 1.5658809689597668e-38
-20.402821 38.505205 21.097629 -0.467642 0.883918 0.000000 1.5658809689597668e-38
-21.449083 37.940065 21.186607 -0.491007 0.871156 0.000000 1.5658809689597668e-38
-22.553870 37.355142 21.353470 -0.514023 0.857776 0.000000 1.5658809689597668e-38
-23.153838 36.269845 20.942722 -0.536676 0.843789 0.000000 1.5658809689597668e-38
-24.403268 36.232730 21.659726 -0.558948 0.829203 0.000000 1.5658809689597668e-38
-25.521064 35.266031 21.536267 -0.580823 0.814030 0.000000 1.5658809689597668e-38
-26.428989 35.319054 21.441193 -0.602287 0.798279 0.000000 1.5658809689597668e-38
-27.230977 34.883979 21.480033 -0.623325 0.781963 0.000000 1.5658809689597668e-38
-27.947390 33.598669 21.757882 -0.643920 0.765093 0.000000 1.5658809689597668e-38
-28.906680 32.702675 21.568562 -0.664059 0.747680 0.000000 1.5658809689597668e-38
-30.025064 31.958786 22.147055 -0.683727 0.729738 0.000000 1.5658809689597668e-38
-30.326642 31.146332 21.795210 -0.702911 0.711278 0.000000 1.5658809689597668e-38
-31.766427 30.149018 21.822816 -0.721596 0.692314 0.000000 1.5658809689597668e-38
-31.853022 29.146502 21.393385 -0.739770 0.672859 0.000000 1.5658809689597668e-38
-32.415364 28.536408 22.085470 -0.757420 0.652928 0.000000 1.5658809689597668e-38
-33.754886 27.690946 21.446814 -0.774533 0.632534 0.000000 1.5658809689597668e-38
-34.257373 27.114414 21.227961 -0.791097 0.611691 0.000000 1.5658809689597668e-38
-35.344591 26.052663 21.499597 -0.807100 0.590415 0.000000 1.5658809689597668e-38
-36.060611 25.133790 21.869497 -0.822531 0.568720 0.000000 1.5658809689597668e-38
-36.695773 23.929825 21.175919 -0.837379 0.546622 0.000000 1.5658809689597668e-38
-37.451896 22.921637 21.547884 -0.851634 0.524137 0.000000 1.5658809689597668e-38
-38.069332 21.671648 21.218948 -0.865285 0.501280 0.000000 1.5658809689597668e-38
-38.211991 20.282688 21.234988 -0.878323 0.478068 0.000000 1.5658809689597668e-38
-39.449451 19.970432 20.997641 -0.890738 0.454518 0.000000 1.5658809689597668e-38
-39.395544 19.294263 22.040492 -0.902522 0.430645 0.000000 1.5658809689597668e-38
-40.433400 17.836282 21.241770 -0.913666 0.406466 0.000000 1.5658809689597668e-38
-40.707859 16.644493 21.906949 -0.924162 0.382000 0.000000 1.5658809689597668e-38
-40.599713 15.383945 21.749972 -0.934004 0.357263 0.000000 1.5658809689597668e-38
-41.853511 14.281501 21.291294 -0.943183 0.332273 0.000000 1.5658809689597668e-38
-41.528502 13.345151 21.496020 -0.951694 0.307047 0.000000 1.5658809689597668e-38
-41.946564 12.301835 21.700501 -0.959531 0.281604 0.000000 1.5658809689597668e-38
-42.161804 11.090206 21.658986 -0.966687 0.255961 0.000000 1.5658809689597668e-38
-42.241307 9.881182 21.520641 -0.973158 0.230136 0.000000 1.5658809689597668e-38
-42.392997 8.582517 22.079872 -0.978940 0.204149 0.000000 1.5658809689597668e-38
-43.365446 7.668774 21.253405 -0.984028 0.178016 0.000000 1.5658809689597668e-38
-42.499000 6.474908 21.388209 -0.988418 0.151758 0.000000 1.5658809689597668e-38
-43.427695 5.503427 21.439929 -0.992107 0.125392 0.000000 1.5658809689597668e-38
-43.486726 3.260936 21.555609 -0.995094 0.098937 0.000000 1.5658809689597668e-38
-43.541113 3.473161 21.931180 -0.997375 0.072412 0.000000 1.5658809689597668e-38
-43.671498 2.246109 21.207991 -0.998949 0.045836 0.000000 1.5658809689597668e-38
-43.422801 0.667730 21.183052 -0.999815 0.019227 0.000000 1.5658809689597668e-38
-43.715557 0.097251 21.592763 -0.999973 -0.007395 0.000000 1.5658809689597668e-38
-43.186866 -1.709645 21.852817 -0.999421 -0.034013 0.000000 1.5658809689597668e-38
-43.776464 -2.578508 21.603466 -0.998162 -0.060606 0.000000 1.5658809689597668e-38
-43.296483 -3.730091 21.316706 -0.996195 -0.087156 0.000000 1.5658809689597668e-38
-3.571125 44.356227 24.440244 -0.087156 0.996195 0.000000 1.5658809689597668e-38
-5.551384 43.868895 24.516030 -0.113644 0.993522 0.000000 1.5658809689597668e-38
-6.202198 43.737335 24.478467 -0.140052 0.990144 0.000000 1.5658809689597668e-38
-7.401208 43.360946 25.056311 -0.166360 0.986065 0.000000 1.5658809689597668e-38
-8.464028 42.810026 24.256621 -0.192551 0.981287 0.000000 1.5658809689597668e-38
-9.577770 42.601040 24.146694 -0.218605 0.975813 0.000000 1.5658809689597668e-38
-10.568551 42.873923 24.504944 -0.244504 0.969648 0.000000 1.5658809689597668e-38
-11.803161 42.423473 24.796110 -0.270230 0.962796 0.000000 1.5658809689597668e-38
-12.833452 41.253734 24.543235 -0.295765 0.955261 0.000000 1.5658809689597668e-38
-13.973900 41.550974 24.626245 -0.321089 0.947049 0.000000 1.5658809689597668e-38
-15.008440 41.307491 25.067760 -0.346186 0.938166 0.000000 1.5658809689597668e-38
-15.989136 40.827486 24.555971 -0.371038 0.928618 0.000000 1.5658809689597668e-38
-18.264339 40.315984 24.209404 -0.395627 0.918411 0.000000 1.5658809689597668e-38
-18.412543 39.982030 24.824141 -0.419935 0.907554 0.000000 1.5658809689597668e-38
-19.116484 39.422217 25.299510 -0.443946 0.896053 0.000000 1.5658809689597668e-38
-20.508476 38.503015 24.446763 -0.467642 0.883918 0.000000 1.5658809689597668e-38
-21.718177 38.512131 24.331210 -0.491007 0.871156 0.000000 1.5658809689597668e-38
-22.708573 37.697423 24.480948 -0.514023 0.857776 0.000000 1.5658809689597668e-38
-23.372551 37.322620 24.965355 -0.536676 0.843789 0.000000 1.5658809689597668e-38
-24.695339 36.849154 24.206185 -0.558948 0.829203 0.000000 1.5658809689597668e-38
-25.975171 35.456565 24.618148 -0.580823 0.814030 0.000000 1.5658809689597668e-38
-26.142450 34.946983 24.472377 -0.602287 0.798279 0.000000 1.5658809689597668e-38
-27.493692 34.581498 24.472097 -0.623325 0.781963 0.000000 1.5658809689597668e-38
-28.495194 33.263665 24.443868 -0.643920 0.765093 0.000000 1.5658809689597668e-38
-28.868130 32.928333 24.393428 -0.664059 0.747680 0.000000 1.5658809689597668e-38
-29.716013 31.935943 25.041371 -0.683727 0.729738 0.000000 1.5658809689597668e-38
-30.509936 31.316003 24.165820 -0.702911 0.711278 0.000000 1.5658809689597668e-38
-31.066408 30.580891 24.518219 -0.721596 0.692314 0.000000 1.5658809689597668e-38
-32.266153 29.819314 25.008666 -0.739770 0.672859 0.000000 1.5658809689597668e-38
-33.528356 28.827095 24.259624 -0.757420 0.652928 0.000000 1.5658809689597668e-38
-33.882789 27.827234 24.699687 -0.774533 0.632534 0.000000 1.5658809689597668e-38
-34.855474 26.841658 24.354915 -0.791097 0.611691 0.000000 1.5658809689597668e-38
-35.278647 26.427625 24.448384 -0.807100 0.590415 0.000000 1.5658809689597668e-38
-36.028747 25.155713 24.617814 -0.822531 0.568720 0.000000 1.5658809689597668e-38
-37.306168 23.663185 24.381090 -0.837379 0.546622 0.000000 1.5658809689597668e-38
-38.117153 23.486631 24.725696 -0.851634 0.524137 0.000000 1.5658809689597668e-38
-38.085141 21.401361 24.068223 -0.865285 0.501280 0.000000 1.5658809689597668e-38
-38.650568 21.628155 24.405791 -0.878323 0.478068 0.000000 1.5658809689597668e-38
-38.937045 19.856702 24.631956 -0.890738 0.454518 0.000000 1.5658809689597668e-38
-39.350317 18.846376 24.408353 -0.902522 0.430645 0.000000 1.5658809689597668e-38
-39.779690 17.899887 24.942746 -0.913666 0.406466 0.000000 1.5658809689597668e-38
-40.872578 17.231602 24.697473 -0.924162 0.382000 0.000000 1.5658809689597668e-38
-40.969635 15.760555 24.463742 -0.934004 0.357263 0.000000 1.5658809689597668e-38
-41.504514 14.488612 24.903248 -0.943183 0.332273 0.000000 1.5658809689597668e-38
-41.939447 13.062397 24.111557 -0.951694 0.307047 0.000000 1.5658809689597668e-38
-42.741383 12.577124 24.269933 -0.959531 0.281604 0.000000 1.5658809689597668e-38
-42.448253 11.304305 24.595972 -0.966687 0.255961 0.000000 1.5658809689597668e-38
-42.691517 10.174441 23.802466 -0.973158 0.230136 0.000000 1.5658809689597668e-38
-43.174535 9.110921 25.107469 -0.978940 0.204149 0.000000 1.5658809689597668e-38
-42.795387 7.424517 24.510467 -0.984028 0.178016 0.000000 1.5658809689597668e-38
-43.964344 7.133948 24.919241 -0.988418 0.151758 0.000000 1.5658809689597668e-38
-43.551690 5.567597 25.029574 -0.992107 0.125392 0.000000 1.5658809689597668e-38
-43.424884 4.701058 24.752389 -0.995094 0.098937 0.000000 1.5658809689597668e-38
-43.993428 3.416573 24.860197 -0.997375 0.072412 0.000000 1.5658809689597668e-38
-44.015122 1.911592 24.955379 -0.998949 0.045836 0.000000 1.5658809689597668e-38
-43.496810 0.621250 24.536372 -0.999815 0.019227 0.000000 1.5658809689597668e-38
-43.897696 -0.179449 24.458675 -0.999973 -0.007395 0.000000 1.5658809689597668e-38
-43.413662 -1.370067 24.774800 -0.999421 -0.034013 0.000000 1.5658809689597668e-38
-43.395625 -2.801620 24.588855 -0.998162 -0.060606 0.000000 1.5658809689597668e-38
-44.212727 -3.886922 24.168706 -0.996195 -0.087156 0.000000 1.5658809689597668e-38
-3.644155 44.343266 27.609187 -0.087156 0.996195 0.000000 1.5658809689597668e-38
-5.074352 44.327055 27.351569 -0.113644 0.993522 0.000000 1.5658809689597668e-38
-6.155115 44.158560 27.157625 -0.140052 0.990144 0.000000 1.5658809689597668e-38
-7.178619 43.265430 27.657029 -0.166360 0.986065 0.000000 1.5658809689597668e-38
-8.895618 43.984944 27.345171 -0.192551 0.981287 0.000000 1.5658809689597668e-38
-10.198101 43.352625 27.568197 -0.218605 0.975813 0.000000 1.5658809689597668e-38
-11.303992 43.196714 27.094858 -0.244504 0.969648 0.000000 1.5658809689597668e-38
-12.305356 42.562249 27.932974 -0.270230 0.962796 0.000000 1.5658809689597668e-38
-12.739216 42.731205 27.646326 -0.295765 0.955261 0.000000 1.5658809689597668e-38
-14.980116 42.153130 28.133480 -0.321089 0.947049 0.000000 1.5658809689597668e-38
-14.995753 41.780468 27.335457 -0.346186 0.938166 0.000000 1.5658809689597668e-38
-16.626557 41.797922 27.267289 -0.371038 0.928618 0.000000 1.5658809689597668e-38
-17.904720 41.047524 27.562960 -0.395627 0.918411 0.000000 1.5658809689597668e-38
-18.993850 40.741237 27.830624 -0.419935 0.907554 0.000000 1.5658809689597668e-38
-19.819609 39.428649 28.306530 -0.443946 0.896053 0.000000 1.5658809689597668e-38
-20.764182 39.652926 27.960398 -0.467642 0.883918 0.000000 1.5658809689597668e-38
-21.950183 38.513383 28.126202 -0.491007 0.871156 0.000000 1.5658809689597668e-38
-22.376777 37.510322 27.857242 -0.514023 0.857776 0.000000 1.5658809689597668e-38
-23.857344 37.142546 27.770832 -0.536676 0.843789 0.000000 1.5658809689597668e-38
-25.214423 36.665206 27.452766 -0.558948 0.829203 0.000000 1.5658809689597668e-38
-25.930462 36.110213 27.387638 -0.580823 0.814030 0.000000 1.5658809689597668e-38
-26.261278 35.580546 28.230677 -0.602287 0.798279 0.000000 1.5658809689597668e-38
-27.715015 34.543714 28.219832 -0.623325 0.781963 0.000000 1.5658809689597668e-38
-28.754558 33.906054 27.908322 -0.643920 0.765093 0.000000 1.5658809689597668e-38
-29.846350 33.400050 27.867312 -0.664059 0.747680 0.000000 1.5658809689597668e-38
-29.967235 32.657273 28.082301 -0.683727 0.729738 0.000000 1.5658809689597668e-38
-31.232650 31.312100 28.325303 -0.702911 0.711278 0.000000 1.5658809689597668e-38
-32.486909 30.301211 27.861846 -0.721596 0.692314 0.000000 1.5658809689597668e-38
-32.348080 29.922514 27.992099 -0.739770 0.672859 0.000000 1.5658809689597668e-38
-34.217720 28.831101 27.130123 -0.757420 0.652928 0.000000 1.5658809689597668e-38
-34.144430 27.611570 27.308962 -0.774533 0.632534 0.000000 1.5658809689597668e-38
-34.959553 27.469162 27.644617 -0.791097 0.611691 0.000000 1.5658809689597668e-38
-35.653028 26.367582 27.627680 -0.807100 0.590415 0.000000 1.5658809689597668e-38
-36.837420 25.412771 27.876236 -0.822531 0.568720 0.000000 1.5658809689597668e-38
-36.899852 24.356088 27.341758 -0.837379 0.546622 0.000000 1.5658809689597668e-38
-37.593665 23.264023 27.547486 -0.851634 0.524137 0.000000 1.5658809689597668e-38
-38.495073 22.042839 27.958961 -0.865285 0.501280 0.000000 1.5658809689597668e-38
-39.410810 20.921579 27.593676 -0.878323 0.478068 0.000000 1.5658809689597668e-38
-39.052312 20.490578 27.200055 -0.890738 0.454518 0.000000 1.5658809689597668e-38
-39.654072 19.519490 27.340105 -0.902522 0.430645 0.000000 1.5658809689597668e-38
-41.310560 18.019819 28.029035 -0.913666 0.406466 0.000000 1.5658809689597668e-38
-40.542645 16.694272 28.217901 -0.924162 0.382000 0.000000 1.5658809689597668e-38
-42.125231 15.747122 27.567144 -0.934004 0.357263 0.000000 1.5658809689597668e-38
-41.518595 15.137805 27.978575 -0.943183 0.332273 0.000000 1.5658809689597668e-38
-42.647232 13.887424 27.845020 -0.951694 0.307047 0.000000 1.5658809689597668e-38
-43.091269 11.879198 28.003704 -0.959531 0.281604 0.000000 1.5658809689597668e-38
-42.961573 10.975553 27.629856 -0.966687 0.255961 0.000000 1.5658809689597668e-38
-43.085564 10.190005 27.226712 -0.973158 0.230136 0.000000 1.5658809689597668e-38
-42.885726 9.362638 27.591694 -0.978940 0.204149 0.000000 1.5658809689597668e-38
-43.765741 8.009309 27.353421 -0.984028 0.178016 0.000000 1.5658809689597668e-38
-43.775272 6.336732 27.671147 -0.988418 0.151758 0.000000 1.5658809689597668e-38
-44.386413 5.230242 28.186024 -0.992107 0.125392 0.000000 1.5658809689597668e-38
-44.150629 4.453660 27.088894 -0.995094 0.098937 0.000000 1.5658809689597668e-38
-44.448747 3.352460 27.750549 -0.997375 0.072412 0.000000 1.5658809689597668e-38
-44.985728 2.096617 27.802275 -0.998949 0.045836 0.000000 1.5658809689597668e-38
-43.992836 0.656844 27.019687 -0.999815 0.019227 0.000000 1.5658809689597668e-38
-44.683987 -0.657373 27.913320 -0.999973 -0.007395 0.000000 1.5658809689597668e-38
-45.175509 -1.644195 28.120046 -0.999421 -0.034013 0.000000 1.5658809689597668e-38
-44.302415 -2.421157 27.199768 -0.998162 -0.060606 0.000000 1.5658809689597668e-38
-44.697863 -3.437337 27.722672 -0.996195 -0.087156 0.000000 1.5658809689597668e-38
-3.873993 44.298627 30.799465 -0.087156 0.996195 0.000000 1.5658809689597668e-38
-5.435555 44.870363 31.587580 -0.113644 0.993522 0.000000 1.5658809689597668e-38
-6.129781 44.172497 30.009133 -0.140052 0.990144 0.000000 1.5658809689597668e-38
-7.959044 44.646675 30.460473 -0.166360 0.986065 0.000000 1.5658809689597668e-38
-8.738414 44.162736 31.213918 -0.192551 0.981287 0.000000 1.5658809689597668e-38
-9.854384 43.599497 30.790717 -0.218605 0.975813 0.000000 1.5658809689597668e-38
-11.143202 43.272522 30.892795 -0.244504 0.969648 0.000000 1.5658809689597668e-38
-12.051960 43.777128 30.900885 -0.270230 0.962796 0.000000 1.5658809689597668e-38
-12.906260 42.478664 30.926778 -0.295765 0.955261 0.000000 1.5658809689597668e-38
-14.603161 42.550753 30.975785 -0.321089 0.947049 0.000000 1.5658809689597668e-38
-15.495773 42.756308 31.197625 -0.346186 0.938166 0.000000 1.5658809689597668e-38
-16.271033 41.835596 31.298239 -0.371038 0.928618 0.000000 1.5658809689597668e-38
-18.156988 41.560105 30.471857 -0.395627 0.918411 0.000000 1.5658809689597668e-38
-18.984325 40.830982 31.139197 -0.419935 0.907554 0.000000 1.5658809689597668e-38
-20.236887 39.993525 30.798490 -0.443946 0.896053 0.000000 1.5658809689597668e-38
-21.008417 39.859766 31.800009 -0.467642 0.883918 0.000000 1.5658809689597668e-38
-21.873553 38.811196 30.380278 -0.491007 0.871156 0.000000 1.5658809689597668e-38
-23.128174 38.150213 30.909496 -0.514023 0.857776 0.000000 1.5658809689597668e-38
-23.909918 37.666631 31.364717 -0.536676 0.843789 0.000000 1.5658809689597668e-38
-25.264041 37.116250 30.960980 -0.558948 0.829203 0.000000 1.5658809689597668e-38
-25.755923 36.855518 30.897780 -0.580823 0.814030 0.000000 1.5658809689597668e-38
-26.669953 35.567027 31.044655 -0.602287 0.798279 0.000000 1.5658809689597668e-38
-27.656370 35.489389 30.268700 -0.623325 0.781963 0.000000 1.5658809689597668e-38
-29.122710 34.526597 29.973821 -0.643920 0.765093 0.000000 1.5658809689597668e-38
-29.605271 33.817431 30.596318 -0.664059 0.747680 0.000000 1.5658809689597668e-38
-30.763160 32.373340 30.612767 -0.683727 0.729738 0.000000 1.5658809689597668e-38
-31.641390 31.663646 30.547927 -0.702911 0.711278 0.000000 1.5658809689597668e-38
-32.412116 30.933896 31.331470 -0.721596 0.692314 0.000000 1.5658809689597668e-38
-33.263350 30.250417 30.596166 -0.739770 0.672859 0.000000 1.5658809689597668e-38
-34.112760 28.742837 30.297821 -0.757420 0.652928 0.000000 1.5658809689597668e-38
-35.064715 28.395499 31.092083 -0.774533 0.632534 0.000000 1.5658809689597668e-38
-35.980753 27.241822 30.359164 -0.791097 0.611691 0.000000 1.5658809689597668e-38
-36.241052 26.776005 30.635166 -0.807100 0.590415 0.000000 1.5658809689597668e-38
-36.867409 25.917823 30.906601 -0.822531 0.568720 0.000000 1.5658809689597668e-38
-37.746445 24.538849 30.520966 -0.837379 0.546622 0.000000 1.5658809689597668e-38
-38.030945 23.638337 30.359083 -0.851634 0.524137 0.000000 1.5658809689597668e-38
-38.716171 22.424379 30.932634 -0.865285 0.501280 0.000000 1.5658809689597668e-38
-39.103460 21.562883 30.678273 -0.878323 0.478068 0.000000 1.5658809689597668e-38
-39.629121 20.102544 30.373074 -0.890738 0.454518 0.000000 1.5658809689597668e-38
-41.395676 19.273802 30.522767 -0.902522 0.430645 0.000000 1.5658809689597668e-38
-40.817072 17.620182 30.575077 -0.913666 0.406466 0.000000 1.5658809689597668e-38
-41.265611 16.806397 30.892008 -0.924162 0.382000 0.000000 1.5658809689597668e-38
-42.014744 15.997172 30.947778 -0.934004 0.357263 0.000000 1.5658809689597668e-38
-41.973083 14.915084 30.525028 -0.943183 0.332273 0.000000 1.5658809689597668e-38
-42.777666 13.948192 30.462855 -0.951694 0.307047 0.000000 1.5658809689597668e-38
-43.044784 12.501359 30.738222 -0.959531 0.281604 0.000000 1.5658809689597668e-38
-43.614788 10.912617 30.925454 -0.966687 0.255961 0.000000 1.5658809689597668e-38
-43.312704 9.773496 30.879909 -0.973158 0.230136 0.000000 1.5658809689597668e-38
-43.536025 9.325561 30.644230 -0.978940 0.204149 0.000000 1.5658809689597668e-38
-44.371977 8.000238 30.843566 -0.984028 0.178016 0.000000 1.5658809689597668e-38
-44.256885 6.745407 30.444435 -0.988418 0.151758 0.000000 1.5658809689597668e-38
-44.324131 5.759388 30.829477 -0.992107 0.125392 0.000000 1.5658809689597668e-38
-44.551444 4.936608 30.581917 -0.995094 0.098937 0.000000 1.5658809689597668e-38
-44.302516 3.024186 31.101916 -0.997375 0.072412 0.000000 1.5658809689597668e-38
-44.387467 1.965738 31.267520 -0.998949 0.045836 0.000000 1.5658809689597668e-38
-44.655574 0.598277 30.656984 -0.999815 0.019227 0.000000 1.5658809689597668e-38
-44.463513 -0.054428 30.451819 -0.999973 -0.007395 0.000000 1.5658809689597668e-38
-44.820421 -1.462862 30.616949 -0.999421 -0.034013 0.000000 1.5658809689597668e-38
-44.014867 -2.645310 30.750687 -0.998162 -0.060606 0.000000 1.5658809689597668e-38
-44.276817 -4.014539 31.071459 -0.996195 -0.087156 0.000000 1.5658809689597668e-38
-4.444698 44.948348 34.160875 -0.087156 0.996195 0.000000 1.5658809689597668e-38
-4.672092 44.731477 33.579207 -0.113644 0.993522 0.000000 1.5658809689597668e-38
-6.168046 44.623708 33.765580 -0.140052 0.990144 0.000000 1.5658809689597668e-38
-7.265994 44.462778 33.256526 -0.166360 0.986065 0.000000 1.5658809689597668e-38
-9.104540 44.412757 33.287127 -0.192551 0.981287 0.000000 1.5658809689597668e-38
-9.982486 43.744426 34.338136 -0.218605 0.975813 0.000000 1.5658809689597668e-38
-10.415906 43.565580 33.923181 -0.244504 0.969648 0.000000 1.5658809689597668e-38
-12.517838 43.480124 34.387195 -0.270230 0.962796 0.000000 1.5658809689597668e-38
-13.525323 43.146105 33.563395 -0.295765 0.955261 0.000000 1.5658809689597668e-38
-14.187572 41.881291 33.713315 -0.321089 0.947049 0.000000 1.5658809689597668e-38
-15.681008 42.259924 34.105217 -0.346186 0.938166 0.000000 1.5658809689597668e-38
-16.431342 41.602519 34.474200 -0.371038 0.928618 0.000000 1.5658809689597668e-38
-18.331735 41.950816 33.891102 -0.395627 0.918411 0.000000 1.5658809689597668e-38
-19.155983 40.950053 33.836100 -0.419935 0.907554 0.000000 1.5658809689597668e-38
-20.028994 40.276341 33.775972 -0.443946 0.896053 0.000000 1.5658809689597668e-38
-21.395126 39.638654 33.600960 -0.467642 0.883918 0.000000 1.5658809689597668e-38
-22.566322 39.299551 33.975896 -0.491007 0.871156 0.000000 1.5658809689597668e-38
-23.226771 39.412386 33.183018 -0.514023 0.857776 0.000000 1.5658809689597668e-38
-24.147349 38.188978 34.090855 -0.536676 0.843789 0.000000 1.5658809689597668e-38
-25.081163 37.477458 33.897949 -0.558948 0.829203 0.000000 1.5658809689597668e-38
-26.509346 37.024365 33.282491 -0.580823 0.814030 0.000000 1.5658809689597668e-38
-27.024469 36.120503 33.700035 -0.602287 0.798279 0.000000 1.5658809689597668e-38
-28.279349 35.341284 34.235345 -0.623325 0.781963 0.000000 1.5658809689597668e-38
-28.171618 34.991509 33.676556 -0.643920 0.765093 0.000000 1.5658809689597668e-38
-29.864154 34.039509 33.568606 -0.664059 0.747680 0.000000 1.5658809689597668e-38
-31.321450 33.006505 34.088466 -0.683727 0.729738 0.000000 1.5658809689597668e-38
-32.294943 31.973792 34.017949 -0.702911 0.711278 0.000000 1.5658809689597668e-38
-32.644526 31.756699 33.422744 -0.721596 0.692314 0.000000 1.5658809689597668e-38
-32.773890 29.989968 33.237405 -0.739770 0.672859 0.000000 1.5658809689597668e-38
-34.295979 29.208994 33.834527 -0.757420 0.652928 0.000000 1.5658809689597668e-38
-35.074894 28.567621 33.593431 -0.774533 0.632534 0.000000 1.5658809689597668e-38
-35.672606 27.587884 34.177253 -0.791097 0.611691 0.000000 1.5658809689597668e-38
-36.580764 26.430802 33.339841 -0.807100 0.590415 0.000000 1.5658809689597668e-38
-37.276646 25.357607 33.441165 -0.822531 0.568720 0.000000 1.5658809689597668e-38
-37.738753 24.204997 34.269812 -0.837379 0.546622 0.000000 1.5658809689597668e-38
-38.494191 23.707540 33.535724 -0.851634 0.524137 0.000000 1.5658809689597668e-38
-38.930593 22.685404 33.640325 -0.865285 0.501280 0.000000 1.5658809689597668e-38
-39.690000 21.130943 33.355556 -0.878323 0.478068 0.000000 1.5658809689597668e-38
-40.647872 20.674805 33.845176 -0.890738 0.454518 0.000000 1.5658809689597668e-38
-40.530419 19.213539 34.018554 -0.902522 0.430645 0.000000 1.5658809689597668e-38
-41.383621 18.112397 33.961746 -0.913666 0.406466 0.000000 1.5658809689597668e-38
-41.844302 17.099312 33.858754 -0.924162 0.382000 0.000000 1.5658809689597668e-38
-42.308752 16.122424 33.722376 -0.934004 0.357263 0.000000 1.5658809689597668e-38
-43.076812 15.059984 33.605340 -0.943183 0.332273 0.000000 1.5658809689597668e-38
-43.376607 13.823709 34.066362 -0.951694 0.307047 0.000000 1.5658809689597668e-38
-43.369477 12.585093 33.674750 -0.959531 0.281604 0.000000 1.5658809689597668e-38
-43.558291 10.864898 34.085363 -0.966687 0.255961 0.000000 1.5658809689597668e-38
-44.604106 9.990569 33.691874 -0.973158 0.230136 0.000000 1.5658809689597668e-38
-43.652514 9.742308 34.058100 -0.978940 0.204149 0.000000 1.5658809689597668e-38
-44.426837 7.497741 33.893181 -0.984028 0.178016 0.000000 1.5658809689597668e-38
-44.897250 6.623055 33.892595 -0.988418 0.151758 0.000000 1.5658809689597668e-38
-45.040795 5.935610 33.265367 -0.992107 0.125392 0.000000 1.5658809689597668e-38
-45.012113 4.213833 33.723263 -0.995094 0.098937 0.000000 1.5658809689597668e-38
-45.046464 2.941938 33.895423 -0.997375 0.072412 0.000000 1.5658809689597668e-38
-45.272796 1.876199 33.704982 -0.998949 0.045836 0.000000 1.5658809689597668e-38
-45.294659 0.639800 33.848282 -0.999815 0.019227 0.000000 1.5658809689597668e-38
-45.338875 -0.518076 34.323107 -0.999973 -0.007395 0.000000 1.5658809689597668e-38
-45.105902 -1.654109 33.889912 -0.999421 -0.034013 0.000000 1.5658809689597668e-38
-45.481514 -2.873840 33.750131 -0.998162 -0.060606 0.000000 1.5658809689597668e-38
-45.458483 -3.828172 33.694470 -0.996195 -0.087156 0.000000 1.5658809689597668e-38
-4.093101 45.394846 37.810804 -0.087156 0.996195 0.000000 1.5658809689597668e-38
-5.396809 44.822589 36.443097 -0.113644 0.993522 0.000000 1.5658809689597668e-38
-6.178114 45.689649 36.718538 -0.140052 0.990144 0.000000 1.5658809689597668e-38
-7.225558 45.324612 36.866233 -0.166360 0.986065 0.000000 1.5658809689597668e-38
-8.885323 44.937850 37.186314 -0.192551 0.981287 0.000000 1.5658809689597668e-38
-9.879704 44.430189 36.870815 -0.218605 0.975813 0.000000 1.5658809689597668e-38
-10.589130 44.426602 37.183875 -0.244504 0.969648 0.000000 1.5658809689597668e-38
-12.198233 44.119817 36.955687 -0.270230 0.962796 0.000000 1.5658809689597668e-38
-13.258910 43.908761 37.002245 -0.295765 0.955261 0.000000 1.5658809689597668e-38
-14.894597 43.433226 36.902975 -0.321089 0.947049 0.000000 1.5658809689597668e-38
-15.926876 43.714878 36.461362 -0.346186 0.938166 0.000000 1.5658809689597668e-38
-16.683554 42.215717 36.962436 -0.371038 0.928618 0.000000 1.5658809689597668e-38
-17.325211 41.718975 36.705915 -0.395627 0.918411 0.000000 1.5658809689597668e-38
-19.212895 41.256914 37.188294 -0.419935 0.907554 0.000000 1.5658809689597668e-38
-20.466239 41.181254 36.524320 -0.443946 0.896053 0.000000 1.5658809689597668e-38
-21.931777 40.361278 36.452525 -0.467642 0.883918 0.000000 1.5658809689597668e-38
-22.002934 39.387298 36.611771 -0.491007 0.871156 0.000000 1.5658809689597668e-38
-23.387097 39.058355 36.467561 -0.514023 0.857776 0.000000 1.5658809689597668e-38
-23.935298 38.293989 36.864200 -0.536676 0.843789 0.000000 1.5658809689597668e-38
-25.628751 38.140433 37.061783 -0.558948 0.829203 0.000000 1.5658809689597668e-38
-26.814619 37.135571 36.855000 -0.580823 0.814030 0.000000 1.5658809689597668e-38
-27.323646 36.162412 37.528510 -0.602287 0.798279 0.000000 1.5658809689597668e-38
-28.738319 35.763993 36.575080 -0.623325 0.781963 0.000000 1.5658809689597668e-38
-29.842034 34.732648 36.631920 -0.643920 0.765093 0.000000 1.5658809689597668e-38
-30.498010 33.904841 37.131743 -0.664059 0.747680 0.000000 1.5658809689597668e-38
-31.508247 33.109702 36.805186 -0.683727 0.729738 0.000000 1.5658809689597668e-38
-31.852953 32.597968 36.893170 -0.702911 0.711278 0.000000 1.5658809689597668e-38
-33.435383 31.323292 36.539554 -0.721596 0.692314 0.000000 1.5658809689597668e-38
-33.444685 30.935428 36.664591 -0.739770 0.672859 0.000000 1.5658809689597668e-38
-34.813341 29.617014 36.657319 -0.757420 0.652928 0.000000 1.5658809689597668e-38
-35.288673 28.845514 37.547427 -0.774533 0.632534 0.000000 1.5658809689597668e-38
-35.809279 28.371287 37.124484 -0.791097 0.611691 0.000000 1.5658809689597668e-38
-37.043163 27.184618 36.818427 -0.807100 0.590415 0.000000 1.5658809689597668e-38
-37.133094 26.134261 37.001785 -0.822531 0.568720 0.000000 1.5658809689597668e-38
-38.263201 25.524317 36.492952 -0.837379 0.546622 0.000000 1.5658809689597668e-38
-38.401836 23.917929 36.501232 -0.851634 0.524137 0.000000 1.5658809689597668e-38
-39.803375 22.433079 37.119174 -0.865285 0.501280 0.000000 1.5658809689597668e-38
-40.485537 21.917217 37.263342 -0.878323 0.478068 0.000000 1.5658809689597668e-38
-40.943518 20.708982 36.532067 -0.890738 0.454518 0.000000 1.5658809689597668e-38
-41.397407 20.469682 37.156457 -0.902522 0.430645 0.000000 1.5658809689597668e-38
-41.870046 18.408069 36.910287 -0.913666 0.406466 0.000000 1.5658809689597668e-38
-42.231719 17.346777 37.082095 -0.924162 0.382000 0.000000 1.5658809689597668e-38
-43.006915 16.053521 37.034136 -0.934004 0.357263 0.000000 1.5658809689597668e-38
-43.491341 15.416699 36.918793 -0.943183 0.332273 0.000000 1.5658809689597668e-38
-44.078411 14.077028 36.417533 -0.951694 0.307047 0.000000 1.5658809689597668e-38
-43.680466 12.805795 37.478402 -0.959531 0.281604 0.000000 1.5658809689597668e-38
-43.894411 11.389303 36.316855 -0.966687 0.255961 0.000000 1.5658809689597668e-38
-44.738325 10.159936 37.470798 -0.973158 0.230136 0.000000 1.5658809689597668e-38
-44.779331 9.617682 36.837568 -0.978940 0.204149 0.000000 1.5658809689597668e-38
-45.062842 8.132592 37.255039 -0.984028 0.178016 0.000000 1.5658809689597668e-38
-45.116258 6.624133 37.409831 -0.988418 0.151758 0.000000 1.5658809689597668e-38
-45.466350 5.598710 36.074225 -0.992107 0.125392 0.000000 1.5658809689597668e-38
-45.324782 4.555638 36.953055 -0.995094 0.098937 0.000000 1.5658809689597668e-38
-45.740286 3.139529 36.812203 -0.997375 0.072412 0.000000 1.5658809689597668e-38
-45.552493 2.288243 36.853767 -0.998949 0.045836 0.000000 1.5658809689597668e-38
-45.446378 0.855742 36.771809 -0.999815 0.019227 0.000000 1.5658809689597668e-38
-45.678739 -0.746078 36.992892 -0.999973 -0.007395 0.000000 1.5658809689597668e-38
-46.175704 -1.864036 36.317470 -0.999421 -0.034013 0.000000 1.5658809689597668e-38
-45.707971 -2.289182 36.887954 -0.998162 -0.060606 0.000000 1.5658809689597668e-38
-45.372386 -3.280767 37.044294 -0.996195 -0.087156 0.000000 1.5658809689597668e-38
-4.260517 45.885734 40.000197 -0.087156 0.996195 0.000000 1.5658809689597668e-38
-5.445907 45.782944 40.295576 -0.113644 0.993522 0.000000 1.5658809689597668e-38
-6.169552 45.300100 39.754549 -0.140052 0.990144 0.000000 1.5658809689597668e-38
-7.833369 45.785234 40.342923 -0.166360 0.986065 0.000000 1.5658809689597668e-38
-8.094893 45.244820 39.875281 -0.192551 0.981287 0.000000 1.5658809689597668e-38
-9.933916 44.926705 39.957711 -0.218605 0.975813 0.000000 1.5658809689597668e-38
-11.432836 44.059733 40.036970 -0.244504 0.969648 0.000000 1.5658809689597668e-38
-12.552855 44.910672 40.001647 -0.270230 0.962796 0.000000 1.5658809689597668e-38
-14.055535 44.103385 39.372675 -0.295765 0.955261 0.000000 1.5658809689597668e-38
-15.213655 43.991665 39.925798 -0.321089 0.947049 0.000000 1.5658809689597668e-38
-15.734370 42.800098 39.927262 -0.346186 0.938166 0.000000 1.5658809689597668e-38
-17.303171 43.235318 40.201829 -0.371038 0.928618 0.000000 1.5658809689597668e-38
-18.105074 42.938944 39.889574 -0.395627 0.918411 0.000000 1.5658809689597668e-38
-19.021488 41.661111 39.675737 -0.419935 0.907554 0.000000 1.5658809689597668e-38
-20.306685 40.991051 40.171830 -0.443946 0.896053 0.000000 1.5658809689597668e-38
-21.598058 41.202756 39.982167 -0.467642 0.883918 0.000000 1.5658809689597668e-38
-22.692252 40.443731 39.801205 -0.491007 0.871156 0.000000 1.5658809689597668e-38
-23.985446 39.814475 39.991214 -0.514023 0.857776 0.000000 1.5658809689597668e-38
-24.943447 39.000386 40.478368 -0.536676 0.843789 0.000000 1.5658809689597668e-38
-25.984234 38.209031 39.487767 -0.558948 0.829203 0.000000 1.5658809689597668e-38
-26.875786 37.845935 40.250859 -0.580823 0.814030 0.000000 1.5658809689597668e-38
-27.823328 37.207168 40.219369 -0.602287 0.798279 0.000000 1.5658809689597668e-38
-28.494877 36.461089 40.470993 -0.623325 0.781963 0.000000 1.5658809689597668e-38
-29.832206 34.987428 40.199116 -0.643920 0.765093 0.000000 1.5658809689597668e-38
-30.478560 35.051210 40.384387 -0.664059 0.747680 0.000000 1.5658809689597668e-38
-31.038743 33.936324 40.068643 -0.683727 0.729738 0.000000 1.5658809689597668e-38
-32.925125 32.989031 39.834249 -0.702911 0.711278 0.000000 1.5658809689597668e-38
-33.310381 32.035875 40.141520 -0.721596 0.692314 0.000000 1.5658809689597668e-38
-34.243582 31.400251 39.183054 -0.739770 0.672859 0.000000 1.5658809689597668e-38
-34.973683 30.558658 40.561015 -0.757420 0.652928 0.000000 1.5658809689597668e-38
-35.602563 29.760139 40.050681 -0.774533 0.632534 0.000000 1.5658809689597668e-38
-36.587372 28.449527 39.999042 -0.791097 0.611691 0.000000 1.5658809689597668e-38
-37.563085 27.152107 39.666354 -0.807100 0.590415 0.000000 1.5658809689597668e-38
-37.883554 26.306718 39.891914 -0.822531 0.568720 0.000000 1.5658809689597668e-38
-38.898798 25.432797 40.234134 -0.837379 0.546622 0.000000 1.5658809689597668e-38
-39.727223 23.855034 40.286353 -0.851634 0.524137 0.000000 1.5658809689597668e-38
-40.431967 23.348464 40.485073 -0.865285 0.501280 0.000000 1.5658809689597668e-38
-40.136650 22.332025 40.212643 -0.878323 0.478068 0.000000 1.5658809689597668e-38
-40.521050 20.321119 39.860699 -0.890738 0.454518 0.000000 1.5658809689597668e-38
-41.487076 19.816126 40.371933 -0.902522 0.430645 0.000000 1.5658809689597668e-38
-42.268847 18.838593 39.917598 -0.913666 0.406466 0.000000 1.5658809689597668e-38
-42.899259 17.503371 40.081350 -0.924162 0.382000 0.000000 1.5658809689597668e-38
-43.430046 16.809376 40.195968 -0.934004 0.357263 0.000000 1.5658809689597668e-38
-43.292405 15.028937 39.490157 -0.943183 0.332273 0.000000 1.5658809689597668e-38
-44.017120 15.070562 40.379863 -0.951694 0.307047 0.000000 1.5658809689597668e-38
-44.544636 13.151517 40.218276 -0.959531 0.281604 0.000000 1.5658809689597668e-38
-45.119801 12.249062 39.949773 -0.966687 0.255961 0.000000 1.5658809689597668e-38
-45.035783 10.650930 40.343362 -0.973158 0.230136 0.000000 1.5658809689597668e-38
-45.502526 8.929780 40.096887 -0.978940 0.204149 0.000000 1.5658809689597668e-38
-46.124371 8.142924 40.356062 -0.984028 0.178016 0.000000 1.5658809689597668e-38
-45.540590 7.331510 40.186105 -0.988418 0.151758 0.000000 1.5658809689597668e-38
-45.161862 5.622905 40.119440 -0.992107 0.125392 0.000000 1.5658809689597668e-38
-46.154519 4.862880 39.981528 -0.995094 0.098937 0.000000 1.5658809689597668e-38
-45.612931 3.189815 40.422138 -0.997375 0.072412 0.000000 1.5658809689597668e-38
-46.023449 2.110168 40.162733 -0.998949 0.045836 0.000000 1.5658809689597668e-38
-46.163071 0.996036 39.937939 -0.999815 0.019227 0.000000 1.5658809689597668e-38
-46.459212 -0.442558 39.495057 -0.999973 -0.007395 0.000000 1.5658809689597668e-38
-45.970655 -1.943630 39.934706 -0.999421 -0.034013 0.000000 1.5658809689597668e-38
-45.970569 -2.551192 39.467604 -0.998162 -0.060606 0.000000 1.5658809689597668e-38
-46.101559 -3.893030 40.015605 -0.996195 -0.087156 0.000000 1.5658809689597668e-38
-3.674342 46.360233 42.462211 -0.087156 0.996195 0.000000 1.5658809689597668e-38
-5.073718 46.320586 42.549361 -0.113644 0.993522 0.000000 1.5658809689597668e-38
-6.599853 46.692870 42.697947 -0.140052 0.990144 0.000000 1.5658809689597668e-38
-7.082340 45.881496 43.103026 -0.166360 0.986065 0.000000 1.5658809689597668e-38
-9.374201 45.921803 43.036799 -0.192551 0.981287 0.000000 1.5658809689597668e-38
-10.674247 46.500989 42.928322 -0.218605 0.975813 0.000000 1.5658809689597668e-38
-11.587426 45.655514 43.621200 -0.244504 0.969648 0.000000 1.5658809689597668e-38
-12.304737 44.683858 43.141096 -0.270230 0.962796 0.000000 1.5658809689597668e-38
-14.401700 44.962206 42.586367 -0.295765 0.955261 0.000000 1.5658809689597668e-38
-15.263061 44.306540 43.210425 -0.321089 0.947049 0.000000 1.5658809689597668e-38
-16.274546 44.347627 43.293895 -0.346186 0.938166 0.000000 1.5658809689597668e-38
-17.165533 43.076374 43.586733 -0.371038 0.928618 0.000000 1.5658809689597668e-38
-18.750252 43.488956 43.683582 -0.395627 0.918411 0.000000 1.5658809689597668e-38
-19.492799 42.769342 42.152047 -0.419935 0.907554 0.000000 1.5658809689597668e-38
-20.828434 42.252338 43.354276 -0.443946 0.896053 0.000000 1.5658809689597668e-38
-22.244467 41.265808 42.316013 -0.467642 0.883918 0.000000 1.5658809689597668e-38
-22.847762 40.191853 43.416066 -0.491007 0.871156 0.000000 1.5658809689597668e-38
-23.693670 39.988580 43.233306 -0.514023 0.857776 0.000000 1.5658809689597668e-38
-25.173400 39.549057 42.732745 -0.536676 0.843789 0.000000 1.5658809689597668e-38
-25.963509 38.301744 42.527944 -0.558948 0.829203 0.000000 1.5658809689597668e-38
-27.210287 38.020845 43.158614 -0.580823 0.814030 0.000000 1.5658809689597668e-38
-28.372752 37.913050 43.125105 -0.602287 0.798279 0.000000 1.5658809689597668e-38
-29.092255 36.643167 43.377796 -0.623325 0.781963 0.000000 1.5658809689597668e-38
-29.952865 35.927326 43.297718 -0.643920 0.765093 0.000000 1.5658809689597668e-38
-31.615252 34.444020 43.054105 -0.664059 0.747680 0.000000 1.5658809689597668e-38
-32.047348 34.314578 43.082928 -0.683727 0.729738 0.000000 1.5658809689597668e-38
-32.710992 32.903319 43.073700 -0.702911 0.711278 0.000000 1.5658809689597668e-38
-34.162065 32.505832 42.513438 -0.721596 0.692314 0.000000 1.5658809689597668e-38
-34.505523 31.038894 42.961865 -0.739770 0.672859 0.000000 1.5658809689597668e-38
-35.167276 30.615315 42.583225 -0.757420 0.652928 0.000000 1.5658809689597668e-38
-36.438094 29.142544 42.568496 -0.774533 0.632534 0.000000 1.5658809689597668e-38
-36.976015 28.785928 43.209105 -0.791097 0.611691 0.000000 1.5658809689597668e-38
-37.579231 27.618863 42.994906 -0.807100 0.590415 0.000000 1.5658809689597668e-38
-38.803882 26.475432 42.680519 -0.822531 0.568720 0.000000 1.5658809689597668e-38
-39.430178 25.600294 43.041581 -0.837379 0.546622 0.000000 1.5658809689597668e-38
-38.924109 24.117912 43.039393 -0.851634 0.524137 0.000000 1.5658809689597668e-38
-40.909306 23.335970 42.972795 -0.865285 0.501280 0.000000 1.5658809689597668e-38
-40.838689 22.231437 43.019527 -0.878323 0.478068 0.000000 1.5658809689597668e-38
-41.802089 20.844201 42.881292 -0.890738 0.454518 0.000000 1.5658809689597668e-38
-42.338879 20.169771 43.244607 -0.902522 0.430645 0.000000 1.5658809689597668e-38
-42.816053 18.940798 42.560679 -0.913666 0.406466 0.000000 1.5658809689597668e-38
-43.074833 17.663030 43.301060 -0.924162 0.382000 0.000000 1.5658809689597668e-38
-43.302255 16.658106 42.769930 -0.934004 0.357263 0.000000 1.5658809689597668e-38
-44.131659 15.649926 42.982267 -0.943183 0.332273 0.000000 1.5658809689597668e-38
-44.694048 14.534192 43.226197 -0.951694 0.307047 0.000000 1.5658809689597668e-38
-44.995351 12.678547 43.213837 -0.959531 0.281604 0.000000 1.5658809689597668e-38
-45.456473 12.039366 43.122270 -0.966687 0.255961 0.000000 1.5658809689597668e-38
-46.095713 10.791197 43.231283 -0.973158 0.230136 0.000000 1.5658809689597668e-38
-45.608368 9.586260 42.483767 -0.978940 0.204149 0.000000 1.5658809689597668e-38
-45.654413 8.451766 42.715927 -0.984028 0.178016 0.000000 1.5658809689597668e-38
-46.479259 7.169331 43.280858 -0.988418 0.151758 0.000000 1.5658809689597668e-38
-46.561935 6.114095 42.539093 -0.992107 0.125392 0.000000 1.5658809689597668e-38
-46.868003 4.009443 42.807702 -0.995094 0.098937 0.000000 1.5658809689597668e-38
-46.209563 4.005127 43.147300 -0.997375 0.072412 0.000000 1.5658809689597668e-38
-46.927163 2.077927 43.218925 -0.998949 0.045836 0.000000 1.5658809689597668e-38
-47.245052 0.727783 43.507391 -0.999815 0.019227 0.000000 1.5658809689597668e-38
-47.097239 -0.570700 43.080881 -0.999973 -0.007395 0.000000 1.5658809689597668e-38
-46.672794 -1.778773 43.100012 -0.999421 -0.034013 0.000000 1.5658809689597668e-38
-46.516424 -2.246987 43.039050 -0.998162 -0.060606 0.000000 1.5658809689597668e-38
-46.619165 -3.619329 42.912173 -0.996195 -0.087156 0.000000 1.5658809689597668e-38
-4.523299 47.235393 46.476699 -0.087156 0.996195 0.000000 1.5658809689597668e-38
-5.271649 47.004665 45.719328 -0.113644 0.993522 0.000000 1.5658809689597668e-38
-6.647631 47.243830 45.783611 -0.140052 0.990144 0.000000 1.5658809689597668e-38
-7.949002 46.564529 45.944535 -0.166360 0.986065 0.000000 1.5658809689597668e-38
-9.041076 46.587571 46.283694 -0.192551 0.981287 0.000000 1.5658809689597668e-38
-10.641911 45.701664 46.232563 -0.218605 0.975813 0.000000 1.5658809689597668e-38
-11.726723 46.455089 46.719199 -0.244504 0.969648 0.000000 1.5658809689597668e-38
-12.195616 45.297163 46.324657 -0.270230 0.962796 0.000000 1.5658809689597668e-38
-13.740346 45.449998 46.047527 -0.295765 0.955261 0.000000 1.5658809689597668e-38
-14.816766 44.833877 46.192278 -0.321089 0.947049 0.000000 1.5658809689597668e-38
-16.849976 44.606630 46.075723 -0.346186 0.938166 0.000000 1.5658809689597668e-38
-17.425687 44.031721 46.208127 -0.371038 0.928618 0.000000 1.5658809689597668e-38
-18.742880 43.713995 46.094178 -0.395627 0.918411 0.000000 1.5658809689597668e-38
-20.316495 43.134714 45.911144 -0.419935 0.907554 0.000000 1.5658809689597668e-38
-21.413894 42.112914 46.238846 -0.443946 0.896053 0.000000 1.5658809689597668e-38
-22.167355 41.205276 46.038749 -0.467642 0.883918 0.000000 1.5658809689597668e-38
-22.893722 41.105527 46.104203 -0.491007 0.871156 0.000000 1.5658809689597668e-38
-24.021211 40.846166 46.460371 -0.514023 0.857776 0.000000 1.5658809689597668e-38
-26.238244 40.465399 46.344766 -0.536676 0.843789 0.000000 1.5658809689597668e-38
-25.722397 39.020154 45.624811 -0.558948 0.829203 0.000000 1.5658809689597668e-38
-27.494282 38.453928 46.349945 -0.580823 0.814030 0.000000 1.5658809689597668e-38
-28.190087 37.764724 46.081634 -0.602287 0.798279 0.000000 1.5658809689597668e-38
-29.351659 36.941602 46.051852 -0.623325 0.781963 0.000000 1.5658809689597668e-38
-30.172329 36.597784 46.479036 -0.643920 0.765093 0.000000 1.5658809689597668e-38
-31.487326 34.753592 46.109384 -0.664059 0.747680 0.000000 1.5658809689597668e-38
-32.595358 34.507202 45.952519 -0.683727 0.729738 0.000000 1.5658809689597668e-38
-33.282351 33.360442 45.769631 -0.702911 0.711278 0.000000 1.5658809689597668e-38
-33.793901 32.483566 46.153946 -0.721596 0.692314 0.000000 1.5658809689597668e-38
-34.734721 32.127764 46.392301 -0.739770 0.672859 0.000000 1.5658809689597668e-38
-35.765761 31.127106 46.565773 -0.757420 0.652928 0.000000 1.5658809689597668e-38
-36.539244 29.393268 45.995286 -0.774533 0.632534 0.000000 1.5658809689597668e-38
-37.241982 28.769600 46.639878 -0.791097 0.611691 0.000000 1.5658809689597668e-38
-38.227445 27.976079 46.491269 -0.807100 0.590415 0.000000 1.5658809689597668e-38
-38.993862 26.976352 46.423583 -0.822531 0.568720 0.000000 1.5658809689597668e-38
-40.083606 25.791762 46.402592 -0.837379 0.546622 0.000000 1.5658809689597668e-38
-40.297064 25.253092 45.681069 -0.851634 0.524137 0.000000 1.5658809689597668e-38
-41.469989 23.961752 46.413588 -0.865285 0.501280 0.000000 1.5658809689597668e-38
-41.638174 22.752098 46.377408 -0.878323 0.478068 0.000000 1.5658809689597668e-38
-42.412098 21.305018 46.210764 -0.890738 0.454518 0.000000 1.5658809689597668e-38
-42.454564 20.037127 46.094462 -0.902522 0.430645 0.000000 1.5658809689597668e-38
-43.326630 19.367695 46.151237 -0.913666 0.406466 0.000000 1.5658809689597668e-38
-43.914036 18.458630 45.992069 -0.924162 0.382000 0.000000 1.5658809689597668e-38
-44.303803 16.435547 45.939758 -0.934004 0.357263 0.000000 1.5658809689597668e-38
-44.495914 15.826126 46.333701 -0.943183 0.332273 0.000000 1.5658809689597668e-38
-44.888358 15.162059 45.929489 -0.951694 0.307047 0.000000 1.5658809689597668e-38
-45.910462 13.016076 45.942751 -0.959531 0.281604 0.000000 1.5658809689597668e-38
-46.055720 12.145388 46.529643 -0.966687 0.255961 0.000000 1.5658809689597668e-38
-45.607874 11.046042 46.796228 -0.973158 0.230136 0.000000 1.5658809689597668e-38
-46.450381 9.174732 46.469800 -0.978940 0.204149 0.000000 1.5658809689597668e-38
-47.135898 8.200874 46.309880 -0.984028 0.178016 0.000000 1.5658809689597668e-38
-46.822866 7.127004 45.799609 -0.988418 0.151758 0.000000 1.5658809689597668e-38
-46.970059 6.237211 46.159837 -0.992107 0.125392 0.000000 1.5658809689597668e-38
-47.357264 4.309466 45.910968 -0.995094 0.098937 0.000000 1.5658809689597668e-38
-47.098485 3.531103 45.913694 -0.997375 0.072412 0.000000 1.5658809689597668e-38
-47.953936 2.295892 45.884534 -0.998949 0.045836 0.000000 1.5658809689597668e-38
-47.124993 0.683383 45.857476 -0.999815 0.019227 0.000000 1.5658809689597668e-38
-47.293217 0.357208 46.378555 -0.999973 -0.007395 0.000000 1.5658809689597668e-38
-47.272207 -1.502515 45.628511 -0.999421 -0.034013 0.000000 1.5658809689597668e-38
-47.590144 -3.622377 46.672808 -0.998162 -0.060606 0.000000 1.5658809689597668e-38
-46.702103 -4.008148 46.194381 -0.996195 -0.087156 0.000000 1.5658809689597668e-38
-4.641402 47.665254 49.768487 -0.087156 0.996195 0.000000 1.5658809689597668e-38
-5.405646 47.433570 48.703348 -0.113644 0.993522 0.000000 1.5658809689597668e-38
-6.296265 47.420118 48.703749 -0.140052 0.990144 0.000000 1.5658809689597668e-38
-8.248166 46.862436 49.191246 -0.166360 0.986065 0.000000 1.5658809689597668e-38
-9.163565 46.865800 49.463883 -0.192551 0.981287 0.000000 1.5658809689597668e-38
-10.450467 47.073201 49.123611 -0.218605 0.975813 0.000000 1.5658809689597668e-38
-10.801428 46.289766 48.959770 -0.244504 0.969648 0.000000 1.5658809689597668e-38
-13.255530 46.067505 48.714908 -0.270230 0.962796 0.000000 1.5658809689597668e-38
-14.082708 45.198175 49.279271 -0.295765 0.955261 0.000000 1.5658809689597668e-38
-15.789845 45.261917 49.412131 -0.321089 0.947049 0.000000 1.5658809689597668e-38
-15.895747 44.627281 49.185674 -0.346186 0.938166 0.000000 1.5658809689597668e-38
-17.994819 44.232237 49.016277 -0.371038 0.928618 0.000000 1.5658809689597668e-38
-18.708603 43.857762 49.905563 -0.395627 0.918411 0.000000 1.5658809689597668e-38
-19.995726 43.180967 49.120758 -0.419935 0.907554 0.000000 1.5658809689597668e-38
-21.511509 43.172961 48.739135 -0.443946 0.896053 0.000000 1.5658809689597668e-38
-22.808599 42.174018 49.435653 -0.467642 0.883918 0.000000 1.5658809689597668e-38
-23.155874 42.154168 49.389710 -0.491007 0.871156 0.000000 1.5658809689597668e-38
-24.653462 41.337332 48.887419 -0.514023 0.857776 0.000000 1.5658809689597668e-38
-26.267340 40.559745 48.929066 -0.536676 0.843789 0.000000 1.5658809689597668e-38
-26.800656 39.765795 49.305205 -0.558948 0.829203 0.000000 1.5658809689597668e-38
-27.547867 39.252524 49.289269 -0.580823 0.814030 0.000000 1.5658809689597668e-38
-28.990224 38.280580 49.051906 -0.602287 0.798279 0.000000 1.5658809689597668e-38
-29.924510 38.251944 49.285426 -0.623325 0.781963 0.000000 1.5658809689597668e-38
-30.717301 36.446532 49.536791 -0.643920 0.765093 0.000000 1.5658809689597668e-38
-31.589219 36.054085 49.295237 -0.664059 0.747680 0.000000 1.5658809689597668e-38
-32.449418 35.345696 49.315699 -0.683727 0.729738 0.000000 1.5658809689597668e-38
-33.713214 34.348091 48.959532 -0.702911 0.711278 0.000000 1.5658809689597668e-38
-34.789503 33.155104 48.708362 -0.721596 0.692314 0.000000 1.5658809689597668e-38
-35.196616 31.950084 49.089322 -0.739770 0.672859 0.000000 1.5658809689597668e-38
-36.354535 31.295757 49.127673 -0.757420 0.652928 0.000000 1.5658809689597668e-38
-37.130697 30.288923 49.096660 -0.774533 0.632534 0.000000 1.5658809689597668e-38
-38.136075 29.632612 48.599448 -0.791097 0.611691 0.000000 1.5658809689597668e-38
-38.732598 28.148087 49.356407 -0.807100 0.590415 0.000000 1.5658809689597668e-38
-39.846528 27.099357 49.200061 -0.822531 0.568720 0.000000 1.5658809689597668e-38
-39.800642 26.290170 48.875723 -0.837379 0.546622 0.000000 1.5658809689597668e-38
-40.950893 25.378988 48.870537 -0.851634 0.524137 0.000000 1.5658809689597668e-38
-41.482309 24.015296 49.115034 -0.865285 0.501280 0.000000 1.5658809689597668e-38
-41.274670 22.782048 49.365699 -0.878323 0.478068 0.000000 1.5658809689597668e-38
-42.908138 21.935793 49.492006 -0.890738 0.454518 0.000000 1.5658809689597668e-38
-43.419240 20.617223 48.962185 -0.902522 0.430645 0.000000 1.5658809689597668e-38
-44.120125 19.786212 49.064569 -0.913666 0.406466 0.000000 1.5658809689597668e-38
-45.003813 18.832517 48.990141 -0.924162 0.382000 0.000000 1.5658809689597668e-38
-44.825182 17.609947 49.188247 -0.934004 0.357263 0.000000 1.5658809689597668e-38
-45.240093 15.551854 48.740319 -0.943183 0.332273 0.000000 1.5658809689597668e-38
-45.648799 14.820497 49.322427 -0.951694 0.307047 0.000000 1.5658809689597668e-38
-46.118734 13.498652 48.679606 -0.959531 0.281604 0.000000 1.5658809689597668e-38
-46.179192 12.312353 49.822867 -0.966687 0.255961 0.000000 1.5658809689597668e-38
-46.625056 10.743795 49.215552 -0.973158 0.230136 0.000000 1.5658809689597668e-38
-47.002650 9.911858 49.238837 -0.978940 0.204149 0.000000 1.5658809689597668e-38
-47.526058 8.038639 49.309642 -0.984028 0.178016 0.000000 1.5658809689597668e-38
-46.943487 7.295037 49.474758 -0.988418 0.151758 0.000000 1.5658809689597668e-38
-47.231360 6.087987 48.986422 -0.992107 0.125392 0.000000 1.5658809689597668e-38
-47.619699 5.102531 49.389736 -0.995094 0.098937 0.000000 1.5658809689597668e-38
-47.563113 3.330744 49.170063 -0.997375 0.072412 0.000000 1.5658809689597668e-38
-47.898630 2.180746 49.581157 -0.998949 0.045836 0.000000 1.5658809689597668e-38
-48.608664 0.930393 49.206920 -0.999815 0.019227 0.000000 1.5658809689597668e-38
-48.323509 -0.152808 49.013419 -0.999973 -0.007395 0.000000 1.5658809689597668e-38
-47.992756 -1.075022 49.533761 -0.999421 -0.034013 0.000000 1.5658809689597668e-38
-47.652948 -2.789587 49.181365 -0.998162 -0.060606 0.000000 1.5658809689597668e-38
-47.131231 -3.935275 49.005904 -0.996195 -0.087156 0.000000 1.5658809689597668e-38
-4.647067 48.485302 52.290932 -0.087156 0.996195 0.000000 1.5658809689597668e-38
-5.940397 48.314178 52.226984 -0.113644 0.993522 0.000000 1.5658809689597668e-38
-6.633289 48.154323 52.125213 -0.140052 0.990144 0.000000 1.5658809689597668e-38
-7.878593 47.674592 52.177828 -0.166360 0.986065 0.000000 1.5658809689597668e-38
-9.498368 47.931521 52.223521 -0.192551 0.981287 0.000000 1.5658809689597668e-38
-10.190574 47.861807 52.086077 -0.218605 0.975813 0.000000 1.5658809689597668e-38
-12.734711 47.341104 52.205101 -0.244504 0.969648 0.000000 1.5658809689597668e-38
-13.365969 46.518792 52.183248 -0.270230 0.962796 0.000000 1.5658809689597668e-38
-13.955367 46.377941 52.692772 -0.295765 0.955261 0.000000 1.5658809689597668e-38
-15.424503 45.838921 52.190585 -0.321089 0.947049 0.000000 1.5658809689597668e-38
-16.621493 45.746985 52.606730 -0.346186 0.938166 0.000000 1.5658809689597668e-38
-18.073744 45.090336 52.482904 -0.371038 0.928618 0.000000 1.5658809689597668e-38
-19.303023 44.202288 52.065811 -0.395627 0.918411 0.000000 1.5658809689597668e-38
-20.439096 44.214856 52.685386 -0.419935 0.907554 0.000000 1.5658809689597668e-38
-21.938116 43.279217 52.200334 -0.443946 0.896053 0.000000 1.5658809689597668e-38
-22.442142 42.711412 52.178773 -0.467642 0.883918 0.000000 1.5658809689597668e-38
-24.237335 42.395907 52.259273 -0.491007 0.871156 0.000000 1.5658809689597668e-38
-25.126252 41.524123 52.645791 -0.514023 0.857776 0.000000 1.5658809689597668e-38
-26.330136 40.671085 52.683368 -0.536676 0.843789 0.000000 1.5658809689597668e-38
-27.086120 40.417110 52.428218 -0.558948 0.829203 0.000000 1.5658809689597668e-38
-28.180422 39.375790 52.557160 -0.580823 0.814030 0.000000 1.5658809689597668e-38
-28.862123 39.041649 51.952051 -0.602287 0.798279 0.000000 1.5658809689597668e-38
-29.839649 37.817684 52.081183 -0.623325 0.781963 0.000000 1.5658809689597668e-38
-31.280792 37.356195 52.469832 -0.643920 0.765093 0.000000 1.5658809689597668e-38
-32.283346 36.513647 52.349650 -0.664059 0.747680 0.000000 1.5658809689597668e-38
-33.332530 35.179726 52.430763 -0.683727 0.729738 0.000000 1.5658809689597668e-38
-34.115800 34.084189 52.561841 -0.702911 0.711278 0.000000 1.5658809689597668e-38
-35.141369 34.054730 51.886795 -0.721596 0.692314 0.000000 1.5658809689597668e-38
-35.932936 32.423555 52.015066 -0.739770 0.672859 0.000000 1.5658809689597668e-38
-36.880768 32.198043 52.350703 -0.757420 0.652928 0.000000 1.5658809689597668e-38
-37.802214 30.129164 51.791284 -0.774533 0.632534 0.000000 1.5658809689597668e-38
-38.528985 29.476783 52.240477 -0.791097 0.611691 0.000000 1.5658809689597668e-38
-39.825852 28.607494 52.616011 -0.807100 0.590415 0.000000 1.5658809689597668e-38
-39.405751 27.014477 52.067274 -0.822531 0.568720 0.000000 1.5658809689597668e-38
-40.869005 26.554791 51.941761 -0.837379 0.546622 0.000000 1.5658809689597668e-38
-40.799402 25.433604 52.270748 -0.851634 0.524137 0.000000 1.5658809689597668e-38
-41.488337 24.307188 52.427783 -0.865285 0.501280 0.000000 1.5658809689597668e-38
-42.823717 22.775075 52.124584 -0.878323 0.478068 0.000000 1.5658809689597668e-38
-42.544517 22.233921 52.390053 -0.890738 0.454518 0.000000 1.5658809689597668e-38
-44.065036 21.159555 51.900384 -0.902522 0.430645 0.000000 1.5658809689597668e-38
-44.782729 19.545875 52.894040 -0.913666 0.406466 0.000000 1.5658809689597668e-38
-44.252325 18.391559 52.105433 -0.924162 0.382000 0.000000 1.5658809689597668e-38
-45.791114 17.350597 52.356296 -0.934004 0.357263 0.000000 1.5658809689597668e-38
-45.507344 16.388376 52.248466 -0.943183 0.332273 0.000000 1.5658809689597668e-38
-45.990185 14.681526 52.468805 -0.951694 0.307047 0.000000 1.5658809689597668e-38
-46.689231 13.795555 52.421243 -0.959531 0.281604 0.000000 1.5658809689597668e-38
-46.863503 12.652398 51.836573 -0.966687 0.255961 0.000000 1.5658809689597668e-38
-47.517472 11.080539 51.874713 -0.973158 0.230136 0.000000 1.5658809689597668e-38
-47.600457 9.788777 52.700597 -0.978940 0.204149 0.000000 1.5658809689597668e-38
-47.682386 8.942586 52.398195 -0.984028 0.178016 0.000000 1.5658809689597668e-38
-48.098768 7.400344 52.526520 -0.988418 0.151758 0.000000 1.5658809689597668e-38
-47.758992 6.041791 51.813439 -0.992107 0.125392 0.000000 1.5658809689597668e-38
-48.777193 4.700506 51.606322 -0.995094 0.098937 0.000000 1.5658809689597668e-38
-47.833954 3.691053 52.116992 -0.997375 0.072412 0.000000 1.5658809689597668e-38
-48.781728 2.531463 51.973601 -0.998949 0.045836 0.000000 1.5658809689597668e-38
-48.796310 0.702723 52.341919 -0.999815 0.019227 0.000000 1.5658809689597668e-38
-48.312242 -0.000874 52.621184 -0.999973 -0.007395 0.000000 1.5658809689597668e-38
-48.471513 -1.343446 52.106392 -0.999421 -0.034013 0.000000 1.5658809689597668e-38
-48.956914 -3.140701 52.065814 -0.998162 -0.060606 0.000000 1.5658809689597668e-38
-48.504847 -4.514849 52.169359 -0.996195 -0.087156 0.000000 1.5658809689597668e-38
-4.092991 49.423727 54.867011 -0.087156 0.996195 0.000000 1.5658809689597668e-38
-5.965787 48.540474 55.614338 -0.113644 0.993522 0.000000 1.5658809689597668e-38
-6.937467 48.394860 55.599635 -0.140052 0.990144 0.000000 1.5658809689597668e-38
-7.880708 48.406195 55.139750 -0.166360 0.986065 0.000000 1.5658809689597668e-38
-9.372395 48.107260 55.312311 -0.192551 0.981287 0.000000 1.5658809689597668e-38
-10.886352 48.186005 55.459579 -0.218605 0.975813 0.000000 1.5658809689597668e-38
-11.693468 48.006722 55.522310 -0.244504 0.969648 0.000000 1.5658809689597668e-38
-13.419159 47.581493 55.524315 -0.270230 0.962796 0.000000 1.5658809689597668e-38
-13.739839 46.992494 55.593922 -0.295765 0.955261 0.000000 1.5658809689597668e-38
-15.677065 46.466561 55.306978 -0.321089 0.947049 0.000000 1.5658809689597668e-38
-16.908088 46.216514 55.730932 -0.346186 0.938166 0.000000 1.5658809689597668e-38
-18.123828 45.452519 55.286559 -0.371038 0.928618 0.000000 1.5658809689597668e-38
-19.820575 45.588661 55.222263 -0.395627 0.918411 0.000000 1.5658809689597668e-38
-20.326905 44.640214 55.475735 -0.419935 0.907554 0.000000 1.5658809689597668e-38
-21.831202 43.756279 55.094055 -0.443946 0.896053 0.000000 1.5658809689597668e-38
-22.440811 43.430997 55.722196 -0.467642 0.883918 0.000000 1.5658809689597668e-38
-23.690987 42.646985 55.511667 -0.491007 0.871156 0.000000 1.5658809689597668e-38
-25.222979 41.766191 55.328971 -0.514023 0.857776 0.000000 1.5658809689597668e-38
-26.172366 41.276914 55.287162 -0.536676 0.843789 0.000000 1.5658809689597668e-38
-27.494089 41.343986 54.834401 -0.558948 0.829203 0.000000 1.5658809689597668e-38
-28.365596 39.889576 55.192419 -0.580823 0.814030 0.000000 1.5658809689597668e-38
-29.653251 39.392514 55.601972 -0.602287 0.798279 0.000000 1.5658809689597668e-38
-30.546923 38.719068 55.765265 -0.623325 0.781963 0.000000 1.5658809689597668e-38
-31.368965 37.399122 55.532948 -0.643920 0.765093 0.000000 1.5658809689597668e-38
-32.452860 36.463401 54.913784 -0.664059 0.747680 0.000000 1.5658809689597668e-38
-34.175088 35.848139 55.474027 -0.683727 0.729738 0.000000 1.5658809689597668e-38
-34.864632 35.234691 55.430281 -0.702911 0.711278 0.000000 1.5658809689597668e-38
-35.022643 34.100990 55.064715 -0.721596 0.692314 0.000000 1.5658809689597668e-38
-36.182267 33.235719 55.220328 -0.739770 0.672859 0.000000 1.5658809689597668e-38
-37.618908 32.086216 55.084362 -0.757420 0.652928 0.000000 1.5658809689597668e-38
-37.690186 30.932696 55.901996 -0.774533 0.632534 0.000000 1.5658809689597668e-38
-39.476920 30.071998 55.813433 -0.791097 0.611691 0.000000 1.5658809689597668e-38
-39.892456 28.939224 55.263705 -0.807100 0.590415 0.000000 1.5658809689597668e-38
-40.588100 27.995251 54.995989 -0.822531 0.568720 0.000000 1.5658809689597668e-38
-41.145244 26.991751 55.320087 -0.837379 0.546622 0.000000 1.5658809689597668e-38
-42.111859 26.042076 55.603692 -0.851634 0.524137 0.000000 1.5658809689597668e-38
-42.794362 24.222617 55.099038 -0.865285 0.501280 0.000000 1.5658809689597668e-38
-42.958523 23.553906 55.621640 -0.878323 0.478068 0.000000 1.5658809689597668e-38
-43.829484 22.037563 55.660269 -0.890738 0.454518 0.000000 1.5658809689597668e-38
-44.476212 21.198881 54.919638 -0.902522 0.430645 0.000000 1.5658809689597668e-38
-45.028253 20.258682 55.169733 -0.913666 0.406466 0.000000 1.5658809689597668e-38
-45.128298 18.055360 55.216798 -0.924162 0.382000 0.000000 1.5658809689597668e-38
-45.907235 18.062938 55.033897 -0.934004 0.357263 0.000000 1.5658809689597668e-38
-46.105208 16.630334 55.168168 -0.943183 0.332273 0.000000 1.5658809689597668e-38
-46.836420 15.117258 54.940170 -0.951694 0.307047 0.000000 1.5658809689597668e-38
-47.245633 14.208434 55.541412 -0.959531 0.281604 0.000000 1.5658809689597668e-38
-47.507478 12.600553 55.558887 -0.966687 0.255961 0.000000 1.5658809689597668e-38
-47.546440 11.131832 55.845032 -0.973158 0.230136 0.000000 1.5658809689597668e-38
-47.667105 10.226050 55.131727 -0.978940 0.204149 0.000000 1.5658809689597668e-38
-48.617858 8.641904 55.402845 -0.984028 0.178016 0.000000 1.5658809689597668e-38
-49.057878 7.599110 55.770854 -0.988418 0.151758 0.000000 1.5658809689597668e-38
-48.535532 5.953423 55.146294 -0.992107 0.125392 0.000000 1.5658809689597668e-38
-48.765139 4.811421 55.517528 -0.995094 0.098937 0.000000 1.5658809689597668e-38
-48.786572 3.882710 55.044978 -0.997375 0.072412 0.000000 1.5658809689597668e-38
-48.977889 2.141311 55.355025 -0.998949 0.045836 0.000000 1.5658809689597668e-38
-48.827577 1.235907 55.804148 -0.999815 0.019227 0.000000 1.5658809689597668e-38
-48.966955 -0.396089 55.308752 -0.999973 -0.007395 0.000000 1.5658809689597668e-38
-49.587995 -1.267960 55.288046 -0.999421 -0.034013 0.000000 1.5658809689597668e-38
-48.853957 -2.771794 55.011021 -0.998162 -0.060606 0.000000 1.5658809689597668e-38
-49.186154 -3.814890 55.471746 -0.996195 -0.087156 0.000000 1.5658809689597668e-38
-4.505642 49.470985 58.787410 -0.087156 0.996195 0.000000 1.5658809689597668e-38
-5.367590 48.936214 58.951824 -0.113644 0.993522 0.000000 1.5658809689597668e-38
-6.670454 49.162448 58.104022 -0.140052 0.990144 0.000000 1.5658809689597668e-38
-7.951577 49.148393 58.024199 -0.166360 0.986065 0.000000 1.5658809689597668e-38
-9.639024 49.705857 58.466489 -0.192551 0.981287 0.000000 1.5658809689597668e-38
-11.086830 48.193431 58.993168 -0.218605 0.975813 0.000000 1.5658809689597668e-38
-11.897049 48.611813 58.535994 -0.244504 0.969648 0.000000 1.5658809689597668e-38
-13.053697 47.594532 58.510316 -0.270230 0.962796 0.000000 1.5658809689597668e-38
-14.612793 47.889294 58.557191 -0.295765 0.955261 0.000000 1.5658809689597668e-38
-16.145151 47.085665 57.958615 -0.321089 0.947049 0.000000 1.5658809689597668e-38
-17.901066 46.874368 58.349115 -0.346186 0.938166 0.000000 1.5658809689597668e-38
-18.518284 46.399726 58.880642 -0.371038 0.928618 0.000000 1.5658809689597668e-38
-19.501527 46.221630 58.612345 -0.395627 0.918411 0.000000 1.5658809689597668e-38
-20.779287 45.175740 58.075890 -0.419935 0.907554 0.000000 1.5658809689597668e-38
-21.776438 43.798431 58.285663 -0.443946 0.896053 0.000000 1.5658809689597668e-38
-23.234006 43.692025 58.326012 -0.467642 0.883918 0.000000 1.5658809689597668e-38
-23.850248 43.625909 58.255790 -0.491007 0.871156 0.000000 1.5658809689597668e-38
-25.686810 42.246662 58.673037 -0.514023 0.857776 0.000000 1.5658809689597668e-38
-26.746636 41.344669 58.491774 -0.536676 0.843789 0.000000 1.5658809689597668e-38
-27.646889 41.498675 58.439532 -0.558948 0.829203 0.000000 1.5658809689597668e-38
-28.977564 41.051528 58.463514 -0.580823 0.814030 0.000000 1.5658809689597668e-38
-29.716615 39.511028 58.668511 -0.602287 0.798279 0.000000 1.5658809689597668e-38
-31.414677 38.723391 58.099056 -0.623325 0.781963 0.000000 1.5658809689597668e-38
-32.183030 38.398730 58.277841 -0.643920 0.765093 0.000000 1.5658809689597668e-38
-32.786927 37.613396 58.453265 -0.664059 0.747680 0.000000 1.5658809689597668e-38
-33.681750 36.425833 58.496470 -0.683727 0.729738 0.000000 1.5658809689597668e-38
-34.708176 35.901074 58.270358 -0.702911 0.711278 0.000000 1.5658809689597668e-38
-36.149663 34.101249 58.759867 -0.721596 0.692314 0.000000 1.5658809689597668e-38
-36.426305 33.278656 57.820734 -0.739770 0.672859 0.000000 1.5658809689597668e-38
-37.844697 32.613566 58.441522 -0.757420 0.652928 0.000000 1.5658809689597668e-38
-38.438641 31.278650 58.765765 -0.774533 0.632534 0.000000 1.5658809689597668e-38
-39.212980 30.575755 58.509258 -0.791097 0.611691 0.000000 1.5658809689597668e-38
-39.953953 29.480003 58.183116 -0.807100 0.590415 0.000000 1.5658809689597668e-38
-40.766240 28.501703 58.808081 -0.822531 0.568720 0.000000 1.5658809689597668e-38
-41.491249 26.876461 58.218143 -0.837379 0.546622 0.000000 1.5658809689597668e-38
-42.455052 26.105406 58.424868 -0.851634 0.524137 0.000000 1.5658809689597668e-38
-43.340054 24.573719 57.831982 -0.865285 0.501280 0.000000 1.5658809689597668e-38
-44.586724 23.719511 59.157608 -0.878323 0.478068 0.000000 1.5658809689597668e-38
-43.728857 22.295147 58.506509 -0.890738 0.454518 0.000000 1.5658809689597668e-38
-45.292897 21.008544 58.102297 -0.902522 0.430645 0.000000 1.5658809689597668e-38
-45.475014 20.145831 58.537349 -0.913666 0.406466 0.000000 1.5658809689597668e-38
-45.730058 18.883578 58.472399 -0.924162 0.382000 0.000000 1.5658809689597668e-38
-46.746271 17.351910 58.011847 -0.934004 0.357263 0.000000 1.5658809689597668e-38
-46.679557 16.411920 57.900202 -0.943183 0.332273 0.000000 1.5658809689597668e-38
-47.316239 14.884975 58.959652 -0.951694 0.307047 0.000000 1.5658809689597668e-38
-47.860416 14.199586 58.788227 -0.959531 0.281604 0.000000 1.5658809689597668e-38
-48.328906 12.743542 58.627579 -0.966687 0.255961 0.000000 1.5658809689597668e-38
-48.329370 11.545635 58.062650 -0.973158 0.230136 0.000000 1.5658809689597668e-38
-48.485151 9.999927 58.566374 -0.978940 0.204149 0.000000 1.5658809689597668e-38
-48.628209 9.047699 58.566154 -0.984028 0.178016 0.000000 1.5658809689597668e-38
-48.929749 7.748589 58.910189 -0.988418 0.151758 0.000000 1.5658809689597668e-38
-49.315968 6.280916 58.741159 -0.992107 0.125392 0.000000 1.5658809689597668e-38
-49.601288 4.516395 58.609508 -0.995094 0.098937 0.000000 1.5658809689597668e-38
-49.629345 3.236479 58.611701 -0.997375 0.072412 0.000000 1.5658809689597668e-38
-49.216432 1.789025 58.768236 -0.998949 0.045836 0.000000 1.5658809689597668e-38
-50.449939 0.835458 59.013693 -0.999815 0.019227 0.000000 1.5658809689597668e-38
-49.795144 -0.340555 58.690398 -0.999973 -0.007395 0.000000 1.5658809689597668e-38
-50.184192 -1.668728 58.480802 -0.999421 -0.034013 0.000000 1.5658809689597668e-38
-49.047954 -3.382701 58.347077 -0.998162 -0.060606 0.000000 1.5658809689597668e-38
-49.787396 -4.641790 58.799759 -0.996195 -0.087156 0.000000 1.5658809689597668e-38
-4.376112 49.943910 61.383108 -0.087156 0.996195 0.000000 1.5658809689597668e-38
-5.885492 49.833973 61.159128 -0.113644 0.993522 0.000000 1.5658809689597668e-38
-7.122507 49.698465 61.311123 -0.140052 0.990144 0.000000 1.5658809689597668e-38
-8.321745 49.673004 61.371467 -0.166360 0.986065 0.000000 1.5658809689597668e-38
-9.728939 50.008279 62.174592 -0.192551 0.981287 0.000000 1.5658809689597668e-38
-11.312501 48.811026 61.220641 -0.218605 0.975813 0.000000 1.5658809689597668e-38
-11.981939 48.655680 61.610364 -0.244504 0.969648 0.000000 1.5658809689597668e-38
-12.994028 48.427407 61.750336 -0.270230 0.962796 0.000000 1.5658809689597668e-38
-14.721421 47.875062 61.856210 -0.295765 0.955261 0.000000 1.5658809689597668e-38
-16.406342 48.040414 61.362226 -0.321089 0.947049 0.000000 1.5658809689597668e-38
-17.557259 46.865061 61.261184 -0.346186 0.938166 0.000000 1.5658809689597668e-38
-18.791992 45.981913 61.468462 -0.371038 0.928618 0.000000 1.5658809689597668e-38
-20.053220 46.434922 61.665356 -0.395627 0.918411 0.000000 1.5658809689597668e-38
-21.335879 45.514211 61.468076 -0.419935 0.907554 0.000000 1.5658809689597668e-38
-21.885589 44.826586 61.322533 -0.443946 0.896053 0.000000 1.5658809689597668e-38
-23.861911 44.018219 61.630563 -0.467642 0.883918 0.000000 1.5658809689597668e-38
-24.637752 44.205699 61.850884 -0.491007 0.871156 0.000000 1.5658809689597668e-38
-25.137270 43.125688 61.460303 -0.514023 0.857776 0.000000 1.5658809689597668e-38
-27.385928 42.653222 61.574022 -0.536676 0.843789 0.000000 1.5658809689597668e-38
-27.920801 41.368825 61.643943 -0.558948 0.829203 0.000000 1.5658809689597668e-38
-29.155014 40.989024 61.333482 -0.580823 0.814030 0.000000 1.5658809689597668e-38
-29.939461 40.770134 61.205358 -0.602287 0.798279 0.000000 1.5658809689597668e-38
-31.138337 38.470954 61.739045 -0.623325 0.781963 0.000000 1.5658809689597668e-38
-32.951505 38.328207 61.144554 -0.643920 0.765093 0.000000 1.5658809689597668e-38
-33.468172 37.861445 60.981268 -0.664059 0.747680 0.000000 1.5658809689597668e-38
-34.500687 36.553250 62.012776 -0.683727 0.729738 0.000000 1.5658809689597668e-38
-35.228293 35.425531 61.397073 -0.702911 0.711278 0.000000 1.5658809689597668e-38
-35.830907 35.039083 61.262991 -0.721596 0.692314 0.000000 1.5658809689597668e-38
-37.292050 33.775634 61.377067 -0.739770 0.672859 0.000000 1.5658809689597668e-38
-38.612807 32.640285 61.955221 -0.757420 0.652928 0.000000 1.5658809689597668e-38
-39.074898 31.786721 61.580619 -0.774533 0.632534 0.000000 1.5658809689597668e-38
-39.128309 30.771933 61.866645 -0.791097 0.611691 0.000000 1.5658809689597668e-38
-40.778197 29.621216 61.542227 -0.807100 0.590415 0.000000 1.5658809689597668e-38
-41.607199 28.546636 61.804877 -0.822531 0.568720 0.000000 1.5658809689597668e-38
-42.361959 27.496217 61.751082 -0.837379 0.546622 0.000000 1.5658809689597668e-38
-43.086225 26.693764 61.560327 -0.851634 0.524137 0.000000 1.5658809689597668e-38
-43.575094 24.612959 61.426378 -0.865285 0.501280 0.000000 1.5658809689597668e-38
-44.069901 24.571398 61.708828 -0.878323 0.478068 0.000000 1.5658809689597668e-38
-44.468022 22.500409 61.500415 -0.890738 0.454518 0.000000 1.5658809689597668e-38
-45.032413 21.395962 61.828028 -0.902522 0.430645 0.000000 1.5658809689597668e-38
-45.739214 20.528487 61.439851 -0.913666 0.406466 0.000000 1.5658809689597668e-38
-46.783095 19.747980 61.728020 -0.924162 0.382000 0.000000 1.5658809689597668e-38
-46.880070 17.847187 61.549823 -0.934004 0.357263 0.000000 1.5658809689597668e-38
-47.394588 16.833944 61.758764 -0.943183 0.332273 0.000000 1.5658809689597668e-38
-48.106866 15.005095 61.563746 -0.951694 0.307047 0.000000 1.5658809689597668e-38
-48.790481 14.068121 61.385705 -0.959531 0.281604 0.000000 1.5658809689597668e-38
-48.478771 13.470104 60.955084 -0.966687 0.255961 0.000000 1.5658809689597668e-38
-48.269556 11.506382 61.642804 -0.973158 0.230136 0.000000 1.5658809689597668e-38
-49.667080 10.568141 61.550903 -0.978940 0.204149 0.000000 1.5658809689597668e-38
-49.516988 8.373360 61.560601 -0.984028 0.178016 0.000000 1.5658809689597668e-38
-49.465633 7.562842 61.890721 -0.988418 0.151758 0.000000 1.5658809689597668e-38
-49.565107 6.115136 62.016996 -0.992107 0.125392 0.000000 1.5658809689597668e-38
-50.041609 4.991656 61.568156 -0.995094 0.098937 0.000000 1.5658809689597668e-38
-50.149147 2.853433 61.482810 -0.997375 0.072412 0.000000 1.5658809689597668e-38
-50.658310 2.793533 62.014286 -0.998949 0.045836 0.000000 1.5658809689597668e-38
-50.037114 0.895617 61.236057 -0.999815 0.019227 0.000000 1.5658809689597668e-38
-50.497893 0.210789 61.330802 -0.999973 -0.007395 0.000000 1.5658809689597668e-38
-50.979569 -1.401850 61.988612 -0.999421 -0.034013 0.000000 1.5658809689597668e-38
-49.711764 -2.737080 61.898917 -0.998162 -0.060606 0.000000 1.5658809689597668e-38
-50.094700 -5.006996 61.546826 -0.996195 -0.087156 0.000000 1.5658809689597668e-38
-4.250106 50.669739 64.561134 -0.087156 0.996195 0.000000 1.5658809689597668e-38
-6.074176 50.273723 65.166829 -0.113644 0.993522 0.000000 1.5658809689597668e-38
-6.566900 50.401529 64.699842 -0.140052 0.990144 0.000000 1.5658809689597668e-38
-8.762671 50.387451 65.143279 -0.166360 0.986065 0.000000 1.5658809689597668e-38
-10.260390 50.090621 64.777091 -0.192551 0.981287 0.000000 1.5658809689597668e-38
-10.969599 50.165675 65.226190 -0.218605 0.975813 0.000000 1.5658809689597668e-38
-12.516299 49.560949 64.640655 -0.244504 0.969648 0.000000 1.5658809689597668e-38
-13.945440 49.091423 64.816834 -0.270230 0.962796 0.000000 1.5658809689597668e-38
-14.990528 48.362269 64.476316 -0.295765 0.955261 0.000000 1.5658809689597668e-38
-16.481510 47.955869 64.709446 -0.321089 0.947049 0.000000 1.5658809689597668e-38
-17.496850 48.050267 64.358098 -0.346186 0.938166 0.000000 1.5658809689597668e-38
-19.060582 47.736744 64.566036 -0.371038 0.928618 0.000000 1.5658809689597668e-38
-20.129968 46.698299 64.955294 -0.395627 0.918411 0.000000 1.5658809689597668e-38
-21.024859 46.532114 64.623355 -0.419935 0.907554 0.000000 1.5658809689597668e-38
-22.860376 46.190293 64.872277 -0.443946 0.896053 0.000000 1.5658809689597668e-38
-23.941869 45.422122 64.454702 -0.467642 0.883918 0.000000 1.5658809689597668e-38
-24.571013 44.788818 64.338940 -0.491007 0.871156 0.000000 1.5658809689597668e-38
-25.991335 43.898915 65.399857 -0.514023 0.857776 0.000000 1.5658809689597668e-38
-27.541645 43.381998 64.620588 -0.536676 0.843789 0.000000 1.5658809689597668e-38
-28.825094 42.173772 64.616124 -0.558948 0.829203 0.000000 1.5658809689597668e-38
-29.883914 41.531036 64.902727 -0.580823 0.814030 0.000000 1.5658809689597668e-38
-30.587394 40.473077 64.570843 -0.602287 0.798279 0.000000 1.5658809689597668e-38
-31.731093 39.870271 64.948334 -0.623325 0.781963 0.000000 1.5658809689597668e-38
-32.696536 38.525497 64.446688 -0.643920 0.765093 0.000000 1.5658809689597668e-38
-33.753466 38.397171 65.004739 -0.664059 0.747680 0.000000 1.5658809689597668e-38
-34.272063 37.185769 64.844377 -0.683727 0.729738 0.000000 1.5658809689597668e-38
-36.217334 36.335872 64.292805 -0.702911 0.711278 0.000000 1.5658809689597668e-38
-36.750923 36.150519 64.706451 -0.721596 0.692314 0.000000 1.5658809689597668e-38
-37.916437 34.373586 64.460262 -0.739770 0.672859 0.000000 1.5658809689597668e-38
-38.843957 33.867596 64.935428 -0.757420 0.652928 0.000000 1.5658809689597668e-38
-39.323186 32.080954 64.522148 -0.774533 0.632534 0.000000 1.5658809689597668e-38
-39.807271 31.229501 63.690543 -0.791097 0.611691 0.000000 1.5658809689597668e-38
-40.358360 30.109402 64.718395 -0.807100 0.590415 0.000000 1.5658809689597668e-38
-41.544139 29.089759 64.839457 -0.822531 0.568720 0.000000 1.5658809689597668e-38
-42.753094 27.456335 64.699454 -0.837379 0.546622 0.000000 1.5658809689597668e-38
-42.922110 26.486346 64.396977 -0.851634 0.524137 0.000000 1.5658809689597668e-38
-43.680179 25.380016 64.492217 -0.865285 0.501280 0.000000 1.5658809689597668e-38
-44.822099 24.316112 64.143293 -0.878323 0.478068 0.000000 1.5658809689597668e-38
-45.503940 23.205884 64.682356 -0.890738 0.454518 0.000000 1.5658809689597668e-38
-45.594584 22.473361 65.069130 -0.902522 0.430645 0.000000 1.5658809689597668e-38
-46.234868 20.646155 64.428464 -0.913666 0.406466 0.000000 1.5658809689597668e-38
-47.038217 19.621015 64.861966 -0.924162 0.382000 0.000000 1.5658809689597668e-38
-47.357628 18.149773 64.851443 -0.934004 0.357263 0.000000 1.5658809689597668e-38
-47.633567 17.178068 64.605781 -0.943183 0.332273 0.000000 1.5658809689597668e-38
-48.695229 15.372656 64.411019 -0.951694 0.307047 0.000000 1.5658809689597668e-38
-48.766860 14.490695 64.191025 -0.959531 0.281604 0.000000 1.5658809689597668e-38
-49.359470 13.102407 64.345481 -0.966687 0.255961 0.000000 1.5658809689597668e-38
-49.407511 11.622625 64.398359 -0.973158 0.230136 0.000000 1.5658809689597668e-38
-49.816021 10.509667 64.360826 -0.978940 0.204149 0.000000 1.5658809689597668e-38
-50.163746 9.202051 64.386758 -0.984028 0.178016 0.000000 1.5658809689597668e-38
-50.811766 7.264116 64.489969 -0.988418 0.151758 0.000000 1.5658809689597668e-38
-50.897780 6.278637 65.114867 -0.992107 0.125392 0.000000 1.5658809689597668e-38
-51.067854 4.951514 65.255076 -0.995094 0.098937 0.000000 1.5658809689597668e-38
-50.647953 3.575751 64.568320 -0.997375 0.072412 0.000000 1.5658809689597668e-38
-50.721716 2.841959 64.456129 -0.998949 0.045836 0.000000 1.5658809689597668e-38
-51.121898 0.565090 64.646313 -0.999815 0.019227 0.000000 1.5658809689597668e-38
-51.324339 -0.515590 64.342780 -0.999973 -0.007395 0.000000 1.5658809689597668e-38
-50.552335 -1.883896 64.734464 -0.999421 -0.034013 0.000000 1.5658809689597668e-38
-51.291680 -3.045619 64.254437 -0.998162 -0.060606 0.000000 1.5658809689597668e-38
-50.838014 -3.773217 64.895037 -0.996195 -0.087156 0.000000 1.5658809689597668e-38
-4.527061 52.263901 67.417755 -0.087156 0.996195 0.000000 1.5658809689597668e-38
-5.503127 50.706748 67.619131 -0.113644 0.993522 0.000000 1.5658809689597668e-38
-7.617035 51.069798 67.709099 -0.140052 0.990144 0.000000 1.5658809689597668e-38
-8.659891 51.110156 67.522178 -0.166360 0.986065 0.000000 1.5658809689597668e-38
-9.818358 50.782634 67.247341 -0.192551 0.981287 0.000000 1.5658809689597668e-38
-11.482731 50.270737 67.881354 -0.218605 0.975813 0.000000 1.5658809689597668e-38
-12.165648 49.872305 67.597366 -0.244504 0.969648 0.000000 1.5658809689597668e-38
-14.178687 49.683161 67.603172 -0.270230 0.962796 0.000000 1.5658809689597668e-38
-15.314142 49.167952 67.857796 -0.295765 0.955261 0.000000 1.5658809689597668e-38
-16.705280 48.541555 67.821825 -0.321089 0.947049 0.000000 1.5658809689597668e-38
-18.736386 48.134613 67.346915 -0.346186 0.938166 0.000000 1.5658809689597668e-38
-18.747562 47.691705 67.524093 -0.371038 0.928618 0.000000 1.5658809689597668e-38
-20.389454 47.119746 67.571513 -0.395627 0.918411 0.000000 1.5658809689597668e-38
-21.597620 46.612594 67.563542 -0.419935 0.907554 0.000000 1.5658809689597668e-38
-23.166359 45.800792 67.710499 -0.443946 0.896053 0.000000 1.5658809689597668e-38
-23.991684 45.093493 67.920290 -0.467642 0.883918 0.000000 1.5658809689597668e-38
-25.057733 45.157094 67.782274 -0.491007 0.871156 0.000000 1.5658809689597668e-38
-26.281182 44.831144 67.601851 -0.514023 0.857776 0.000000 1.5658809689597668e-38
-27.952611 42.995056 68.219010 -0.536676 0.843789 0.000000 1.5658809689597668e-38
-28.255275 42.426732 67.474111 -0.558948 0.829203 0.000000 1.5658809689597668e-38
-30.009713 42.289959 67.306117 -0.580823 0.814030 0.000000 1.5658809689597668e-38
-31.607904 41.761793 67.786020 -0.602287 0.798279 0.000000 1.5658809689597668e-38
-31.965012 40.209724 67.832043 -0.623325 0.781963 0.000000 1.5658809689597668e-38
-33.616264 39.150154 67.723855 -0.643920 0.765093 0.000000 1.5658809689597668e-38
-34.880430 38.414921 67.583058 -0.664059 0.747680 0.000000 1.5658809689597668e-38
-35.302891 37.416306 67.393540 -0.683727 0.729738 0.000000 1.5658809689597668e-38
-36.746658 36.674372 67.602270 -0.702911 0.711278 0.000000 1.5658809689597668e-38
-37.574939 35.673063 67.603823 -0.721596 0.692314 0.000000 1.5658809689597668e-38
-38.236627 34.005317 67.897138 -0.739770 0.672859 0.000000 1.5658809689597668e-38
-39.377199 33.644889 67.449827 -0.757420 0.652928 0.000000 1.5658809689597668e-38
-40.005217 32.921285 67.851793 -0.774533 0.632534 0.000000 1.5658809689597668e-38
-40.402630 31.601313 67.811151 -0.791097 0.611691 0.000000 1.5658809689597668e-38
-42.100150 30.311212 67.624835 -0.807100 0.590415 0.000000 1.5658809689597668e-38
-41.993415 29.137322 67.771766 -0.822531 0.568720 0.000000 1.5658809689597668e-38
-43.057468 28.498454 67.652184 -0.837379 0.546622 0.000000 1.5658809689597668e-38
-43.610975 26.481701 67.208102 -0.851634 0.524137 0.000000 1.5658809689597668e-38
-45.247343 26.051832 67.894408 -0.865285 0.501280 0.000000 1.5658809689597668e-38
-44.964735 24.417406 67.523243 -0.878323 0.478068 0.000000 1.5658809689597668e-38
-45.909481 23.840852 68.200456 -0.890738 0.454518 0.000000 1.5658809689597668e-38
-46.241894 22.277585 68.092923 -0.902522 0.430645 0.000000 1.5658809689597668e-38
-47.130714 20.815815 67.653601 -0.913666 0.406466 0.000000 1.5658809689597668e-38
-47.888150 19.620575 67.357085 -0.924162 0.382000 0.000000 1.5658809689597668e-38
-47.793874 18.562220 68.121176 -0.934004 0.357263 0.000000 1.5658809689597668e-38
-49.062909 17.682619 67.220565 -0.943183 0.332273 0.000000 1.5658809689597668e-38
-49.371936 15.626731 68.084624 -0.951694 0.307047 0.000000 1.5658809689597668e-38
-49.348352 14.429488 67.454519 -0.959531 0.281604 0.000000 1.5658809689597668e-38
-50.197359 13.521805 67.931899 -0.966687 0.255961 0.000000 1.5658809689597668e-38
-49.712113 11.971099 66.899677 -0.973158 0.230136 0.000000 1.5658809689597668e-38
-50.788969 10.653151 67.581393 -0.978940 0.204149 0.000000 1.5658809689597668e-38
-50.845260 8.836907 67.976585 -0.984028 0.178016 0.000000 1.5658809689597668e-38
-50.766844 7.965919 67.502227 -0.988418 0.151758 0.000000 1.5658809689597668e-38
-51.040830 6.056379 67.653359 -0.992107 0.125392 0.000000 1.5658809689597668e-38
-52.005896 4.624844 67.595614 -0.995094 0.098937 0.000000 1.5658809689597668e-38
-50.652459 3.189014 67.319234 -0.997375 0.072412 0.000000 1.5658809689597668e-38
-51.381033 2.891380 67.752959 -0.998949 0.045836 0.000000 1.5658809689597668e-38
-51.280030 0.888914 67.539121 -0.999815 0.019227 0.000000 1.5658809689597668e-38
-51.474129 -0.578351 67.909588 -0.999973 -0.007395 0.000000 1.5658809689597668e-38
-51.952277 -1.484658 67.704102 -0.999421 -0.034013 0.000000 1.5658809689597668e-38
-51.469941 -3.614097 67.398371 -0.998162 -0.060606 0.000000 1.5658809689597668e-38
-50.944623 -4.551117 67.775827 -0.996195 -0.087156 0.000000 1.5658809689597668e-38
-4.803509 51.879709 70.357585 -0.087156 0.996195 0.000000 1.5658809689597668e-38
-5.889372 51.860381 70.865415 -0.113644 0.993522 0.000000 1.5658809689597668e-38
-7.565905 51.470659 70.930389 -0.140052 0.990144 0.000000 1.5658809689597668e-38
-8.728583 51.274613 71.340271 -0.166360 0.986065 0.000000 1.5658809689597668e-38
-10.314629 51.436058 70.422827 -0.192551 0.981287 0.000000 1.5658809689597668e-38
-11.189970 51.039278 70.616121 -0.218605 0.975813 0.000000 1.5658809689597668e-38
-13.100649 49.914578 70.584697 -0.244504 0.969648 0.000000 1.5658809689597668e-38
-13.917516 49.825498 70.798315 -0.270230 0.962796 0.000000 1.5658809689597668e-38
-15.848309 49.686154 70.425118 -0.295765 0.955261 0.000000 1.5658809689597668e-38
-16.747854 49.178264 70.412121 -0.321089 0.947049 0.000000 1.5658809689597668e-38
-18.229347 48.585645 70.375053 -0.346186 0.938166 0.000000 1.5658809689597668e-38
-19.001307 48.260510 70.108563 -0.371038 0.928618 0.000000 1.5658809689597668e-38
-20.793862 48.111363 70.540823 -0.395627 0.918411 0.000000 1.5658809689597668e-38
-21.423697 47.014432 70.920253 -0.419935 0.907554 0.000000 1.5658809689597668e-38
-22.812667 46.807465 70.356883 -0.443946 0.896053 0.000000 1.5658809689597668e-38
-24.640648 46.391324 70.527847 -0.467642 0.883918 0.000000 1.5658809689597668e-38
-25.282189 45.246481 70.811662 -0.491007 0.871156 0.000000 1.5658809689597668e-38
-27.189582 44.496189 70.506639 -0.514023 0.857776 0.000000 1.5658809689597668e-38
-27.885951 43.978063 70.908026 -0.536676 0.843789 0.000000 1.5658809689597668e-38
-29.260856 42.911319 70.824049 -0.558948 0.829203 0.000000 1.5658809689597668e-38
-30.562009 42.723587 70.734874 -0.580823 0.814030 0.000000 1.5658809689597668e-38
-31.468963 41.718333 70.746321 -0.602287 0.798279 0.000000 1.5658809689597668e-38
-32.964293 40.411400 71.086543 -0.623325 0.781963 0.000000 1.5658809689597668e-38
-33.514456 39.346639 70.874864 -0.643920 0.765093 0.000000 1.5658809689597668e-38
-34.756370 38.681795 70.425769 -0.664059 0.747680 0.000000 1.5658809689597668e-38
-35.313069 37.419927 70.517971 -0.683727 0.729738 0.000000 1.5658809689597668e-38
-36.576224 37.521578 70.935388 -0.702911 0.711278 0.000000 1.5658809689597668e-38
-37.839333 36.519108 70.362694 -0.721596 0.692314 0.000000 1.5658809689597668e-38
-38.452549 35.193312 70.504896 -0.739770 0.672859 0.000000 1.5658809689597668e-38
-39.242186 33.854643 70.977773 -0.757420 0.652928 0.000000 1.5658809689597668e-38
-40.894693 33.047032 70.645599 -0.774533 0.632534 0.000000 1.5658809689597668e-38
-40.860660 31.847722 71.144000 -0.791097 0.611691 0.000000 1.5658809689597668e-38
-41.886839 30.714459 71.005532 -0.807100 0.590415 0.000000 1.5658809689597668e-38
-42.604660 29.764283 70.081540 -0.822531 0.568720 0.000000 1.5658809689597668e-38
-43.911035 28.886944 70.392447 -0.837379 0.546622 0.000000 1.5658809689597668e-38
-44.094003 27.512470 70.551505 -0.851634 0.524137 0.000000 1.5658809689597668e-38
-45.668345 25.939333 71.392635 -0.865285 0.501280 0.000000 1.5658809689597668e-38
-46.007849 24.662695 70.469956 -0.878323 0.478068 0.000000 1.5658809689597668e-38
-46.031094 23.601414 70.581459 -0.890738 0.454518 0.000000 1.5658809689597668e-38
-46.585267 22.604674 70.493444 -0.902522 0.430645 0.000000 1.5658809689597668e-38
-47.956845 21.518915 70.774267 -0.913666 0.406466 0.000000 1.5658809689597668e-38
-48.601219 19.362162 70.434419 -0.924162 0.382000 0.000000 1.5658809689597668e-38
-49.020958 17.994804 70.439379 -0.934004 0.357263 0.000000 1.5658809689597668e-38
-49.402967 17.168163 71.277104 -0.943183 0.332273 0.000000 1.5658809689597668e-38
-49.650606 15.942769 70.922007 -0.951694 0.307047 0.000000 1.5658809689597668e-38
-50.049925 14.787825 70.853415 -0.959531 0.281604 0.000000 1.5658809689597668e-38
-50.314705 14.162061 71.042569 -0.966687 0.255961 0.000000 1.5658809689597668e-38
-51.013062 12.098081 70.531710 -0.973158 0.230136 0.000000 1.5658809689597668e-38
-50.855807 10.220854 70.436897 -0.978940 0.204149 0.000000 1.5658809689597668e-38
-51.151507 9.571571 70.920024 -0.984028 0.178016 0.000000 1.5658809689597668e-38
-51.227112 8.016704 70.820980 -0.988418 0.151758 0.000000 1.5658809689597668e-38
-51.826634 6.775144 71.076695 -0.992107 0.125392 0.000000 1.5658809689597668e-38
-51.850013 5.118221 71.246653 -0.995094 0.098937 0.000000 1.5658809689597668e-38
-51.956020 3.794408 70.914499 -0.997375 0.072412 0.000000 1.5658809689597668e-38
-52.061229 2.141331 70.882620 -0.998949 0.045836 0.000000 1.5658809689597668e-38
-52.088629 1.554146 71.005765 -0.999815 0.019227 0.000000 1.5658809689597668e-38
-52.263851 -0.166483 70.861591 -0.999973 -0.007395 0.000000 1.5658809689597668e-38
-51.663666 -1.928936 70.825834 -0.999421 -0.034013 0.000000 1.5658809689597668e-38
-52.020613 -3.139199 70.503671 -0.998162 -0.060606 0.000000 1.5658809689597668e-38
-51.715652 -4.414260 71.154798 -0.996195 -0.087156 0.000000 1.5658809689597668e-38
-4.592589 52.335599 74.082942 -0.087156 0.996195 0.000000 1.5658809689597668e-38
-6.222706 52.643879 74.171006 -0.113644 0.993522 0.000000 1.5658809689597668e-38
-6.997883 52.253520 73.700205 -0.140052 0.990144 0.000000 1.5658809689597668e-38
-8.727705 52.039748 73.678111 -0.166360 0.986065 0.000000 1.5658809689597668e-38
-9.739711 51.848142 73.578487 -0.192551 0.981287 0.000000 1.5658809689597668e-38
-10.946783 51.415098 73.517923 -0.218605 0.975813 0.000000 1.5658809689597668e-38
-13.124560 51.507560 74.393649 -0.244504 0.969648 0.000000 1.5658809689597668e-38
-13.927352 51.096170 74.211138 -0.270230 0.962796 0.000000 1.5658809689597668e-38
-15.407750 50.402307 74.008113 -0.295765 0.955261 0.000000 1.5658809689597668e-38
-16.687609 49.648678 74.065741 -0.321089 0.947049 0.000000 1.5658809689597668e-38
-17.792432 49.341461 73.752180 -0.346186 0.938166 0.000000 1.5658809689597668e-38
-19.395737 48.705675 73.451108 -0.371038 0.928618 0.000000 1.5658809689597668e-38
-20.489219 48.227827 73.851688 -0.395627 0.918411 0.000000 1.5658809689597668e-38
-22.296641 48.174400 74.102107 -0.419935 0.907554 0.000000 1.5658809689597668e-38
-23.450219 46.831792 73.742075 -0.443946 0.896053 0.000000 1.5658809689597668e-38
-24.454776 46.603295 73.878883 -0.467642 0.883918 0.000000 1.5658809689597668e-38
-25.792683 46.102295 73.833596 -0.491007 0.871156 0.000000 1.5658809689597668e-38
-26.933233 44.874018 74.612309 -0.514023 0.857776 0.000000 1.5658809689597668e-38
-28.346253 44.494593 74.016094 -0.536676 0.843789 0.000000 1.5658809689597668e-38
-29.557161 43.667791 73.844856 -0.558948 0.829203 0.000000 1.5658809689597668e-38
-30.860101 42.997999 73.351387 -0.580823 0.814030 0.000000 1.5658809689597668e-38
-31.190364 42.274910 74.037891 -0.602287 0.798279 0.000000 1.5658809689597668e-38
-33.344977 40.940062 74.262957 -0.623325 0.781963 0.000000 1.5658809689597668e-38
-32.663154 40.647843 74.157237 -0.643920 0.765093 0.000000 1.5658809689597668e-38
-34.811543 39.118246 74.144706 -0.664059 0.747680 0.000000 1.5658809689597668e-38
-36.335121 38.064472 73.464095 -0.683727 0.729738 0.000000 1.5658809689597668e-38
-36.722247 37.438340 73.876411 -0.702911 0.711278 0.000000 1.5658809689597668e-38
-38.003554 36.119218 73.644935 -0.721596 0.692314 0.000000 1.5658809689597668e-38
-39.142097 35.010880 73.694891 -0.739770 0.672859 0.000000 1.5658809689597668e-38
-40.209786 34.556179 74.044445 -0.757420 0.652928 0.000000 1.5658809689597668e-38
-41.174641 33.219932 74.402972 -0.774533 0.632534 0.000000 1.5658809689597668e-38
-41.953024 32.339349 73.877810 -0.791097 0.611691 0.000000 1.5658809689597668e-38
-42.173649 31.179604 73.716765 -0.807100 0.590415 0.000000 1.5658809689597668e-38
-43.294082 29.972944 73.818645 -0.822531 0.568720 0.000000 1.5658809689597668e-38
-44.491740 29.157802 74.166084 -0.837379 0.546622 0.000000 1.5658809689597668e-38
-45.159904 27.510598 73.778628 -0.851634 0.524137 0.000000 1.5658809689597668e-38
-45.912458 25.837154 73.644976 -0.865285 0.501280 0.000000 1.5658809689597668e-38
-46.358982 24.742490 73.899247 -0.878323 0.478068 0.000000 1.5658809689597668e-38
-46.556981 24.187320 73.808148 -0.890738 0.454518 0.000000 1.5658809689597668e-38
-48.078493 22.892255 73.890071 -0.902522 0.430645 0.000000 1.5658809689597668e-38
-47.985909 21.985162 73.598710 -0.913666 0.406466 0.000000 1.5658809689597668e-38
-49.528403 19.799911 73.991967 -0.924162 0.382000 0.000000 1.5658809689597668e-38
-49.176131 18.448614 73.420239 -0.934004 0.357263 0.000000 1.5658809689597668e-38
-49.773981 17.123500 74.002344 -0.943183 0.332273 0.000000 1.5658809689597668e-38
-50.239212 15.980815 73.618671 -0.951694 0.307047 0.000000 1.5658809689597668e-38
-50.449513 14.841895 73.906741 -0.959531 0.281604 0.000000 1.5658809689597668e-38
-50.851263 13.457104 73.536215 -0.966687 0.255961 0.000000 1.5658809689597668e-38
-51.465187 12.000458 74.465712 -0.973158 0.230136 0.000000 1.5658809689597668e-38
-51.955173 10.624676 73.875634 -0.978940 0.204149 0.000000 1.5658809689597668e-38
-51.909434 9.696448 73.753604 -0.984028 0.178016 0.000000 1.5658809689597668e-38
-52.119980 8.235890 74.389367 -0.988418 0.151758 0.000000 1.5658809689597668e-38
-51.821660 6.562085 73.831300 -0.992107 0.125392 0.000000 1.5658809689597668e-38
-52.387157 5.254081 73.591949 -0.995094 0.098937 0.000000 1.5658809689597668e-38
-52.240317 3.875171 73.832697 -0.997375 0.072412 0.000000 1.5658809689597668e-38
-52.985534 2.432378 73.278190 -0.998949 0.045836 0.000000 1.5658809689597668e-38
-52.824297 0.843557 73.932252 -0.999815 0.019227 0.000000 1.5658809689597668e-38
-52.094142 -0.217866 74.280674 -0.999973 -0.007395 0.000000 1.5658809689597668e-38
-52.435504 -1.453570 74.403292 -0.999421 -0.034013 0.000000 1.5658809689597668e-38
-52.782288 -3.430596 74.046797 -0.998162 -0.060606 0.000000 1.5658809689597668e-38
-52.460255 -4.523475 73.771554 -0.996195 -0.087156 0.000000 1.5658809689597668e-38
-4.816887 53.498924 76.593119 -0.087156 0.996195 0.000000 1.5658809689597668e-38
-5.841674 53.027709 76.449373 -0.113644 0.993522 0.000000 1.5658809689597668e-38
-7.702121 52.491907 77.092452 -0.140052 0.990144 0.000000 1.5658809689597668e-38
-8.963011 52.447965 76.485783 -0.166360 0.986065 0.000000 1.5658809689597668e-38
-9.548865 52.240735 77.072777 -0.192551 0.981287 0.000000 1.5658809689597668e-38
-11.795302 51.732312 77.496882 -0.218605 0.975813 0.000000 1.5658809689597668e-38
-13.586361 51.683612 76.559626 -0.244504 0.969648 0.000000 1.5658809689597668e-38
-14.501853 51.043934 76.627284 -0.270230 0.962796 0.000000 1.5658809689597668e-38
-15.728536 50.063984 76.828430 -0.295765 0.955261 0.000000 1.5658809689597668e-38
-17.113916 49.989609 77.377043 -0.321089 0.947049 0.000000 1.5658809689597668e-38
-18.600716 49.853427 76.745411 -0.346186 0.938166 0.000000 1.5658809689597668e-38
-19.769341 49.809009 77.664982 -0.371038 0.928618 0.000000 1.5658809689597668e-38
-20.829676 49.199832 77.438005 -0.395627 0.918411 0.000000 1.5658809689597668e-38
-22.272282 48.766738 77.160797 -0.419935 0.907554 0.000000 1.5658809689597668e-38
-23.581483 47.788762 76.376652 -0.443946 0.896053 0.000000 1.5658809689597668e-38
-24.798035 46.574736 76.435496 -0.467642 0.883918 0.000000 1.5658809689597668e-38
-26.071161 46.024497 76.920943 -0.491007 0.871156 0.000000 1.5658809689597668e-38
-27.312327 45.701638 76.651841 -0.514023 0.857776 0.000000 1.5658809689597668e-38
-28.289699 44.875602 77.055400 -0.536676 0.843789 0.000000 1.5658809689597668e-38
-30.103439 44.072698 77.252265 -0.558948 0.829203 0.000000 1.5658809689597668e-38
-30.617575 43.079556 76.759409 -0.580823 0.814030 0.000000 1.5658809689597668e-38
-32.347448 42.283665 76.503357 -0.602287 0.798279 0.000000 1.5658809689597668e-38
-33.211792 41.802265 76.687561 -0.623325 0.781963 0.000000 1.5658809689597668e-38
-34.293507 40.648416 77.239613 -0.643920 0.765093 0.000000 1.5658809689597668e-38
-35.521502 39.615384 76.669271 -0.664059 0.747680 0.000000 1.5658809689597668e-38
-36.725930 38.991887 76.882544 -0.683727 0.729738 0.000000 1.5658809689597668e-38
-37.389098 38.233183 77.322701 -0.702911 0.711278 0.000000 1.5658809689597668e-38
-38.893763 37.035972 76.990771 -0.721596 0.692314 0.000000 1.5658809689597668e-38
-39.505505 35.904646 76.405162 -0.739770 0.672859 0.000000 1.5658809689597668e-38
-39.867467 34.900164 76.663518 -0.757420 0.652928 0.000000 1.5658809689597668e-38
-41.392547 33.149449 76.828890 -0.774533 0.632534 0.000000 1.5658809689597668e-38
-42.243194 32.153715 77.156088 -0.791097 0.611691 0.000000 1.5658809689597668e-38
-42.566947 31.410824 76.831383 -0.807100 0.590415 0.000000 1.5658809689597668e-38
-43.640661 30.258655 76.598423 -0.822531 0.568720 0.000000 1.5658809689597668e-38
-44.757106 28.999679 76.997533 -0.837379 0.546622 0.000000 1.5658809689597668e-38
-45.317063 27.955167 76.465629 -0.851634 0.524137 0.000000 1.5658809689597668e-38
-45.846739 26.676758 77.688890 -0.865285 0.501280 0.000000 1.5658809689597668e-38
-46.856398 25.537540 77.771843 -0.878323 0.478068 0.000000 1.5658809689597668e-38
-47.342556 24.166952 76.627000 -0.890738 0.454518 0.000000 1.5658809689597668e-38
-47.569382 22.569105 77.051213 -0.902522 0.430645 0.000000 1.5658809689597668e-38
-48.762966 21.573387 76.495897 -0.913666 0.406466 0.000000 1.5658809689597668e-38
-48.776538 20.244869 76.558550 -0.924162 0.382000 0.000000 1.5658809689597668e-38
-49.327388 18.860580 77.023459 -0.934004 0.357263 0.000000 1.5658809689597668e-38
-49.939260 17.824169 76.264086 -0.943183 0.332273 0.000000 1.5658809689597668e-38
-50.435994 16.309379 76.824368 -0.951694 0.307047 0.000000 1.5658809689597668e-38
-51.094343 14.502577 76.980728 -0.959531 0.281604 0.000000 1.5658809689597668e-38
-51.851766 13.535237 76.969956 -0.966687 0.255961 0.000000 1.5658809689597668e-38
-51.464605 12.000853 77.358553 -0.973158 0.230136 0.000000 1.5658809689597668e-38
-51.810422 10.734982 76.590452 -0.978940 0.204149 0.000000 1.5658809689597668e-38
-52.798361 9.554699 76.701892 -0.984028 0.178016 0.000000 1.5658809689597668e-38
-52.239033 7.871969 76.652876 -0.988418 0.151758 0.000000 1.5658809689597668e-38
-52.725094 6.466942 76.925642 -0.992107 0.125392 0.000000 1.5658809689597668e-38
-52.658307 5.300125 76.959366 -0.995094 0.098937 0.000000 1.5658809689597668e-38
-53.013950 3.345495 77.040628 -0.997375 0.072412 0.000000 1.5658809689597668e-38
-53.111285 2.707030 77.104820 -0.998949 0.045836 0.000000 1.5658809689597668e-38
-53.265942 1.332887 76.835288 -0.999815 0.019227 0.000000 1.5658809689597668e-38
-53.139592 -0.486892 77.061604 -0.999973 -0.007395 0.000000 1.5658809689597668e-38
-53.297351 -1.315720 77.528286 -0.999421 -0.034013 0.000000 1.5658809689597668e-38
-52.855192 -2.762752 76.461313 -0.998162 -0.060606 0.000000 1.5658809689597668e-38
-53.439108 -4.734478 76.935446 -0.996195 -0.087156 0.000000 1.5658809689597668e-38
-4.744083 53.052824 80.345478 -0.087156 0.996195 0.000000 1.5658809689597668e-38
-5.462110 53.786078 80.325657 -0.113644 0.993522 0.000000 1.5658809689597668e-38
-7.459952 52.967350 80.021758 -0.140052 0.990144 0.000000 1.5658809689597668e-38
-8.310194 52.895398 79.863513 -0.166360 0.986065 0.000000 1.5658809689597668e-38
-10.017425 53.096280 79.745629 -0.192551 0.981287 0.000000 1.5658809689597668e-38
-11.828471 52.299399 80.020907 -0.218605 0.975813 0.000000 1.5658809689597668e-38
-12.811001 51.877383 80.326899 -0.244504 0.969648 0.000000 1.5658809689597668e-38
-14.494378 52.448129 80.095649 -0.270230 0.962796 0.000000 1.5658809689597668e-38
-15.926421 51.517686 79.898856 -0.295765 0.955261 0.000000 1.5658809689597668e-38
-17.797131 50.831723 79.923112 -0.321089 0.947049 0.000000 1.5658809689597668e-38
-19.085216 50.404498 79.379867 -0.346186 0.938166 0.000000 1.5658809689597668e-38
-20.047610 49.986275 80.029099 -0.371038 0.928618 0.000000 1.5658809689597668e-38
-21.388273 49.338947 79.764781 -0.395627 0.918411 0.000000 1.5658809689597668e-38
-22.568282 48.798454 79.729925 -0.419935 0.907554 0.000000 1.5658809689597668e-38
-23.781795 48.241310 79.950137 -0.443946 0.896053 0.000000 1.5658809689597668e-38
-24.409455 47.468374 79.916230 -0.467642 0.883918 0.000000 1.5658809689597668e-38
-26.518336 46.533338 80.205769 -0.491007 0.871156 0.000000 1.5658809689597668e-38
-27.834635 45.935083 79.838528 -0.514023 0.857776 0.000000 1.5658809689597668e-38
-29.141804 44.828311 79.861118 -0.536676 0.843789 0.000000 1.5658809689597668e-38
-29.781435 44.628753 80.468173 -0.558948 0.829203 0.000000 1.5658809689597668e-38
-30.993969 43.911281 80.564795 -0.580823 0.814030 0.000000 1.5658809689597668e-38
-32.402093 42.926436 79.996561 -0.602287 0.798279 0.000000 1.5658809689597668e-38
-33.040561 42.031277 79.805517 -0.623325 0.781963 0.000000 1.5658809689597668e-38
-34.434395 40.878863 80.160041 -0.643920 0.765093 0.000000 1.5658809689597668e-38
-35.569015 40.130992 80.169743 -0.664059 0.747680 0.000000 1.5658809689597668e-38
-37.196676 39.272289 79.861170 -0.683727 0.729738 0.000000 1.5658809689597668e-38
-36.922783 38.277934 79.821082 -0.702911 0.711278 0.000000 1.5658809689597668e-38
-39.199297 37.603497 79.894990 -0.721596 0.692314 0.000000 1.5658809689597668e-38
-40.000067 36.267079 80.194916 -0.739770 0.672859 0.000000 1.5658809689597668e-38
-40.521147 35.100795 80.047757 -0.757420 0.652928 0.000000 1.5658809689597668e-38
-41.561538 34.099595 80.127466 -0.774533 0.632534 0.000000 1.5658809689597668e-38
-42.193122 32.895309 79.754959 -0.791097 0.611691 0.000000 1.5658809689597668e-38
-43.424916 31.960923 79.464042 -0.807100 0.590415 0.000000 1.5658809689597668e-38
-44.745277 30.844184 80.456037 -0.822531 0.568720 0.000000 1.5658809689597668e-38
-45.388698 29.411084 79.880136 -0.837379 0.546622 0.000000 1.5658809689597668e-38
-45.853572 28.264027 79.612139 -0.851634 0.524137 0.000000 1.5658809689597668e-38
-46.841229 26.853445 79.956387 -0.865285 0.501280 0.000000 1.5658809689597668e-38
-47.547627 25.933071 79.874732 -0.878323 0.478068 0.000000 1.5658809689597668e-38
-48.003700 24.515117 79.961328 -0.890738 0.454518 0.000000 1.5658809689597668e-38
-48.259293 22.867120 79.580784 -0.902522 0.430645 0.000000 1.5658809689597668e-38
-49.202470 21.865639 79.627773 -0.913666 0.406466 0.000000 1.5658809689597668e-38
-50.090049 20.587193 79.772666 -0.924162 0.382000 0.000000 1.5658809689597668e-38
-50.638459 19.492490 79.810462 -0.934004 0.357263 0.000000 1.5658809689597668e-38
-50.351161 17.868201 80.088428 -0.943183 0.332273 0.000000 1.5658809689597668e-38
-51.217022 15.707225 79.658964 -0.951694 0.307047 0.000000 1.5658809689597668e-38
-51.612496 15.245609 79.463098 -0.959531 0.281604 0.000000 1.5658809689597668e-38
-51.975519 13.421199 80.070386 -0.966687 0.255961 0.000000 1.5658809689597668e-38
-52.313087 12.592866 80.320047 -0.973158 0.230136 0.000000 1.5658809689597668e-38
-52.480324 11.231103 79.894897 -0.978940 0.204149 0.000000 1.5658809689597668e-38
-52.044545 9.202731 79.841673 -0.984028 0.178016 0.000000 1.5658809689597668e-38
-52.857043 8.382804 80.146217 -0.988418 0.151758 0.000000 1.5658809689597668e-38
-53.123171 6.114749 80.476790 -0.992107 0.125392 0.000000 1.5658809689597668e-38
-53.547453 5.691636 79.389942 -0.995094 0.098937 0.000000 1.5658809689597668e-38
-53.531925 3.723100 80.171636 -0.997375 0.072412 0.000000 1.5658809689597668e-38
-53.598387 2.573489 79.682317 -0.998949 0.045836 0.000000 1.5658809689597668e-38
-53.757155 0.979402 80.148593 -0.999815 0.019227 0.000000 1.5658809689597668e-38
-53.451741 -0.352360 79.617148 -0.999973 -0.007395 0.000000 1.5658809689597668e-38
-53.686627 -1.044853 80.493802 -0.999421 -0.034013 0.000000 1.5658809689597668e-38
-54.543516 -3.238550 80.279636 -0.998162 -0.060606 0.000000 1.5658809689597668e-38
-53.600163 -4.822648 79.919911 -0.996195 -0.087156 0.000000 1.5658809689597668e-38
-4.563456 53.709467 83.433530 -0.087156 0.996195 0.000000 1.5658809689597668e-38
-6.183181 53.628453 83.414228 -0.113644 0.993522 0.000000 1.5658809689597668e-38
-8.062821 53.559140 82.905421 -0.140052 0.990144 0.000000 1.5658809689597668e-38
-8.383613 53.298861 82.430434 -0.166360 0.986065 0.000000 1.5658809689597668e-38
-10.622455 53.381773 83.312148 -0.192551 0.981287 0.000000 1.5658809689597668e-38
-11.178658 53.370178 83.133300 -0.218605 0.975813 0.000000 1.5658809689597668e-38
-13.534348 53.100791 82.966354 -0.244504 0.969648 0.000000 1.5658809689597668e-38
-14.860270 52.116642 82.701237 -0.270230 0.962796 0.000000 1.5658809689597668e-38
-16.187835 51.762986 83.296120 -0.295765 0.955261 0.000000 1.5658809689597668e-38
-17.538888 51.007097 82.595791 -0.321089 0.947049 0.000000 1.5658809689597668e-38
-18.721373 50.927116 82.910629 -0.346186 0.938166 0.000000 1.5658809689597668e-38
-20.272951 50.503788 83.494087 -0.371038 0.928618 0.000000 1.5658809689597668e-38
-21.700957 49.860113 83.364404 -0.395627 0.918411 0.000000 1.5658809689597668e-38
-23.018732 49.239631 83.065524 -0.419935 0.907554 0.000000 1.5658809689597668e-38
-24.482121 48.670846 83.086386 -0.443946 0.896053 0.000000 1.5658809689597668e-38
-25.207968 47.605746 83.079914 -0.467642 0.883918 0.000000 1.5658809689597668e-38
-26.227749 47.892582 83.460962 -0.491007 0.871156 0.000000 1.5658809689597668e-38
-28.244283 46.678665 82.931979 -0.514023 0.857776 0.000000 1.5658809689597668e-38
-29.035116 45.552713 82.562881 -0.536676 0.843789 0.000000 1.5658809689597668e-38
-30.432125 45.209736 83.163323 -0.558948 0.829203 0.000000 1.5658809689597668e-38
-31.394873 44.234547 83.198281 -0.580823 0.814030 0.000000 1.5658809689597668e-38
-32.521554 43.232619 83.101790 -0.602287 0.798279 0.000000 1.5658809689597668e-38
-33.298917 42.472313 83.089692 -0.623325 0.781963 0.000000 1.5658809689597668e-38
-34.908544 41.448938 82.946316 -0.643920 0.765093 0.000000 1.5658809689597668e-38
-35.969556 40.417778 83.033269 -0.664059 0.747680 0.000000 1.5658809689597668e-38
-37.336526 39.628324 83.252182 -0.683727 0.729738 0.000000 1.5658809689597668e-38
-38.203863 37.991770 83.254035 -0.702911 0.711278 0.000000 1.5658809689597668e-38
-39.118116 37.267322 83.308904 -0.721596 0.692314 0.000000 1.5658809689597668e-38
-40.559831 36.823297 83.059713 -0.739770 0.672859 0.000000 1.5658809689597668e-38
-41.778644 35.481679 82.955065 -0.757420 0.652928 0.000000 1.5658809689597668e-38
-42.193591 34.100257 83.038758 -0.774533 0.632534 0.000000 1.5658809689597668e-38
-43.070858 32.633636 83.458543 -0.791097 0.611691 0.000000 1.5658809689597668e-38
-43.866948 31.816607 82.738396 -0.807100 0.590415 0.000000 1.5658809689597668e-38
-44.399722 30.469495 83.117119 -0.822531 0.568720 0.000000 1.5658809689597668e-38
-45.611702 29.502363 82.745855 -0.837379 0.546622 0.000000 1.5658809689597668e-38
-46.396166 28.442576 83.147517 -0.851634 0.524137 0.000000 1.5658809689597668e-38
-47.186457 27.172437 83.343459 -0.865285 0.501280 0.000000 1.5658809689597668e-38
-48.157000 25.938343 82.791688 -0.878323 0.478068 0.000000 1.5658809689597668e-38
-48.647669 24.740648 82.913348 -0.890738 0.454518 0.000000 1.5658809689597668e-38
-49.336301 23.764270 83.352950 -0.902522 0.430645 0.000000 1.5658809689597668e-38
-50.155638 21.612735 83.254960 -0.913666 0.406466 0.000000 1.5658809689597668e-38
-50.230957 21.177682 83.261824 -0.924162 0.382000 0.000000 1.5658809689597668e-38
-50.589661 19.078706 83.224355 -0.934004 0.357263 0.000000 1.5658809689597668e-38
-51.560316 18.420854 83.203565 -0.943183 0.332273 0.000000 1.5658809689597668e-38
-51.886848 16.901920 83.749381 -0.951694 0.307047 0.000000 1.5658809689597668e-38
-52.129895 15.445069 82.947374 -0.959531 0.281604 0.000000 1.5658809689597668e-38
-52.427313 13.436372 83.076764 -0.966687 0.255961 0.000000 1.5658809689597668e-38
-52.790977 13.026996 82.538422 -0.973158 0.230136 0.000000 1.5658809689597668e-38
-53.202020 11.463635 83.004392 -0.978940 0.204149 0.000000 1.5658809689597668e-38
-53.445214 9.409274 82.797141 -0.984028 0.178016 0.000000 1.5658809689597668e-38
-54.179780 8.045693 82.780117 -0.988418 0.151758 0.000000 1.5658809689597668e-38
-53.796811 6.567527 82.933046 -0.992107 0.125392 0.000000 1.5658809689597668e-38
-54.129929 5.353924 82.918366 -0.995094 0.098937 0.000000 1.5658809689597668e-38
-54.436577 3.954846 83.397168 -0.997375 0.072412 0.000000 1.5658809689597668e-38
-54.164917 2.304127 83.039979 -0.998949 0.045836 0.000000 1.5658809689597668e-38
-54.865645 1.001447 82.956817 -0.999815 0.019227 0.000000 1.5658809689597668e-38
-54.539040 -0.626907 82.953853 -0.999973 -0.007395 0.000000 1.5658809689597668e-38
-53.931353 -1.517920 82.798486 -0.999421 -0.034013 0.000000 1.5658809689597668e-38
-54.316167 -3.436268 83.319787 -0.998162 -0.060606 0.000000 1.5658809689597668e-38
-54.010356 -4.701276 83.237802 -0.996195 -0.087156 0.000000 1.5658809689597668e-38
-4.950121 54.944191 86.153323 -0.087156 0.996195 0.000000 1.5658809689597668e-38
-6.478030 54.319795 86.523425 -0.113644 0.993522 0.000000 1.5658809689597668e-38
-7.794450 54.488667 85.966242 -0.140052 0.990144 0.000000 1.5658809689597668e-38
-9.336822 54.178372 85.891654 -0.166360 0.986065 0.000000 1.5658809689597668e-38
-10.294123 53.824414 85.891768 -0.192551 0.981287 0.000000 1.5658809689597668e-38
-11.988608 53.254653 86.258539 -0.218605 0.975813 0.000000 1.5658809689597668e-38
-12.818644 52.970570 86.313979 -0.244504 0.969648 0.000000 1.5658809689597668e-38
-14.785972 52.713872 86.104285 -0.270230 0.962796 0.000000 1.5658809689597668e-38
-16.448366 52.394713 86.067224 -0.295765 0.955261 0.000000 1.5658809689597668e-38
-17.848941 52.148874 86.183549 -0.321089 0.947049 0.000000 1.5658809689597668e-38
-19.019832 51.760343 85.603022 -0.346186 0.938166 0.000000 1.5658809689597668e-38
-19.930025 50.571573 86.217306 -0.371038 0.928618 0.000000 1.5658809689597668e-38
-21.834363 50.000001 86.548012 -0.395627 0.918411 0.000000 1.5658809689597668e-38
-22.431801 49.616170 86.254489 -0.419935 0.907554 0.000000 1.5658809689597668e-38
-24.285997 49.572112 85.519901 -0.443946 0.896053 0.000000 1.5658809689597668e-38
-25.487160 48.170478 85.447057 -0.467642 0.883918 0.000000 1.5658809689597668e-38
-26.987513 48.244389 85.957031 -0.491007 0.871156 0.000000 1.5658809689597668e-38
-27.902131 47.317132 86.150037 -0.514023 0.857776 0.000000 1.5658809689597668e-38
-29.343286 45.676916 85.938997 -0.536676 0.843789 0.000000 1.5658809689597668e-38
-30.326558 45.411543 86.264049 -0.558948 0.829203 0.000000 1.5658809689597668e-38
-31.756264 45.220302 86.024690 -0.580823 0.814030 0.000000 1.5658809689597668e-38
-32.489602 43.740527 86.662106 -0.602287 0.798279 0.000000 1.5658809689597668e-38
-34.490363 42.862674 86.035740 -0.623325 0.781963 0.000000 1.5658809689597668e-38
-35.208488 42.250452 86.267489 -0.643920 0.765093 0.000000 1.5658809689597668e-38
-35.986689 40.729447 85.906996 -0.664059 0.747680 0.000000 1.5658809689597668e-38
-37.424681 39.936682 86.098088 -0.683727 0.729738 0.000000 1.5658809689597668e-38
-38.767281 39.297323 86.044995 -0.702911 0.711278 0.000000 1.5658809689597668e-38
-39.074774 37.903402 86.348375 -0.721596 0.692314 0.000000 1.5658809689597668e-38
-40.330192 36.587285 86.264007 -0.739770 0.672859 0.000000 1.5658809689597668e-38
-40.885209 35.818933 86.424229 -0.757420 0.652928 0.000000 1.5658809689597668e-38
-42.192542 34.719112 86.209790 -0.774533 0.632534 0.000000 1.5658809689597668e-38
-43.143091 33.714986 85.748197 -0.791097 0.611691 0.000000 1.5658809689597668e-38
-44.109162 32.266048 86.036388 -0.807100 0.590415 0.000000 1.5658809689597668e-38
-44.639315 30.913690 85.735415 -0.822531 0.568720 0.000000 1.5658809689597668e-38
-45.602225 29.497810 85.575463 -0.837379 0.546622 0.000000 1.5658809689597668e-38
-46.348805 28.740631 86.295662 -0.851634 0.524137 0.000000 1.5658809689597668e-38
-47.501315 27.026441 85.798110 -0.865285 0.501280 0.000000 1.5658809689597668e-38
-48.163970 25.789340 86.245962 -0.878323 0.478068 0.000000 1.5658809689597668e-38
-48.900698 24.937321 86.200391 -0.890738 0.454518 0.000000 1.5658809689597668e-38
-49.291007 23.724768 86.050676 -0.902522 0.430645 0.000000 1.5658809689597668e-38
-49.961924 22.322130 85.425179 -0.913666 0.406466 0.000000 1.5658809689597668e-38
-50.397773 20.956943 86.323061 -0.924162 0.382000 0.000000 1.5658809689597668e-38
-51.516542 19.463039 85.826387 -0.934004 0.357263 0.000000 1.5658809689597668e-38
-51.409627 17.768185 85.875250 -0.943183 0.332273 0.000000 1.5658809689597668e-38
-51.938634 16.619963 85.875329 -0.951694 0.307047 0.000000 1.5658809689597668e-38
-52.255908 15.700232 86.370468 -0.959531 0.281604 0.000000 1.5658809689597668e-38
-52.665075 13.942661 86.092468 -0.966687 0.255961 0.000000 1.5658809689597668e-38
-53.468369 12.648738 85.995477 -0.973158 0.230136 0.000000 1.5658809689597668e-38
-53.720361 11.355744 86.509208 -0.978940 0.204149 0.000000 1.5658809689597668e-38
-53.749476 10.283503 85.942191 -0.984028 0.178016 0.000000 1.5658809689597668e-38
-54.660679 8.522123 85.922296 -0.988418 0.151758 0.000000 1.5658809689597668e-38
-54.393374 6.333434 85.884083 -0.992107 0.125392 0.000000 1.5658809689597668e-38
-54.925421 5.285855 86.035481 -0.995094 0.098937 0.000000 1.5658809689597668e-38
-54.572640 4.335997 86.356918 -0.997375 0.072412 0.000000 1.5658809689597668e-38
-55.172455 2.691610 86.187373 -0.998949 0.045836 0.000000 1.5658809689597668e-38
-54.762569 1.045741 86.215212 -0.999815 0.019227 0.000000 1.5658809689597668e-38
-54.949409 -0.459554 86.509028 -0.999973 -0.007395 0.000000 1.5658809689597668e-38
-54.922838 -2.170928 86.135334 -0.999421 -0.034013 0.000000 1.5658809689597668e-38
-54.981880 -3.834590 86.050506 -0.998162 -0.060606 0.000000 1.5658809689597668e-38
-54.100439 -4.782778 86.207419 -0.996195 -0.087156 0.000000 1.5658809689597668e-38
-5.449643 55.116835 89.258779 -0.087156 0.996195 0.000000 1.5658809689597668e-38
-6.472109 54.891866 89.281806 -0.113644 0.993522 0.000000 1.5658809689597668e-38
-8.048070 54.750992 89.589910 -0.140052 0.990144 0.000000 1.5658809689597668e-38
-9.250716 54.166007 89.177495 -0.166360 0.986065 0.000000 1.5658809689597668e-38
-10.371552 53.794663 89.404337 -0.192551 0.981287 0.000000 1.5658809689597668e-38
-12.269409 53.933062 89.061470 -0.218605 0.975813 0.000000 1.5658809689597668e-38
-13.665627 53.977081 88.808043 -0.244504 0.969648 0.000000 1.5658809689597668e-38
-14.769863 53.661325 89.436426 -0.270230 0.962796 0.000000 1.5658809689597668e-38
-16.724182 52.341563 89.005282 -0.295765 0.955261 0.000000 1.5658809689597668e-38
-17.675290 52.340558 88.849260 -0.321089 0.947049 0.000000 1.5658809689597668e-38
-19.369738 51.539019 89.176545 -0.346186 0.938166 0.000000 1.5658809689597668e-38
-19.884206 50.975494 88.937682 -0.371038 0.928618 0.000000 1.5658809689597668e-38
-22.176746 50.882771 89.218367 -0.395627 0.918411 0.000000 1.5658809689597668e-38
-23.447384 49.983997 88.993316 -0.419935 0.907554 0.000000 1.5658809689597668e-38
-24.415031 50.263372 89.396029 -0.443946 0.896053 0.000000 1.5658809689597668e-38
-25.839611 48.588735 88.827749 -0.467642 0.883918 0.000000 1.5658809689597668e-38
-26.881228 48.287623 89.090939 -0.491007 0.871156 0.000000 1.5658809689597668e-38
-28.007747 47.351657 89.463197 -0.514023 0.857776 0.000000 1.5658809689597668e-38
-29.533190 46.520135 88.944304 -0.536676 0.843789 0.000000 1.5658809689597668e-38
-30.895017 46.020831 89.078329 -0.558948 0.829203 0.000000 1.5658809689597668e-38
-31.926874 44.605896 89.464787 -0.580823 0.814030 0.000000 1.5658809689597668e-38
-33.149632 43.700739 89.163565 -0.602287 0.798279 0.000000 1.5658809689597668e-38
-34.125238 42.783088 88.909484 -0.623325 0.781963 0.000000 1.5658809689597668e-38
-35.562290 42.869631 89.028996 -0.643920 0.765093 0.000000 1.5658809689597668e-38
-36.504438 41.346575 89.053913 -0.664059 0.747680 0.000000 1.5658809689597668e-38
-37.690280 40.143836 89.123428 -0.683727 0.729738 0.000000 1.5658809689597668e-38
-39.295854 39.251960 89.500497 -0.702911 0.711278 0.000000 1.5658809689597668e-38
-39.811598 38.539721 89.404867 -0.721596 0.692314 0.000000 1.5658809689597668e-38
-40.849812 36.950385 89.084890 -0.739770 0.672859 0.000000 1.5658809689597668e-38
-42.247286 35.958509 89.274569 -0.757420 0.652928 0.000000 1.5658809689597668e-38
-42.236058 35.071456 88.971313 -0.774533 0.632534 0.000000 1.5658809689597668e-38
-44.096745 33.700576 89.474299 -0.791097 0.611691 0.000000 1.5658809689597668e-38
-44.614422 32.750789 89.176432 -0.807100 0.590415 0.000000 1.5658809689597668e-38
-45.184864 30.911570 89.712024 -0.822531 0.568720 0.000000 1.5658809689597668e-38
-46.553258 30.409172 89.149114 -0.837379 0.546622 0.000000 1.5658809689597668e-38
-47.041051 28.857642 89.307451 -0.851634 0.524137 0.000000 1.5658809689597668e-38
-47.622518 27.985896 89.653154 -0.865285 0.501280 0.000000 1.5658809689597668e-38
-48.379850 26.901294 89.258661 -0.878323 0.478068 0.000000 1.5658809689597668e-38
-48.841425 25.215910 89.066008 -0.890738 0.454518 0.000000 1.5658809689597668e-38
-49.760700 23.920566 89.221110 -0.902522 0.430645 0.000000 1.5658809689597668e-38
-50.306319 22.694697 89.223757 -0.913666 0.406466 0.000000 1.5658809689597668e-38
-51.892704 21.588141 89.141492 -0.924162 0.382000 0.000000 1.5658809689597668e-38
-51.799729 19.382054 89.129835 -0.934004 0.357263 0.000000 1.5658809689597668e-38
-52.228237 18.118835 89.026131 -0.943183 0.332273 0.000000 1.5658809689597668e-38
-52.370260 17.556698 89.476941 -0.951694 0.307047 0.000000 1.5658809689597668e-38
-52.624941 15.430006 89.262169 -0.959531 0.281604 0.000000 1.5658809689597668e-38
-53.228775 13.929985 89.103050 -0.966687 0.255961 0.000000 1.5658809689597668e-38
-53.457536 13.029550 89.250992 -0.973158 0.230136 0.000000 1.5658809689597668e-38
-54.391560 11.179390 88.798370 -0.978940 0.204149 0.000000 1.5658809689597668e-38
-54.291265 9.902309 89.149556 -0.984028 0.178016 0.000000 1.5658809689597668e-38
-54.483629 8.501414 89.307828 -0.988418 0.151758 0.000000 1.5658809689597668e-38
-55.120250 6.845083 89.353722 -0.992107 0.125392 0.000000 1.5658809689597668e-38
-54.451013 5.379297 89.396021 -0.995094 0.098937 0.000000 1.5658809689597668e-38
-54.787088 3.937829 89.575292 -0.997375 0.072412 0.000000 1.5658809689597668e-38
-54.776769 2.944043 89.368299 -0.998949 0.045836 0.000000 1.5658809689597668e-38
-54.477188 0.876659 89.867993 -0.999815 0.019227 0.000000 1.5658809689597668e-38
-54.963433 -0.006076 89.134758 -0.999973 -0.007395 0.000000 1.5658809689597668e-38
-54.910154 -1.449246 88.904562 -0.999421 -0.034013 0.000000 1.5658809689597668e-38
-55.142970 -3.987530 89.177269 -0.998162 -0.060606 0.000000 1.5658809689597668e-38
-55.230200 -4.875929 90.107862 -0.996195 -0.087156 0.000000 1.5658809689597668e-38
-4.331724 54.970369 92.474414 -0.087156 0.996195 0.000000 1.5658809689597668e-38
-6.080503 55.152169 92.361185 -0.113644 0.993522 0.000000 1.5658809689597668e-38
-7.706026 54.661727 91.998294 -0.140052 0.990144 0.000000 1.5658809689597668e-38
-9.200249 54.868674 92.095123 -0.166360 0.986065 0.000000 1.5658809689597668e-38
-10.946811 54.546193 92.573538 -0.192551 0.981287 0.000000 1.5658809689597668e-38
-12.180414 54.755541 92.098946 -0.218605 0.975813 0.000000 1.5658809689597668e-38
-13.539889 53.819562 92.484081 -0.244504 0.969648 0.000000 1.5658809689597668e-38
-15.263013 54.122978 91.800509 -0.270230 0.962796 0.000000 1.5658809689597668e-38
-15.933956 53.152712 92.473420 -0.295765 0.955261 0.000000 1.5658809689597668e-38
-17.456648 52.926317 92.088684 -0.321089 0.947049 0.000000 1.5658809689597668e-38
-19.072727 52.735233 92.041505 -0.346186 0.938166 0.000000 1.5658809689597668e-38
-19.999328 51.759693 92.177724 -0.371038 0.928618 0.000000 1.5658809689597668e-38
-22.270320 51.009383 91.721109 -0.395627 0.918411 0.000000 1.5658809689597668e-38
-23.478789 50.393676 91.985368 -0.419935 0.907554 0.000000 1.5658809689597668e-38
-24.465191 49.767336 92.116954 -0.443946 0.896053 0.000000 1.5658809689597668e-38
-26.104975 49.264590 92.329659 -0.467642 0.883918 0.000000 1.5658809689597668e-38
-27.517064 48.486003 92.292490 -0.491007 0.871156 0.000000 1.5658809689597668e-38
-28.928652 47.617665 92.481494 -0.514023 0.857776 0.000000 1.5658809689597668e-38
-29.674952 46.857325 92.510724 -0.536676 0.843789 0.000000 1.5658809689597668e-38
-31.379206 45.830456 92.232316 -0.558948 0.829203 0.000000 1.5658809689597668e-38
-31.852542 45.320281 92.225083 -0.580823 0.814030 0.000000 1.5658809689597668e-38
-33.032269 44.309289 92.978112 -0.602287 0.798279 0.000000 1.5658809689597668e-38
-34.818853 43.184451 92.257784 -0.623325 0.781963 0.000000 1.5658809689597668e-38
-35.885581 42.307429 93.088285 -0.643920 0.765093 0.000000 1.5658809689597668e-38
-36.835273 41.720637 92.169129 -0.664059 0.747680 0.000000 1.5658809689597668e-38
-38.197991 40.891175 91.804940 -0.683727 0.729738 0.000000 1.5658809689597668e-38
-39.434428 39.482695 92.713006 -0.702911 0.711278 0.000000 1.5658809689597668e-38
-40.243096 38.627077 92.316011 -0.721596 0.692314 0.000000 1.5658809689597668e-38
-40.752591 36.944869 92.528481 -0.739770 0.672859 0.000000 1.5658809689597668e-38
-42.182705 36.589282 92.061908 -0.757420 0.652928 0.000000 1.5658809689597668e-38
-43.067429 35.146859 92.006962 -0.774533 0.632534 0.000000 1.5658809689597668e-38
-44.380052 33.844349 92.346672 -0.791097 0.611691 0.000000 1.5658809689597668e-38
-45.113000 32.736200 91.741953 -0.807100 0.590415 0.000000 1.5658809689597668e-38
-45.855305 31.935775 92.519246 -0.822531 0.568720 0.000000 1.5658809689597668e-38
-46.595947 30.472854 92.059214 -0.837379 0.546622 0.000000 1.5658809689597668e-38
-46.875293 29.769599 92.357139 -0.851634 0.524137 0.000000 1.5658809689597668e-38
-47.344603 27.674068 91.932369 -0.865285 0.501280 0.000000 1.5658809689597668e-38
-49.059772 26.521368 93.001312 -0.878323 0.478068 0.000000 1.5658809689597668e-38
-49.621687 25.019567 92.038155 -0.890738 0.454518 0.000000 1.5658809689597668e-38
-49.850677 24.248986 92.162049 -0.902522 0.430645 0.000000 1.5658809689597668e-38
-51.375187 22.266574 92.824065 -0.913666 0.406466 0.000000 1.5658809689597668e-38
-51.189563 21.264126 92.868342 -0.924162 0.382000 0.000000 1.5658809689597668e-38
-51.356032 19.857983 92.302421 -0.934004 0.357263 0.000000 1.5658809689597668e-38
-52.628653 18.393579 91.861795 -0.943183 0.332273 0.000000 1.5658809689597668e-38
-53.374485 16.559260 92.632993 -0.951694 0.307047 0.000000 1.5658809689597668e-38
-53.831607 16.246040 92.088579 -0.959531 0.281604 0.000000 1.5658809689597668e-38
-53.239975 14.125429 91.837836 -0.966687 0.255961 0.000000 1.5658809689597668e-38
-53.735936 13.219310 92.035877 -0.973158 0.230136 0.000000 1.5658809689597668e-38
-54.542095 11.081745 92.271534 -0.978940 0.204149 0.000000 1.5658809689597668e-38
-54.693192 9.794755 91.762025 -0.984028 0.178016 0.000000 1.5658809689597668e-38
-55.143958 8.650894 92.245022 -0.988418 0.151758 0.000000 1.5658809689597668e-38
-55.273119 6.694293 92.124677 -0.992107 0.125392 0.000000 1.5658809689597668e-38
-54.918288 5.160337 92.523939 -0.995094 0.098937 0.000000 1.5658809689597668e-38
-55.453716 4.100558 92.087985 -0.997375 0.072412 0.000000 1.5658809689597668e-38
-55.660913 2.547389 92.151492 -0.998949 0.045836 0.000000 1.5658809689597668e-38
-55.504120 1.206520 92.959504 -0.999815 0.019227 0.000000 1.5658809689597668e-38
-55.528853 -0.984959 92.656598 -0.999973 -0.007395 0.000000 1.5658809689597668e-38
-55.642814 -1.287992 92.748970 -0.999421 -0.034013 0.000000 1.5658809689597668e-38
-55.663181 -3.153941 92.129506 -0.998162 -0.060606 0.000000 1.5658809689597668e-38
-55.401396 -4.644269 92.641592 -0.996195 -0.087156 0.000000 1.5658809689597668e-38
-4.611796 55.805237 96.129643 -0.087156 0.996195 0.000000 1.5658809689597668e-38
-6.473100 55.150893 94.960206 -0.113644 0.993522 0.000000 1.5658809689597668e-38
-7.400117 55.420939 95.432333 -0.140052 0.990144 0.000000 1.5658809689597668e-38
-9.478244 55.079709 95.148487 -0.166360 0.986065 0.000000 1.5658809689597668e-38
-10.640706 54.918755 95.515117 -0.192551 0.981287 0.000000 1.5658809689597668e-38
-12.139142 54.513709 94.946996 -0.218605 0.975813 0.000000 1.5658809689597668e-38
-14.154960 55.204242 95.828067 -0.244504 0.969648 0.000000 1.5658809689597668e-38
-14.729708 53.710156 95.387468 -0.270230 0.962796 0.000000 1.5658809689597668e-38
-16.806189 53.096992 95.207983 -0.295765 0.955261 0.000000 1.5658809689597668e-38
-17.581803 53.283005 95.093601 -0.321089 0.947049 0.000000 1.5658809689597668e-38
-19.479439 52.758097 95.213324 -0.346186 0.938166 0.000000 1.5658809689597668e-38
-20.752714 52.119259 95.501895 -0.371038 0.928618 0.000000 1.5658809689597668e-38
-22.077215 51.231084 95.219323 -0.395627 0.918411 0.000000 1.5658809689597668e-38
-23.854722 50.350830 95.350191 -0.419935 0.907554 0.000000 1.5658809689597668e-38
-24.614250 49.761165 95.466507 -0.443946 0.896053 0.000000 1.5658809689597668e-38
-25.950620 48.944685 95.303441 -0.467642 0.883918 0.000000 1.5658809689597668e-38
-27.000468 48.946662 94.823478 -0.491007 0.871156 0.000000 1.5658809689597668e-38
-28.585663 47.807557 95.592007 -0.514023 0.857776 0.000000 1.5658809689597668e-38
-30.258623 47.232724 95.223353 -0.536676 0.843789 0.000000 1.5658809689597668e-38
-31.297784 46.261716 95.317554 -0.558948 0.829203 0.000000 1.5658809689597668e-38
-32.876362 45.729454 95.437201 -0.580823 0.814030 0.000000 1.5658809689597668e-38
-34.210538 44.998180 95.331729 -0.602287 0.798279 0.000000 1.5658809689597668e-38
-34.855043 44.016040 95.483088 -0.623325 0.781963 0.000000 1.5658809689597668e-38
-35.707266 42.754014 95.694944 -0.643920 0.765093 0.000000 1.5658809689597668e-38
-37.147647 42.019259 95.505704 -0.664059 0.747680 0.000000 1.5658809689597668e-38
-37.913648 41.078684 95.251732 -0.683727 0.729738 0.000000 1.5658809689597668e-38
-39.552454 39.813663 95.156585 -0.702911 0.711278 0.000000 1.5658809689597668e-38
-40.722041 38.128273 94.919837 -0.721596 0.692314 0.000000 1.5658809689597668e-38
-40.828431 37.480361 95.955653 -0.739770 0.672859 0.000000 1.5658809689597668e-38
-42.291416 36.546301 94.934434 -0.757420 0.652928 0.000000 1.5658809689597668e-38
-43.369210 35.986888 95.851906 -0.774533 0.632534 0.000000 1.5658809689597668e-38
-44.215848 33.907532 95.097466 -0.791097 0.611691 0.000000 1.5658809689597668e-38
-45.450008 33.444201 95.874132 -0.807100 0.590415 0.000000 1.5658809689597668e-38
-45.999541 31.755020 95.849229 -0.822531 0.568720 0.000000 1.5658809689597668e-38
-47.183314 30.624109 95.523505 -0.837379 0.546622 0.000000 1.5658809689597668e-38
-47.946780 29.158711 95.170494 -0.851634 0.524137 0.000000 1.5658809689597668e-38
-48.027321 28.643917 95.419053 -0.865285 0.501280 0.000000 1.5658809689597668e-38
-49.262861 26.589880 95.385139 -0.878323 0.478068 0.000000 1.5658809689597668e-38
-50.042659 25.421975 95.508585 -0.890738 0.454518 0.000000 1.5658809689597668e-38
-50.659031 24.057421 95.328979 -0.902522 0.430645 0.000000 1.5658809689597668e-38
-51.256732 22.627984 95.613274 -0.913666 0.406466 0.000000 1.5658809689597668e-38
-52.280447 21.862692 95.425274 -0.924162 0.382000 0.000000 1.5658809689597668e-38
-52.117305 20.222759 95.172198 -0.934004 0.357263 0.000000 1.5658809689597668e-38
-53.088633 18.296204 95.310495 -0.943183 0.332273 0.000000 1.5658809689597668e-38
-53.081146 17.018217 95.566995 -0.951694 0.307047 0.000000 1.5658809689597668e-38
-54.440094 15.652951 95.734757 -0.959531 0.281604 0.000000 1.5658809689597668e-38
-54.181736 14.083977 95.187562 -0.966687 0.255961 0.000000 1.5658809689597668e-38
-55.401213 12.583119 95.701788 -0.973158 0.230136 0.000000 1.5658809689597668e-38
-54.991325 11.292103 94.685072 -0.978940 0.204149 0.000000 1.5658809689597668e-38
-55.590681 10.325185 95.569804 -0.984028 0.178016 0.000000 1.5658809689597668e-38
-55.736492 8.308637 95.375864 -0.988418 0.151758 0.000000 1.5658809689597668e-38
-55.912700 6.420181 95.336852 -0.992107 0.125392 0.000000 1.5658809689597668e-38
-55.549305 5.717620 95.647187 -0.995094 0.098937 0.000000 1.5658809689597668e-38
-56.314888 4.072146 95.304080 -0.997375 0.072412 0.000000 1.5658809689597668e-38
-55.963135 2.503079 95.186481 -0.998949 0.045836 0.000000 1.5658809689597668e-38
-56.890807 1.425181 95.483612 -0.999815 0.019227 0.000000 1.5658809689597668e-38
-56.439576 -0.272172 95.250424 -0.999973 -0.007395 0.000000 1.5658809689597668e-38
-56.089114 -2.135086 95.545695 -0.999421 -0.034013 0.000000 1.5658809689597668e-38
-56.132836 -3.722713 95.724139 -0.998162 -0.060606 0.000000 1.5658809689597668e-38
-55.836404 -4.924603 95.592355 -0.996195 -0.087156 0.000000 1.5658809689597668e-38
-5.110537 55.984093 98.553253 -0.087156 0.996195 0.000000 1.5658809689597668e-38
-6.864999 56.040265 98.234825 -0.113644 0.993522 0.000000 1.5658809689597668e-38
-7.633730 55.947658 98.585903 -0.140052 0.990144 0.000000 1.5658809689597668e-38
-9.854653 55.522825 98.108358 -0.166360 0.986065 0.000000 1.5658809689597668e-38
-10.859175 54.590070 97.999289 -0.192551 0.981287 0.000000 1.5658809689597668e-38
-11.959268 55.086995 98.355394 -0.218605 0.975813 0.000000 1.5658809689597668e-38
-14.047734 54.303662 98.521585 -0.244504 0.969648 0.000000 1.5658809689597668e-38
-15.327569 54.706872 98.406109 -0.270230 0.962796 0.000000 1.5658809689597668e-38
-16.645442 53.401820 98.353329 -0.295765 0.955261 0.000000 1.5658809689597668e-38
-18.036728 53.243883 98.315850 -0.321089 0.947049 0.000000 1.5658809689597668e-38
-19.405699 53.309697 98.505029 -0.346186 0.938166 0.000000 1.5658809689597668e-38
-20.560639 52.503798 98.786844 -0.371038 0.928618 0.000000 1.5658809689597668e-38
-22.472117 51.680226 98.400706 -0.395627 0.918411 0.000000 1.5658809689597668e-38
-23.494826 51.368341 98.499055 -0.419935 0.907554 0.000000 1.5658809689597668e-38
-24.748436 50.313691 98.727152 -0.443946 0.896053 0.000000 1.5658809689597668e-38
-26.041717 50.002231 98.501789 -0.467642 0.883918 0.000000 1.5658809689597668e-38
-27.448801 48.811776 98.521047 -0.491007 0.871156 0.000000 1.5658809689597668e-38
-28.869376 47.927331 98.603914 -0.514023 0.857776 0.000000 1.5658809689597668e-38
-30.610380 47.409766 98.473467 -0.536676 0.843789 0.000000 1.5658809689597668e-38
-31.709730 46.741170 98.481506 -0.558948 0.829203 0.000000 1.5658809689597668e-38
-32.969019 46.031946 98.232292 -0.580823 0.814030 0.000000 1.5658809689597668e-38
-33.245834 44.941355 98.110150 -0.602287 0.798279 0.000000 1.5658809689597668e-38
-35.412740 44.399241 98.338793 -0.623325 0.781963 0.000000 1.5658809689597668e-38
-36.686888 43.360624 98.336866 -0.643920 0.765093 0.000000 1.5658809689597668e-38
-37.216341 42.404171 98.543878 -0.664059 0.747680 0.000000 1.5658809689597668e-38
-37.801685 40.595214 98.216153 -0.683727 0.729738 0.000000 1.5658809689597668e-38
-39.678031 40.750984 99.000939 -0.702911 0.711278 0.000000 1.5658809689597668e-38
-40.267359 38.765988 98.258284 -0.721596 0.692314 0.000000 1.5658809689597668e-38
-41.926440 37.673144 98.909350 -0.739770 0.672859 0.000000 1.5658809689597668e-38
-42.745367 36.751802 98.693854 -0.757420 0.652928 0.000000 1.5658809689597668e-38
-44.135415 35.652052 98.132477 -0.774533 0.632534 0.000000 1.5658809689597668e-38
-44.657873 34.286080 98.270144 -0.791097 0.611691 0.000000 1.5658809689597668e-38
-45.403476 33.329693 98.395592 -0.807100 0.590415 0.000000 1.5658809689597668e-38
-46.229318 31.780491 98.666014 -0.822531 0.568720 0.000000 1.5658809689597668e-38
-47.238910 30.651012 98.223111 -0.837379 0.546622 0.000000 1.5658809689597668e-38
-48.052559 30.090511 98.442544 -0.851634 0.524137 0.000000 1.5658809689597668e-38
-49.092543 28.517244 98.319960 -0.865285 0.501280 0.000000 1.5658809689597668e-38
-49.398624 26.752162 98.845770 -0.878323 0.478068 0.000000 1.5658809689597668e-38
-50.360437 26.026389 98.146760 -0.890738 0.454518 0.000000 1.5658809689597668e-38
-50.934969 24.682052 98.511991 -0.902522 0.430645 0.000000 1.5658809689597668e-38
-50.793506 22.819137 98.538651 -0.913666 0.406466 0.000000 1.5658809689597668e-38
-51.494766 21.067297 97.970213 -0.924162 0.382000 0.000000 1.5658809689597668e-38
-52.859424 20.371826 97.978583 -0.934004 0.357263 0.000000 1.5658809689597668e-38
-52.958822 18.877901 99.065856 -0.943183 0.332273 0.000000 1.5658809689597668e-38
-53.303793 17.407910 98.869278 -0.951694 0.307047 0.000000 1.5658809689597668e-38
-53.897266 15.727220 98.118157 -0.959531 0.281604 0.000000 1.5658809689597668e-38
-54.632930 14.408519 98.514044 -0.966687 0.255961 0.000000 1.5658809689597668e-38
-55.467260 12.899753 98.470113 -0.973158 0.230136 0.000000 1.5658809689597668e-38
-54.988162 11.989551 98.517235 -0.978940 0.204149 0.000000 1.5658809689597668e-38
-55.711923 9.483824 98.667642 -0.984028 0.178016 0.000000 1.5658809689597668e-38
-55.947117 8.809928 98.880765 -0.988418 0.151758 0.000000 1.5658809689597668e-38
-56.357481 7.230614 98.849325 -0.992107 0.125392 0.000000 1.5658809689597668e-38
-55.756798 4.945095 98.205443 -0.995094 0.098937 0.000000 1.5658809689597668e-38
-56.575079 4.236662 98.585536 -0.997375 0.072412 0.000000 1.5658809689597668e-38
-57.089080 2.492091 98.701754 -0.998949 0.045836 0.000000 1.5658809689597668e-38
-56.284118 1.127110 98.352040 -0.999815 0.019227 0.000000 1.5658809689597668e-38
-56.655067 -0.421765 98.477166 -0.999973 -0.007395 0.000000 1.5658809689597668e-38
-56.121752 -1.707282 98.487297 -0.999421 -0.034013 0.000000 1.5658809689597668e-38
-55.906890 -3.526934 98.028331 -0.998162 -0.060606 0.000000 1.5658809689597668e-38
-55.981423 -4.872347 98.610618 -0.996195 -0.087156 0.000000 1.5658809689597668e-38
-5.315917 56.962623 101.751612 -0.087156 0.996195 0.000000 1.5658809689597668e-38
-6.523304 55.993338 101.861608 -0.113644 0.993522 0.000000 1.5658809689597668e-38
-8.263197 56.761086 101.354500 -0.140052 0.990144 0.000000 1.5658809689597668e-38
-8.906654 55.796288 102.012686 -0.166360 0.986065 0.000000 1.5658809689597668e-38
-11.126726 55.586648 101.779886 -0.192551 0.981287 0.000000 1.5658809689597668e-38
-12.183372 55.601198 101.392220 -0.218605 0.975813 0.000000 1.5658809689597668e-38
-13.823507 55.296283 101.326885 -0.244504 0.969648 0.000000 1.5658809689597668e-38
-15.134325 54.467889 101.600224 -0.270230 0.962796 0.000000 1.5658809689597668e-38
-16.727012 53.870369 101.460254 -0.295765 0.955261 0.000000 1.5658809689597668e-38
-18.143313 53.610905 102.010282 -0.321089 0.947049 0.000000 1.5658809689597668e-38
-19.305332 53.225565 101.309518 -0.346186 0.938166 0.000000 1.5658809689597668e-38
-21.263153 53.189899 101.235496 -0.371038 0.928618 0.000000 1.5658809689597668e-38
-22.374520 52.127944 101.445064 -0.395627 0.918411 0.000000 1.5658809689597668e-38
-24.086188 51.169225 101.374510 -0.419935 0.907554 0.000000 1.5658809689597668e-38
-25.358365 51.151610 101.535724 -0.443946 0.896053 0.000000 1.5658809689597668e-38
-26.644826 50.098008 101.738848 -0.467642 0.883918 0.000000 1.5658809689597668e-38
-27.914465 49.613656 101.157118 -0.491007 0.871156 0.000000 1.5658809689597668e-38
-28.763370 48.582544 101.524058 -0.514023 0.857776 0.000000 1.5658809689597668e-38
-30.605712 47.424606 101.038460 -0.536676 0.843789 0.000000 1.5658809689597668e-38
-31.888141 47.143120 101.250078 -0.558948 0.829203 0.000000 1.5658809689597668e-38
-33.362904 45.834667 101.423012 -0.580823 0.814030 0.000000 1.5658809689597668e-38
-34.217764 45.176607 101.848243 -0.602287 0.798279 0.000000 1.5658809689597668e-38
-34.930902 44.892754 101.050989 -0.623325 0.781963 0.000000 1.5658809689597668e-38
-36.728984 43.545109 101.402252 -0.643920 0.765093 0.000000 1.5658809689597668e-38
-37.354673 42.411431 102.012223 -0.664059 0.747680 0.000000 1.5658809689597668e-38
-38.414125 41.651318 101.414900 -0.683727 0.729738 0.000000 1.5658809689597668e-38
-39.842760 40.195858 101.086694 -0.702911 0.711278 0.000000 1.5658809689597668e-38
-40.430354 39.436916 101.434953 -0.721596 0.692314 0.000000 1.5658809689597668e-38
-41.509901 37.922262 100.987021 -0.739770 0.672859 0.000000 1.5658809689597668e-38
-42.598763 36.598864 101.479729 -0.757420 0.652928 0.000000 1.5658809689597668e-38
-43.808425 35.942919 101.792982 -0.774533 0.632534 0.000000 1.5658809689597668e-38
-44.634200 34.811701 101.301236 -0.791097 0.611691 0.000000 1.5658809689597668e-38
-45.626617 32.989966 102.007103 -0.807100 0.590415 0.000000 1.5658809689597668e-38
-47.009692 32.108893 101.142799 -0.822531 0.568720 0.000000 1.5658809689597668e-38
-47.648984 30.965216 101.379834 -0.837379 0.546622 0.000000 1.5658809689597668e-38
-47.894055 29.755676 101.399589 -0.851634 0.524137 0.000000 1.5658809689597668e-38
-49.050608 28.758892 101.811123 -0.865285 0.501280 0.000000 1.5658809689597668e-38
-50.090632 26.874039 101.680898 -0.878323 0.478068 0.000000 1.5658809689597668e-38
-50.346197 25.429179 101.763200 -0.890738 0.454518 0.000000 1.5658809689597668e-38
-51.386916 24.783254 101.697296 -0.902522 0.430645 0.000000 1.5658809689597668e-38
-52.090445 22.863907 101.374523 -0.913666 0.406466 0.000000 1.5658809689597668e-38
-52.297440 21.575643 101.194815 -0.924162 0.382000 0.000000 1.5658809689597668e-38
-53.321114 20.400413 101.624333 -0.934004 0.357263 0.000000 1.5658809689597668e-38
-53.391111 18.901453 101.352786 -0.943183 0.332273 0.000000 1.5658809689597668e-38
-53.849647 18.152974 101.890832 -0.951694 0.307047 0.000000 1.5658809689597668e-38
-54.435233 15.793272 100.680330 -0.959531 0.281604 0.000000 1.5658809689597668e-38
-54.433446 14.733822 101.375313 -0.966687 0.255961 0.000000 1.5658809689597668e-38
-55.550103 12.688540 101.671781 -0.973158 0.230136 0.000000 1.5658809689597668e-38
-55.474860 11.770640 101.564394 -0.978940 0.204149 0.000000 1.5658809689597668e-38
-55.446197 10.193881 101.787100 -0.984028 0.178016 0.000000 1.5658809689597668e-38
-56.611793 8.225404 101.429156 -0.988418 0.151758 0.000000 1.5658809689597668e-38
-55.869999 7.666473 101.489191 -0.992107 0.125392 0.000000 1.5658809689597668e-38
-56.546496 5.017397 101.797531 -0.995094 0.098937 0.000000 1.5658809689597668e-38
-56.657283 4.988989 101.316640 -0.997375 0.072412 0.000000 1.5658809689597668e-38
-55.949807 2.820692 101.229982 -0.998949 0.045836 0.000000 1.5658809689597668e-38
-56.560807 1.320450 101.470886 -0.999815 0.019227 0.000000 1.5658809689597668e-38
-56.387976 -0.174095 101.717363 -0.999973 -0.007395 0.000000 1.5658809689597668e-38
-56.613090 -2.278985 101.515426 -0.999421 -0.034013 0.000000 1.5658809689597668e-38
-56.483983 -3.995574 101.589232 -0.998162 -0.060606 0.000000 1.5658809689597668e-38
-56.454425 -5.325569 101.438560 -0.996195 -0.087156 0.000000 1.5658809689597668e-38
-5.052702 57.262353 104.681420 -0.087156 0.996195 0.000000 1.5658809689597668e-38
-6.155517 56.495877 104.053210 -0.113644 0.993522 0.000000 1.5658809689597668e-38
-7.767227 56.141595 104.514705 -0.140052 0.990144 0.000000 1.5658809689597668e-38
-9.781772 56.128778 104.934938 -0.166360 0.986065 0.000000 1.5658809689597668e-38
-10.676300 56.310934 105.133772 -0.192551 0.981287 0.000000 1.5658809689597668e-38
-13.052360 55.165546 104.072927 -0.218605 0.975813 0.000000 1.5658809689597668e-38
-13.722679 54.964909 104.468631 -0.244504 0.969648 0.000000 1.5658809689597668e-38
-15.441036 54.897700 104.169788 -0.270230 0.962796 0.000000 1.5658809689597668e-38
-17.206617 54.354585 104.975008 -0.295765 0.955261 0.000000 1.5658809689597668e-38
-18.277551 53.649440 103.970922 -0.321089 0.947049 0.000000 1.5658809689597668e-38
-19.412152 53.160706 104.271154 -0.346186 0.938166 0.000000 1.5658809689597668e-38
-21.626615 52.406468 104.327020 -0.371038 0.928618 0.000000 1.5658809689597668e-38
-22.582770 51.894837 104.671097 -0.395627 0.918411 0.000000 1.5658809689597668e-38
-23.968193 52.306281 104.104052 -0.419935 0.907554 0.000000 1.5658809689597668e-38
-25.212023 51.037506 104.306217 -0.443946 0.896053 0.000000 1.5658809689597668e-38
-26.580194 50.525668 104.644332 -0.467642 0.883918 0.000000 1.5658809689597668e-38
-27.522875 48.915320 104.362715 -0.491007 0.871156 0.000000 1.5658809689597668e-38
-28.805338 49.080938 104.777538 -0.514023 0.857776 0.000000 1.5658809689597668e-38
-30.166802 47.436472 104.854068 -0.536676 0.843789 0.000000 1.5658809689597668e-38
-31.484723 46.983910 105.404156 -0.558948 0.829203 0.000000 1.5658809689597668e-38
-32.989855 45.660329 104.729766 -0.580823 0.814030 0.000000 1.5658809689597668e-38
-34.486019 45.771468 104.779768 -0.602287 0.798279 0.000000 1.5658809689597668e-38
-35.646450 44.944322 104.897220 -0.623325 0.781963 0.000000 1.5658809689597668e-38
-36.887322 43.488052 104.770460 -0.643920 0.765093 0.000000 1.5658809689597668e-38
-37.894130 42.442570 104.626402 -0.664059 0.747680 0.000000 1.5658809689597668e-38
-39.223714 40.852131 104.687125 -0.683727 0.729738 0.000000 1.5658809689597668e-38
-40.592193 40.173690 104.083910 -0.702911 0.711278 0.000000 1.5658809689597668e-38
-41.553258 39.520464 104.548692 -0.721596 0.692314 0.000000 1.5658809689597668e-38
-42.170344 37.890822 104.418630 -0.739770 0.672859 0.000000 1.5658809689597668e-38
-42.984153 37.135866 104.862187 -0.757420 0.652928 0.000000 1.5658809689597668e-38
-43.781281 35.915393 104.059710 -0.774533 0.632534 0.000000 1.5658809689597668e-38
-45.240284 34.775809 104.382438 -0.791097 0.611691 0.000000 1.5658809689597668e-38
-46.240256 33.615430 105.344476 -0.807100 0.590415 0.000000 1.5658809689597668e-38
-46.948354 32.359240 104.221774 -0.822531 0.568720 0.000000 1.5658809689597668e-38
-47.273733 31.365145 104.857105 -0.837379 0.546622 0.000000 1.5658809689597668e-38
-48.049900 29.695116 104.524659 -0.851634 0.524137 0.000000 1.5658809689597668e-38
-48.721614 28.712595 103.949618 -0.865285 0.501280 0.000000 1.5658809689597668e-38
-49.839975 27.027509 104.884836 -0.878323 0.478068 0.000000 1.5658809689597668e-38
-50.560385 25.339817 104.696034 -0.890738 0.454518 0.000000 1.5658809689597668e-38
-51.290151 24.612650 104.788043 -0.902522 0.430645 0.000000 1.5658809689597668e-38
-51.538650 23.252041 104.622254 -0.913666 0.406466 0.000000 1.5658809689597668e-38
-52.240302 22.408568 104.889906 -0.924162 0.382000 0.000000 1.5658809689597668e-38
-53.082812 20.457970 104.692198 -0.934004 0.357263 0.000000 1.5658809689597668e-38
-53.661432 19.555819 104.390669 -0.943183 0.332273 0.000000 1.5658809689597668e-38
-53.804791 17.433167 104.171259 -0.951694 0.307047 0.000000 1.5658809689597668e-38
-54.653653 15.859165 104.788658 -0.959531 0.281604 0.000000 1.5658809689597668e-38
-54.976964 14.257507 105.056687 -0.966687 0.255961 0.000000 1.5658809689597668e-38
-55.045526 13.570525 104.686474 -0.973158 0.230136 0.000000 1.5658809689597668e-38
-55.712250 11.827090 104.442142 -0.978940 0.204149 0.000000 1.5658809689597668e-38
-55.951997 10.076398 104.177074 -0.984028 0.178016 0.000000 1.5658809689597668e-38
-56.202578 8.502711 104.542619 -0.988418 0.151758 0.000000 1.5658809689597668e-38
-56.341616 7.516541 104.360754 -0.992107 0.125392 0.000000 1.5658809689597668e-38
-56.721645 5.399980 104.366330 -0.995094 0.098937 0.000000 1.5658809689597668e-38
-56.928843 4.061303 104.791146 -0.997375 0.072412 0.000000 1.5658809689597668e-38
-56.743910 2.290993 105.003633 -0.998949 0.045836 0.000000 1.5658809689597668e-38
-56.606004 0.823659 104.982618 -0.999815 0.019227 0.000000 1.5658809689597668e-38
-56.800208 -0.467733 104.722809 -0.999973 -0.007395 0.000000 1.5658809689597668e-38
-56.874655 -1.771786 104.671579 -0.999421 -0.034013 0.000000 1.5658809689597668e-38
-56.896480 -4.056199 104.773539 -0.998162 -0.060606 0.000000 1.5658809689597668e-38
-56.795421 -4.725764 104.759887 -0.996195 -0.087156 0.000000 1.5658809689597668e-38
-5.082114 57.203584 107.753760 -0.087156 0.996195 0.000000 1.5658809689597668e-38
-6.441578 56.702578 108.197374 -0.113644 0.993522 0.000000 1.5658809689597668e-38
-8.212905 56.454315 107.321107 -0.140052 0.990144 0.000000 1.5658809689597668e-38
-9.283492 56.143496 107.551297 -0.166360 0.986065 0.000000 1.5658809689597668e-38
-11.152443 56.064063 107.317080 -0.192551 0.981287 0.000000 1.5658809689597668e-38
-13.158392 55.869941 107.058240 -0.218605 0.975813 0.000000 1.5658809689597668e-38
-13.708384 55.848068 107.643041 -0.244504 0.969648 0.000000 1.5658809689597668e-38
-15.044087 54.981861 108.172080 -0.270230 0.962796 0.000000 1.5658809689597668e-38
-17.029170 53.849327 107.668334 -0.295765 0.955261 0.000000 1.5658809689597668e-38
-17.826312 54.250265 107.537711 -0.321089 0.947049 0.000000 1.5658809689597668e-38
-19.673430 53.873757 107.666623 -0.346186 0.938166 0.000000 1.5658809689597668e-38
-20.403568 52.881862 107.993061 -0.371038 0.928618 0.000000 1.5658809689597668e-38
-22.367269 52.244215 107.564976 -0.395627 0.918411 0.000000 1.5658809689597668e-38
-23.678770 51.877497 107.793729 -0.419935 0.907554 0.000000 1.5658809689597668e-38
-25.846340 51.374019 107.778497 -0.443946 0.896053 0.000000 1.5658809689597668e-38
-26.728101 50.592372 107.569542 -0.467642 0.883918 0.000000 1.5658809689597668e-38
-28.220947 49.682642 107.553047 -0.491007 0.871156 0.000000 1.5658809689597668e-38
-28.703788 49.264607 107.401767 -0.514023 0.857776 0.000000 1.5658809689597668e-38
-30.040822 48.062303 107.701144 -0.536676 0.843789 0.000000 1.5658809689597668e-38
-31.654523 46.768120 107.621200 -0.558948 0.829203 0.000000 1.5658809689597668e-38
-33.345159 46.554031 107.803323 -0.580823 0.814030 0.000000 1.5658809689597668e-38
-34.422236 45.555849 108.011847 -0.602287 0.798279 0.000000 1.5658809689597668e-38
-35.510129 44.673492 107.736669 -0.623325 0.781963 0.000000 1.5658809689597668e-38
-36.226093 43.749334 107.537973 -0.643920 0.765093 0.000000 1.5658809689597668e-38
-38.499777 42.272845 107.552200 -0.664059 0.747680 0.000000 1.5658809689597668e-38
-39.082926 41.511568 107.797651 -0.683727 0.729738 0.000000 1.5658809689597668e-38
-40.316623 40.349595 107.876101 -0.702911 0.711278 0.000000 1.5658809689597668e-38
-40.802456 39.208686 107.765422 -0.721596 0.692314 0.000000 1.5658809689597668e-38
-42.822768 37.987343 107.515678 -0.739770 0.672859 0.000000 1.5658809689597668e-38
-42.918839 37.057723 107.447478 -0.757420 0.652928 0.000000 1.5658809689597668e-38
-44.225870 36.137658 107.456768 -0.774533 0.632534 0.000000 1.5658809689597668e-38
-44.586859 34.856517 107.726383 -0.791097 0.611691 0.000000 1.5658809689597668e-38
-46.217265 33.852949 108.062795 -0.807100 0.590415 0.000000 1.5658809689597668e-38
-46.478966 32.253209 108.022546 -0.822531 0.568720 0.000000 1.5658809689597668e-38
-47.661197 31.512158 107.664744 -0.837379 0.546622 0.000000 1.5658809689597668e-38
-48.696352 30.216291 107.978715 -0.851634 0.524137 0.000000 1.5658809689597668e-38
-48.950186 28.689704 107.660233 -0.865285 0.501280 0.000000 1.5658809689597668e-38
-50.902494 26.821032 107.574032 -0.878323 0.478068 0.000000 1.5658809689597668e-38
-51.203935 26.203566 107.299301 -0.890738 0.454518 0.000000 1.5658809689597668e-38
-51.697031 24.457237 108.053731 -0.902522 0.430645 0.000000 1.5658809689597668e-38
-52.365598 23.350654 107.751020 -0.913666 0.406466 0.000000 1.5658809689597668e-38
-52.511640 22.072626 107.682276 -0.924162 0.382000 0.000000 1.5658809689597668e-38
-53.853604 20.335206 107.686321 -0.934004 0.357263 0.000000 1.5658809689597668e-38
-53.783193 18.756166 108.034578 -0.943183 0.332273 0.000000 1.5658809689597668e-38
-54.351008 17.260538 107.554839 -0.951694 0.307047 0.000000 1.5658809689597668e-38
-54.224104 16.282824 108.006845 -0.959531 0.281604 0.000000 1.5658809689597668e-38
-55.523873 14.412287 107.487881 -0.966687 0.255961 0.000000 1.5658809689597668e-38
-55.525676 13.091798 107.545459 -0.973158 0.230136 0.000000 1.5658809689597668e-38
-56.020418 11.421535 107.638356 -0.978940 0.204149 0.000000 1.5658809689597668e-38
-55.867807 9.713286 107.796252 -0.984028 0.178016 0.000000 1.5658809689597668e-38
-56.038483 8.612548 107.533645 -0.988418 0.151758 0.000000 1.5658809689597668e-38
-56.385969 6.866371 107.685500 -0.992107 0.125392 0.000000 1.5658809689597668e-38
-57.145758 5.089664 107.646712 -0.995094 0.098937 0.000000 1.5658809689597668e-38
-57.343106 4.132245 108.026817 -0.997375 0.072412 0.000000 1.5658809689597668e-38
-56.497719 2.645926 107.998072 -0.998949 0.045836 0.000000 1.5658809689597668e-38
-56.983777 0.983198 107.114875 -0.999815 0.019227 0.000000 1.5658809689597668e-38
-56.624514 -0.737111 108.107139 -0.999973 -0.007395 0.000000 1.5658809689597668e-38
-56.919935 -2.235398 107.785907 -0.999421 -0.034013 0.000000 1.5658809689597668e-38
-56.369162 -3.000736 107.538494 -0.998162 -0.060606 0.000000 1.5658809689597668e-38
-57.110281 -4.947753 107.642654 -0.996195 -0.087156 0.000000 1.5658809689597668e-38
-4.632540 57.285965 110.261558 -0.087156 0.996195 0.000000 1.5658809689597668e-38
-6.372165 56.857236 110.780363 -0.113644 0.993522 0.000000 1.5658809689597668e-38
-7.947777 57.077120 111.062569 -0.140052 0.990144 0.000000 1.5658809689597668e-38
-9.754389 56.466256 110.634674 -0.166360 0.986065 0.000000 1.5658809689597668e-38
-11.534272 56.177331 111.322657 -0.192551 0.981287 0.000000 1.5658809689597668e-38
-13.035766 55.889387 110.752389 -0.218605 0.975813 0.000000 1.5658809689597668e-38
-13.919391 55.254633 110.341698 -0.244504 0.969648 0.000000 1.5658809689597668e-38
-15.892923 55.550207 110.474425 -0.270230 0.962796 0.000000 1.5658809689597668e-38
-17.091873 55.350703 110.548954 -0.295765 0.955261 0.000000 1.5658809689597668e-38
-18.289937 54.568060 111.073947 -0.321089 0.947049 0.000000 1.5658809689597668e-38
-20.229747 53.526064 110.859940 -0.346186 0.938166 0.000000 1.5658809689597668e-38
-20.675129 52.964679 110.621147 -0.371038 0.928618 0.000000 1.5658809689597668e-38
-22.536459 52.794391 110.973307 -0.395627 0.918411 0.000000 1.5658809689597668e-38
-24.308673 51.826952 110.833881 -0.419935 0.907554 0.000000 1.5658809689597668e-38
-25.051457 51.256247 110.762540 -0.443946 0.896053 0.000000 1.5658809689597668e-38
-27.095289 51.191606 110.815510 -0.467642 0.883918 0.000000 1.5658809689597668e-38
-27.802559 49.910566 110.794811 -0.491007 0.871156 0.000000 1.5658809689597668e-38
-29.894417 48.489958 111.144802 -0.514023 0.857776 0.000000 1.5658809689597668e-38
-30.718476 48.395879 110.394515 -0.536676 0.843789 0.000000 1.5658809689597668e-38
-32.288593 47.817147 111.291274 -0.558948 0.829203 0.000000 1.5658809689597668e-38
-33.457143 46.830741 110.826238 -0.580823 0.814030 0.000000 1.5658809689597668e-38
-34.536425 46.282674 110.633270 -0.602287 0.798279 0.000000 1.5658809689597668e-38
-35.333105 44.906893 110.764164 -0.623325 0.781963 0.000000 1.5658809689597668e-38
-36.473459 43.913138 110.740303 -0.643920 0.765093 0.000000 1.5658809689597668e-38
-37.624833 43.203446 111.129820 -0.664059 0.747680 0.000000 1.5658809689597668e-38
-40.331648 41.932933 110.832866 -0.683727 0.729738 0.000000 1.5658809689597668e-38
-40.274647 40.926399 110.847398 -0.702911 0.711278 0.000000 1.5658809689597668e-38
-41.131189 39.576784 111.218685 -0.721596 0.692314 0.000000 1.5658809689597668e-38
-42.141894 38.705530 110.917342 -0.739770 0.672859 0.000000 1.5658809689597668e-38
-43.039404 37.707559 110.735399 -0.757420 0.652928 0.000000 1.5658809689597668e-38
-44.069755 36.285040 111.344309 -0.774533 0.632534 0.000000 1.5658809689597668e-38
-44.986344 34.851232 111.468444 -0.791097 0.611691 0.000000 1.5658809689597668e-38
-46.862969 34.011378 110.560357 -0.807100 0.590415 0.000000 1.5658809689597668e-38
-46.551629 32.653298 110.531092 -0.822531 0.568720 0.000000 1.5658809689597668e-38
-48.046763 31.097472 110.677498 -0.837379 0.546622 0.000000 1.5658809689597668e-38
-48.881943 29.798306 110.850250 -0.851634 0.524137 0.000000 1.5658809689597668e-38
-49.447938 28.415483 110.271750 -0.865285 0.501280 0.000000 1.5658809689597668e-38
-50.218845 27.544321 110.988296 -0.878323 0.478068 0.000000 1.5658809689597668e-38
-50.857945 26.507520 111.068351 -0.890738 0.454518 0.000000 1.5658809689597668e-38
-50.894351 25.598405 110.241800 -0.902522 0.430645 0.000000 1.5658809689597668e-38
-52.995801 23.281016 110.920500 -0.913666 0.406466 0.000000 1.5658809689597668e-38
-52.960689 22.092827 110.688158 -0.924162 0.382000 0.000000 1.5658809689597668e-38
-53.709851 20.301896 110.709180 -0.934004 0.357263 0.000000 1.5658809689597668e-38
-53.774435 18.887246 110.682540 -0.943183 0.332273 0.000000 1.5658809689597668e-38
-54.343952 17.528644 111.104244 -0.951694 0.307047 0.000000 1.5658809689597668e-38
-55.239759 15.789923 110.860619 -0.959531 0.281604 0.000000 1.5658809689597668e-38
-55.252553 14.402459 111.172309 -0.966687 0.255961 0.000000 1.5658809689597668e-38
-55.167043 12.994315 111.215421 -0.973158 0.230136 0.000000 1.5658809689597668e-38
-56.790338 12.016884 110.511902 -0.978940 0.204149 0.000000 1.5658809689597668e-38
-56.074306 9.908759 110.748685 -0.984028 0.178016 0.000000 1.5658809689597668e-38
-56.861640 8.628842 111.318208 -0.988418 0.151758 0.000000 1.5658809689597668e-38
-56.862334 7.815799 110.653487 -0.992107 0.125392 0.000000 1.5658809689597668e-38
-56.553491 5.179612 110.683278 -0.995094 0.098937 0.000000 1.5658809689597668e-38
-57.292520 4.609226 110.824805 -0.997375 0.072412 0.000000 1.5658809689597668e-38
-57.848284 2.232531 110.465432 -0.998949 0.045836 0.000000 1.5658809689597668e-38
-56.991260 1.342866 110.679111 -0.999815 0.019227 0.000000 1.5658809689597668e-38
-57.445050 -0.208707 110.430374 -0.999973 -0.007395 0.000000 1.5658809689597668e-38
-57.111620 -1.836555 110.686854 -0.999421 -0.034013 0.000000 1.5658809689597668e-38
-57.057464 -3.440987 110.918457 -0.998162 -0.060606 0.000000 1.5658809689597668e-38
-57.464319 -4.808110 111.077211 -0.996195 -0.087156 0.000000 1.5658809689597668e-38
-4.906705 57.364806 113.813178 -0.087156 0.996195 0.000000 1.5658809689597668e-38
-6.256097 57.050568 113.501771 -0.113644 0.993522 0.000000 1.5658809689597668e-38
-7.793315 56.346880 113.930988 -0.140052 0.990144 0.000000 1.5658809689597668e-38
-9.664832 56.468531 113.897750 -0.166360 0.986065 0.000000 1.5658809689597668e-38
-11.265768 56.482357 113.863193 -0.192551 0.981287 0.000000 1.5658809689597668e-38
-12.733751 56.415951 113.907589 -0.218605 0.975813 0.000000 1.5658809689597668e-38
-13.846011 56.085573 114.266207 -0.244504 0.969648 0.000000 1.5658809689597668e-38
-15.338056 55.176448 113.417243 -0.270230 0.962796 0.000000 1.5658809689597668e-38
-16.915730 55.163097 113.952448 -0.295765 0.955261 0.000000 1.5658809689597668e-38
-19.464824 54.624352 114.125604 -0.321089 0.947049 0.000000 1.5658809689597668e-38
-19.962464 54.149921 114.034543 -0.346186 0.938166 0.000000 1.5658809689597668e-38
-21.504313 53.686712 113.465911 -0.371038 0.928618 0.000000 1.5658809689597668e-38
-22.727302 52.672349 113.598522 -0.395627 0.918411 0.000000 1.5658809689597668e-38
-24.014361 52.489321 114.220476 -0.419935 0.907554 0.000000 1.5658809689597668e-38
-25.266686 50.927271 113.445368 -0.443946 0.896053 0.000000 1.5658809689597668e-38
-26.794158 50.729157 113.696730 -0.467642 0.883918 0.000000 1.5658809689597668e-38
-27.613608 50.038603 114.008878 -0.491007 0.871156 0.000000 1.5658809689597668e-38
-29.210057 49.255305 114.623472 -0.514023 0.857776 0.000000 1.5658809689597668e-38
-31.088843 48.254070 113.563306 -0.536676 0.843789 0.000000 1.5658809689597668e-38
-31.616405 47.839261 113.682908 -0.558948 0.829203 0.000000 1.5658809689597668e-38
-33.600095 47.143109 113.954660 -0.580823 0.814030 0.000000 1.5658809689597668e-38
-34.149905 45.805484 113.999614 -0.602287 0.798279 0.000000 1.5658809689597668e-38
-35.690556 44.699704 113.802911 -0.623325 0.781963 0.000000 1.5658809689597668e-38
-37.318149 44.066764 114.074528 -0.643920 0.765093 0.000000 1.5658809689597668e-38
-37.821845 43.118960 113.807691 -0.664059 0.747680 0.000000 1.5658809689597668e-38
-38.782319 42.156734 114.262718 -0.683727 0.729738 0.000000 1.5658809689597668e-38
-39.913723 40.791717 113.962518 -0.702911 0.711278 0.000000 1.5658809689597668e-38
-41.189340 39.396071 113.508062 -0.721596 0.692314 0.000000 1.5658809689597668e-38
-42.854745 38.591632 113.746159 -0.739770 0.672859 0.000000 1.5658809689597668e-38
-43.908796 37.524742 113.817468 -0.757420 0.652928 0.000000 1.5658809689597668e-38
-44.105750 36.913137 113.983089 -0.774533 0.632534 0.000000 1.5658809689597668e-38
-45.620226 35.306833 113.848945 -0.791097 0.611691 0.000000 1.5658809689597668e-38
-46.401903 33.633021 113.706888 -0.807100 0.590415 0.000000 1.5658809689597668e-38
-47.268993 32.887394 113.999462 -0.822531 0.568720 0.000000 1.5658809689597668e-38
-47.520308 31.579992 113.973442 -0.837379 0.546622 0.000000 1.5658809689597668e-38
-48.978106 29.775737 113.675186 -0.851634 0.524137 0.000000 1.5658809689597668e-38
-49.879795 28.006664 113.543564 -0.865285 0.501280 0.000000 1.5658809689597668e-38
-49.937582 27.553082 113.733197 -0.878323 0.478068 0.000000 1.5658809689597668e-38
-51.011367 25.504595 113.930783 -0.890738 0.454518 0.000000 1.5658809689597668e-38
-51.424089 24.683904 113.314557 -0.902522 0.430645 0.000000 1.5658809689597668e-38
-52.571224 23.716118 113.923743 -0.913666 0.406466 0.000000 1.5658809689597668e-38
-53.475067 22.638192 113.470011 -0.924162 0.382000 0.000000 1.5658809689597668e-38
-53.687384 20.196709 113.535353 -0.934004 0.357263 0.000000 1.5658809689597668e-38
-54.277083 19.264256 114.233313 -0.943183 0.332273 0.000000 1.5658809689597668e-38
-54.745845 17.322335 113.989746 -0.951694 0.307047 0.000000 1.5658809689597668e-38
-54.927442 16.236966 113.928876 -0.959531 0.281604 0.000000 1.5658809689597668e-38
-55.524398 14.722316 113.791659 -0.966687 0.255961 0.000000 1.5658809689597668e-38
-55.541022 13.879012 113.900050 -0.973158 0.230136 0.000000 1.5658809689597668e-38
-56.195939 11.795473 113.648777 -0.978940 0.204149 0.000000 1.5658809689597668e-38
-56.256518 10.351002 113.720013 -0.984028 0.178016 0.000000 1.5658809689597668e-38
-56.467399 8.717037 113.555137 -0.988418 0.151758 0.000000 1.5658809689597668e-38
-56.844331 7.268955 114.134279 -0.992107 0.125392 0.000000 1.5658809689597668e-38
-56.871777 5.646505 113.704528 -0.995094 0.098937 0.000000 1.5658809689597668e-38
-57.251660 4.265656 113.991280 -0.997375 0.072412 0.000000 1.5658809689597668e-38
-57.252122 2.603879 114.145199 -0.998949 0.045836 0.000000 1.5658809689597668e-38
-57.594556 1.847507 114.075075 -0.999815 0.019227 0.000000 1.5658809689597668e-38
-57.739553 -0.368948 114.077959 -0.999973 -0.007395 0.000000 1.5658809689597668e-38
-57.474475 -2.400962 113.534435 -0.999421 -0.034013 0.000000 1.5658809689597668e-38
-57.134730 -4.005323 113.411350 -0.998162 -0.060606 0.000000 1.5658809689597668e-38
-57.023391 -5.069755 113.637420 -0.996195 -0.087156 0.000000 1.5658809689597668e-38
-5.157755 56.815723 117.068413 -0.087156 0.996195 0.000000 1.5658809689597668e-38
-6.773734 56.942599 117.027112 -0.113644 0.993522 0.000000 1.5658809689597668e-38
-8.126564 56.697813 116.326245 -0.140052 0.990144 0.000000 1.5658809689597668e-38
-9.451449 56.698455 116.767861 -0.166360 0.986065 0.000000 1.5658809689597668e-38
-11.378219 56.403964 117.067218 -0.192551 0.981287 0.000000 1.5658809689597668e-38
-12.535151 56.576958 117.134509 -0.218605 0.975813 0.000000 1.5658809689597668e-38
-14.085237 55.952673 116.937676 -0.244504 0.969648 0.000000 1.5658809689597668e-38
-15.518107 55.726249 116.653660 -0.270230 0.962796 0.000000 1.5658809689597668e-38
-16.992277 55.261181 117.015774 -0.295765 0.955261 0.000000 1.5658809689597668e-38
-18.565541 53.920433 116.241973 -0.321089 0.947049 0.000000 1.5658809689597668e-38
-19.274447 54.014267 116.747855 -0.346186 0.938166 0.000000 1.5658809689597668e-38
-21.220837 53.088625 116.823717 -0.371038 0.928618 0.000000 1.5658809689597668e-38
-23.021213 52.362330 116.291581 -0.395627 0.918411 0.000000 1.5658809689597668e-38
-24.615369 52.468670 116.627012 -0.419935 0.907554 0.000000 1.5658809689597668e-38
-25.355638 51.788277 116.928051 -0.443946 0.896053 0.000000 1.5658809689597668e-38
-26.967624 50.843686 116.798091 -0.467642 0.883918 0.000000 1.5658809689597668e-38
-27.859779 50.633227 117.358020 -0.491007 0.871156 0.000000 1.5658809689597668e-38
-30.189316 49.170158 116.924325 -0.514023 0.857776 0.000000 1.5658809689597668e-38
-30.706885 47.979127 116.400044 -0.536676 0.843789 0.000000 1.5658809689597668e-38
-31.733858 47.491268 116.476855 -0.558948 0.829203 0.000000 1.5658809689597668e-38
-33.714310 46.904048 116.676313 -0.580823 0.814030 0.000000 1.5658809689597668e-38
-34.544391 45.588028 116.399817 -0.602287 0.798279 0.000000 1.5658809689597668e-38
-35.398690 45.063324 116.822952 -0.623325 0.781963 0.000000 1.5658809689597668e-38
-37.166146 44.413703 117.100536 -0.643920 0.765093 0.000000 1.5658809689597668e-38
-37.823195 42.798322 116.938277 -0.664059 0.747680 0.000000 1.5658809689597668e-38
-39.177028 41.777148 116.894417 -0.683727 0.729738 0.000000 1.5658809689597668e-38
-40.575366 41.000898 116.526659 -0.702911 0.711278 0.000000 1.5658809689597668e-38
-41.302653 39.884430 116.862084 -0.721596 0.692314 0.000000 1.5658809689597668e-38
-42.383954 38.563566 116.722038 -0.739770 0.672859 0.000000 1.5658809689597668e-38
-43.370120 37.703574 116.770896 -0.757420 0.652928 0.000000 1.5658809689597668e-38
-44.694726 36.300401 116.757475 -0.774533 0.632534 0.000000 1.5658809689597668e-38
-45.011296 35.252291 116.927457 -0.791097 0.611691 0.000000 1.5658809689597668e-38
-46.668442 34.156182 116.739595 -0.807100 0.590415 0.000000 1.5658809689597668e-38
-47.471363 32.919354 117.039274 -0.822531 0.568720 0.000000 1.5658809689597668e-38
-48.879979 31.370155 116.960733 -0.837379 0.546622 0.000000 1.5658809689597668e-38
-49.050117 30.173244 116.380171 -0.851634 0.524137 0.000000 1.5658809689597668e-38
-50.582145 28.518790 117.007751 -0.865285 0.501280 0.000000 1.5658809689597668e-38
-51.449676 27.224243 116.346249 -0.878323 0.478068 0.000000 1.5658809689597668e-38
-51.268546 26.711076 116.857924 -0.890738 0.454518 0.000000 1.5658809689597668e-38
-51.905293 25.003360 116.929469 -0.902522 0.430645 0.000000 1.5658809689597668e-38
-52.578057 23.639925 117.064643 -0.913666 0.406466 0.000000 1.5658809689597668e-38
-53.030268 21.914080 116.819258 -0.924162 0.382000 0.000000 1.5658809689597668e-38
-53.407353 20.432996 117.292453 -0.934004 0.357263 0.000000 1.5658809689597668e-38
-54.524248 19.527737 117.064689 -0.943183 0.332273 0.000000 1.5658809689597668e-38
-54.989841 17.800426 116.727986 -0.951694 0.307047 0.000000 1.5658809689597668e-38
-55.139659 16.039367 116.883203 -0.959531 0.281604 0.000000 1.5658809689597668e-38
-55.278577 14.867059 116.585467 -0.966687 0.255961 0.000000 1.5658809689597668e-38
-56.253373 13.308462 117.026033 -0.973158 0.230136 0.000000 1.5658809689597668e-38
-56.467571 12.210972 117.167125 -0.978940 0.204149 0.000000 1.5658809689597668e-38
-56.745324 10.014932 116.854733 -0.984028 0.178016 0.000000 1.5658809689597668e-38
-56.909535 9.099236 117.218434 -0.988418 0.151758 0.000000 1.5658809689597668e-38
-57.011520 7.410358 117.169969 -0.992107 0.125392 0.000000 1.5658809689597668e-38
-57.176208 5.807262 117.101333 -0.995094 0.098937 0.000000 1.5658809689597668e-38
-57.178513 3.928294 116.719764 -0.997375 0.072412 0.000000 1.5658809689597668e-38
-57.501851 2.422445 116.481147 -0.998949 0.045836 0.000000 1.5658809689597668e-38
-57.262269 1.209008 116.521267 -0.999815 0.019227 0.000000 1.5658809689597668e-38
-57.546383 -0.480341 116.977660 -0.999973 -0.007395 0.000000 1.5658809689597668e-38
-57.767001 -2.361094 117.078994 -0.999421 -0.034013 0.000000 1.5658809689597668e-38
-57.830216 -3.553149 116.825254 -0.998162 -0.060606 0.000000 1.5658809689597668e-38
-57.293953 -4.933520 117.402648 -0.996195 -0.087156 0.000000 1.5658809689597668e-38
-5.491303 57.544170 119.246353 -0.087156 0.996195 0.000000 1.5658809689597668e-38
-6.116421 56.514627 120.730918 -0.113644 0.993522 0.000000 1.5658809689597668e-38
-8.169913 57.320405 120.325247 -0.140052 0.990144 0.000000 1.5658809689597668e-38
-9.696669 56.590814 119.748852 -0.166360 0.986065 0.000000 1.5658809689597668e-38
-10.835471 56.296960 119.754305 -0.192551 0.981287 0.000000 1.5658809689597668e-38
-12.408612 55.840118 119.901305 -0.218605 0.975813 0.000000 1.5658809689597668e-38
-14.026867 55.562043 119.852535 -0.244504 0.969648 0.000000 1.5658809689597668e-38
-15.077742 55.299484 119.892112 -0.270230 0.962796 0.000000 1.5658809689597668e-38
-17.059000 55.063836 119.689841 -0.295765 0.955261 0.000000 1.5658809689597668e-38
-18.334470 54.532059 119.463403 -0.321089 0.947049 0.000000 1.5658809689597668e-38
-19.367444 54.382774 119.759831 -0.346186 0.938166 0.000000 1.5658809689597668e-38
-21.671425 53.463927 119.572241 -0.371038 0.928618 0.000000 1.5658809689597668e-38
-22.339268 52.668112 120.486542 -0.395627 0.918411 0.000000 1.5658809689597668e-38
-24.393606 52.150695 120.380164 -0.419935 0.907554 0.000000 1.5658809689597668e-38
-25.623874 51.604702 120.327798 -0.443946 0.896053 0.000000 1.5658809689597668e-38
-27.056241 50.446755 119.562387 -0.467642 0.883918 0.000000 1.5658809689597668e-38
-28.057863 50.208087 120.318499 -0.491007 0.871156 0.000000 1.5658809689597668e-38
-29.638562 48.892906 119.294174 -0.514023 0.857776 0.000000 1.5658809689597668e-38
-29.998466 48.675920 120.041038 -0.536676 0.843789 0.000000 1.5658809689597668e-38
-32.055897 47.249768 119.761538 -0.558948 0.829203 0.000000 1.5658809689597668e-38
-32.874344 47.004207 119.770921 -0.580823 0.814030 0.000000 1.5658809689597668e-38
-34.999571 45.746352 119.905371 -0.602287 0.798279 0.000000 1.5658809689597668e-38
-35.226420 44.906404 119.643134 -0.623325 0.781963 0.000000 1.5658809689597668e-38
-37.042978 44.072141 119.615836 -0.643920 0.765093 0.000000 1.5658809689597668e-38
-38.062739 43.354288 120.041601 -0.664059 0.747680 0.000000 1.5658809689597668e-38
-39.553435 41.801255 119.502349 -0.683727 0.729738 0.000000 1.5658809689597668e-38
-40.457529 40.991712 119.731010 -0.702911 0.711278 0.000000 1.5658809689597668e-38
-40.909883 40.045737 119.462167 -0.721596 0.692314 0.000000 1.5658809689597668e-38
-43.068479 38.394205 120.471956 -0.739770 0.672859 0.000000 1.5658809689597668e-38
-43.284382 38.030463 120.003063 -0.757420 0.652928 0.000000 1.5658809689597668e-38
-44.598494 35.996424 120.104905 -0.774533 0.632534 0.000000 1.5658809689597668e-38
-45.546921 35.101823 120.485415 -0.791097 0.611691 0.000000 1.5658809689597668e-38
-46.446157 34.348139 119.523578 -0.807100 0.590415 0.000000 1.5658809689597668e-38
-46.489109 32.589420 120.212155 -0.822531 0.568720 0.000000 1.5658809689597668e-38
-47.889428 31.281573 120.245709 -0.837379 0.546622 0.000000 1.5658809689597668e-38
-48.707649 29.923938 119.789610 -0.851634 0.524137 0.000000 1.5658809689597668e-38
-49.740290 28.788974 120.417939 -0.865285 0.501280 0.000000 1.5658809689597668e-38
-50.292750 27.467806 120.181823 -0.878323 0.478068 0.000000 1.5658809689597668e-38
-51.831418 25.950167 120.086346 -0.890738 0.454518 0.000000 1.5658809689597668e-38
-51.560382 24.821995 120.437472 -0.902522 0.430645 0.000000 1.5658809689597668e-38
-52.275398 23.225318 119.957991 -0.913666 0.406466 0.000000 1.5658809689597668e-38
-53.016805 21.830414 120.459387 -0.924162 0.382000 0.000000 1.5658809689597668e-38
-54.037838 20.637455 120.220634 -0.934004 0.357263 0.000000 1.5658809689597668e-38
-54.327077 18.944043 119.977176 -0.943183 0.332273 0.000000 1.5658809689597668e-38
-54.478827 17.505245 119.679324 -0.951694 0.307047 0.000000 1.5658809689597668e-38
-54.827848 16.311992 120.302357 -0.959531 0.281604 0.000000 1.5658809689597668e-38
-55.356716 15.371697 120.334492 -0.966687 0.255961 0.000000 1.5658809689597668e-38
-56.173835 13.373906 119.832753 -0.973158 0.230136 0.000000 1.5658809689597668e-38
-56.425283 11.314792 119.914166 -0.978940 0.204149 0.000000 1.5658809689597668e-38
-56.418073 10.216132 119.670189 -0.984028 0.178016 0.000000 1.5658809689597668e-38
-57.290923 9.359633 120.097548 -0.988418 0.151758 0.000000 1.5658809689597668e-38
-57.293390 7.348571 120.656756 -0.992107 0.125392 0.000000 1.5658809689597668e-38
-57.031749 4.852762 120.795688 -0.995094 0.098937 0.000000 1.5658809689597668e-38
-57.903825 4.101892 119.659979 -0.997375 0.072412 0.000000 1.5658809689597668e-38
-57.661567 2.720882 119.378693 -0.998949 0.045836 0.000000 1.5658809689597668e-38
-57.516444 1.449756 119.747028 -0.999815 0.019227 0.000000 1.5658809689597668e-38
-57.915513 -0.467027 119.898498 -0.999973 -0.007395 0.000000 1.5658809689597668e-38
-57.645299 -2.312226 120.155755 -0.999421 -0.034013 0.000000 1.5658809689597668e-38
-57.215724 -3.804518 119.721824 -0.998162 -0.060606 0.000000 1.5658809689597668e-38
-57.240248 -5.300947 120.053599 -0.996195 -0.087156 0.000000 1.5658809689597668e-38
